portada,titulo,album,carpeta,archivo,rotacion,titulo_confianza,texto_ocr,url_origen
rotadas/caja-10/001_AP1GczM5d0.jpg,sti C H. E. BARNES YH.BECKER,Caja #10,caja-10,001_AP1GczM5d0.jpg,0,94.7,sti C H. E. BARNES / YH.BECKER / II / HISTORIA DEL / ENSAMIENTO SOCIAL / CORRIENTES SOCIOLOGICAS / EN LOS DIVERSOS PAISES,https://lh3.googleusercontent.com/pw/AP1GczM5d0uGn_hQiOpIdFFOadbUgQedARy_LB9KXN1TjNRpjIk_GqpbzxGfb5LldtmmJg_jn7b4E7TIO99VD0NuXGraXH8DV7lSmmn3tFgGNuC7GGmc630
rotadas/caja-10/002_AP1GczP1rN.jpg,Los arrieros del agua,Caja #10,caja-10,002_AP1GczP1rN.jpg,0,99.1,Carlos Navarrete / Los arrieros del agua / S / editorial / praxis,https://lh3.googleusercontent.com/pw/AP1GczP1rNDoBLVMVU4n36zgX6d0e3qFdsyy5_s-a6IzZWYiTftrYdF7_TFUyTjZN-R8fMdLMaqdzWmDm-pqs4IMn-ou4ZfoQfRqtw_wI91eS3DwNjBeCuU
rotadas/caja-10/003_AP1GczMcCv.jpg,Guanajuato historiografía,Caja #10,caja-10,003_AP1GczMcCv.jpg,0,98.8,Guanajuato / historiografía / José Luis Lara Valdez Coordinador / EL COLEGIO DEL BAJIO / Segu Ca época,https://lh3.googleusercontent.com/pw/AP1GczMcCvnp-LngCxH8DgHXbbOa5MKs-hIllKV63s4rkQ_-iu8luXQEfOUZWxFunx4a6VcoNmLLX2cRiT8JkYItYX21_HZeiuIRFVp0UFC-WWwgS1wZIqc
rotadas/caja-10/004_AP1GczM1X1.jpg,DIOCESIS,Caja #10,caja-10,004_AP1GczM1X1.jpg,0,88.3,LA / DIOCESIS / DE / ZAMORA / -MEMORIAS / AGUSTIN MAGAÑA MENDEZ,https://lh3.googleusercontent.com/pw/AP1GczM1X1Z8j_c_DV4hHgWgxaYXaXXai3v15PKF0oZgLTwBmXU_qDTUQK68KENCWVUCAHGoHjT0W6cFALvfiqGn44s3o7fXU9gjS1qZFCsxnIafB3pJ-84
rotadas/caja-10/005_AP1GczMPhX.jpg,del 576 Nayarit,Caja #10,caja-10,005_AP1GczMPhX.jpg,0,94.2,Los coras de la sierra / del 576 Nayarit / Barbro Dahlgren Jordan / INSTITUTO DE / INVESTIGACIONES / ANTROPOLOGICAS,https://lh3.googleusercontent.com/pw/AP1GczMPhXUsFXfPhdMxXAVe6tV9-wgy1yMtNZaUP-ek7J5HIN4dGAMOm-Y19PGipV7FKStd7dPKf2YUuf859SU43GbRguFwnBgKkMixbY8PfgsPhVmdExI
rotadas/caja-10/006_AP1GczMuQH.jpg,María Cristina Álvarez,Caja #10,caja-10,006_AP1GczMuQH.jpg,0,96.3,María Cristina Álvarez / TEXTOS COLONIALES / DEL LIBRO DE CHILAM / BALAM DE CHUMAYEL / Y / TEXTOS GLÍFICOS / DEL CÓDICE DE DRESDE / SE / CENTRO DE ESTUDIOS MAYAS / CUADERNO 10,https://lh3.googleusercontent.com/pw/AP1GczMuQH1Qs_iQkui_XEEA0uYQgx6O_Sy0_0aPle3nHFVFgVXfZ8Y45KUOC5aCOGHBOSU3Ij4tQYKJh4TlBh-oM09zINZRSCYmqOiUHuW_GAfJsUf9UnY
rotadas/caja-10/007_AP1GczPG2y.jpg,arqueológica Mezcala,Caja #10,caja-10,007_AP1GczPG2y.jpg,0,98.9,La cultura / arqueológica Mezcala / Rosa María Reyna Robles / COLECCIÓN CIENTÍFICA / INSTITUTO NACIONAL DE ANTROPOLOGÍA E HISTORIA,https://lh3.googleusercontent.com/pw/AP1GczPG2yfKQHUofd8-uL2ysOQddmkGGJw43sDJ-S-2VcfIw4SWO0-nEIQz68o9a8CEPu3x8fHRI04zDC5va2Z8BIz6nzX1rEK_3ndJu4hrdkWvIccp8-g
rotadas/caja-10/008_AP1GczM4uq.jpg,UN ESTUDIO DEL SIGNIFICADO,Caja #10,caja-10,008_AP1GczM4uq.jpg,0,95.7,UN ESTUDIO / DEL SIGNIFICADO / Presupuestos principios y desarrollo / Josefina García Fajardo / COLECCION CIENTIFICA,https://lh3.googleusercontent.com/pw/AP1GczM4uqMHavDLzn-ZrHLy2pl5uSsoSbQmf94bqWPPPqw0aXPZ5huq9_IxW1Oqk7q8iNO64qVTiVh0FRvm21CctmkZwf0RWhzKWj64OtDnPodCzjhXnPg
rotadas/caja-10/009_AP1GczNZG3.jpg,EL MUNDO COMO REPRESENTACION,Caja #10,caja-10,009_AP1GczNZG3.jpg,0,91.5,Historia / Roger Chartier / EL MUNDO COMO / REPRESENTACION / Historia cultural entre / práctica y representación / gedisa editorial,https://lh3.googleusercontent.com/pw/AP1GczNZG34UEW3UqJMzfxz7Zm2VN4SE6P7WLH99SDJJU_fqFyaJCsOZ327hQ1LQsIkxLSVSwGqvZ4UdTkO0L_xoZEskkDX5kkqze9rKvlQuz-lGKyA9zZA
rotadas/caja-10/010_AP1GczPzkL.jpg,Revista de Literaturas Populares,Caja #10,caja-10,010_AP1GczPzkL.jpg,0,98.6,AÑO XII NÚMERO 2 JULIO DICIEMBRE DE 2012 ISSN 1665-6431 / Revista de Literaturas / Populares / FACULTAD DE FILOSOFÍA Y LETRAS / UNIVERSIDAD NACIONAL AUTÓNOMA DE MÉXICO,https://lh3.googleusercontent.com/pw/AP1GczPzkLPtzuDRHex7qSm1BX0W1wwjkiu5hzIfavA0iBKtNEXJye8XAgYUSQYqRjbuvjU3trRcFZESbfornT9E38GuAg08sS0PtCrVDgrgc0YHAlRwvPo
rotadas/caja-10/011_AP1GczMlnZ.jpg,Vladimir Mayakovski,Caja #10,caja-10,011_AP1GczMlnZ.jpg,0,96.5,Vladimir Mayakovski / VLADIMIR ILICH LENIN / 4031 / EDITORIAL PROGRESO MOSCU,https://lh3.googleusercontent.com/pw/AP1GczMlnZ8sJe0zhW1x2rcPtWuRl3eam5rfAkXt4YLPqSBWECJI7yCnASfmCpqUk4MW2CEp6z9a5Tzl1T45TkTP3XHHr5LYjKME7KzVgwQL_66OAJfzZX8
rotadas/caja-10/012_AP1GczOpHr.jpg,ANIBAL PONCE,Caja #10,caja-10,012_AP1GczOpHr.jpg,0,99.0,ANIBAL PONCE / EDUCACION / Y LUCHA / DE CLASES / EDITORIAL CARTAGO,https://lh3.googleusercontent.com/pw/AP1GczOpHrfNV1MmtefEXIMzqCZPEdxNlfLl8Ib7AtEwdoIEA2HK3BVVn5Lu_OZzqdze4p_8wvrsvSbtOQ6OagXtijXDAhte-iY3-wo_xgXV_c1RAyxOGIs
rotadas/caja-10/013_AP1GczO7iG.jpg,LA BURGUESIA LA OLIGARQUIA Y EL ESTADO,Caja #10,caja-10,013_AP1GczO7iG.jpg,0,97.5,"LOS GRANDES PROBLEMAS NACIONALES / Jorge Carrión Alonso Aguilar M. / LA BURGUESIA / LA OLIGARQUIA Y EL ESTADO / AUTOMOTRIZ / Frenomex 9 n d 71.1 / Mexicana de Autobuses 6 89.1 105.6 18.5 / Spicer 6 172.6 174.8 1.3 / Trans y Equipos / Mecánicos 6 151.1 171.3 13.4 / Vehiculos Automotores 6 325.9 346.5 6.3 / CEMENTO Y MATERIALES PARA / LA CONSTRUCCION / Fca Cementos Cementos Cementos Asbestos Cementos de Ladrillos de Tolteca del Atoyac Apasco México Norte Refr 6 6 6 6 6 233.2 76.2 62.0 15.1 5,4 266.9 73.6 63.9 11.2 15.9 107.4 14.5 16.1 18.7 5.3 / Nacional Ladrillera Harbison de Monterrey Walker Cobre Flir 9 6 6 239.6 87.9 32.9 276.4 45.4 50.1 43.0 38.0 15.4 / Productos Mexalit 6 46.8 57.7 23.3 / METALES / Altos Aceros Hornos Ecatepec 6 98.3 126.7 28.9 / Aluminio Ferroaleaciones de Méx 6 6 1,121.7 142.2 1,333.7 148.2 18.9 4.2 / de Méx 6 31.7 32.5 2.5 / Fundidora Fundidora de de Aceros Monterrey 6 656.3 688.4 4.9 / Tubería Tubos Tubacero Reynolds Tepeyac de Nacional Acero Aluminio 6 12 6 9 102.4 52.6 98.9 11.6 106.1 86.1 61.8 11.5 17.5 12.9 3,6 0.9 / de México 6 351.6 388.4 10.5 / ELECTRICA Y ELECTRONICA / Esmaltados 6 111.2 161.7 45.4 / 2a.ctric 6 333.1 8.0 362.3 14.2 77.5 8.8 / 266.3 322.1 / EDICION 21.0 / Real meda 6 6 53.1 20.7 21.5 56.5 6.4 3.9 / N / T. EDITORIAL NUESTRO TIEMPO",https://lh3.googleusercontent.com/pw/AP1GczO7iG5gHiQQohfYltxjMq0mEJt6DJDQ4qV3S2K0f-oWPD8jAb55ihT5ubdLA7KAniv6Sp5u_YMtuU6_9fWxGrkoqgGluR6ZakzBcs5ThgJlUFdae1I
rotadas/caja-10/014_AP1GczO10W.jpg,NTENARIO CARDENAS,Caja #10,caja-10,014_AP1GczO10W.jpg,0,88.3,LAZARO CARDENAS / Y SU PROYECTO CULTURAL / EN MICHOACAN / Ma Teresa Cortés Zavala / NTENARIO / CARDENAS / LAZARO 66 / 7895 / UNIVERSIDAD MICHOACANA DE SAN NICOLAS DE HIDALGO,https://lh3.googleusercontent.com/pw/AP1GczO10WYizINwaab4YXb15SlCqZUUVeLiTyPfUYELRE7XnvpnOmuPXfeqvcXMjsb4C9PC-wfSRhT5XLJZhOyOPOfPhIJrDuBr48uUkF2UNbz1fO06gMA
rotadas/caja-10/015_AP1GczP022.jpg,Estudios michoacanos I,Caja #10,caja-10,015_AP1GczP022.jpg,0,98.4,Estudios / michoacanos I / 8 / EL COLEGIO DE MICHOACAN / GOBIERNO DEL ESTADO DE MICHOACAN,https://lh3.googleusercontent.com/pw/AP1GczP022RlRPfre5KDpt5pPYpAA5ey8JT1nJe_riiU2j945j9Lb4Bwl8nP9fQJ06362SI_5sc83rdWU0jIxyDsfXWWNnKP5Py9I7KaHEE1txn8N-ij-sM
rotadas/caja-10/016_AP1GczNqsF.jpg,Estudios michoacanos II,Caja #10,caja-10,016_AP1GczNqsF.jpg,0,97.8,Estudios / michoacanos II / 3 3 / 3 / EL COLEGIO DE MICHOACAN / GOBIERNO DEL ESTADO DE MICHOACAN,https://lh3.googleusercontent.com/pw/AP1GczNqsFiefJFrvqwDdSifHhi0lSWHO_wk4fkidW_4tguanktrxGBJYDcR9c2dx-yBkcyWnx92aXvKAy1fjidOjpSBSe19m48vQn_eksVpdXIzz9Z8nJc
rotadas/caja-10/017_AP1GczPWsd.jpg,LA RELACION DE MICHOACAN,Caja #10,caja-10,017_AP1GczPWsd.jpg,0,97.5,FRAY JERONIMO DE ALCALA / .1 / LA RELACION / DE MICHOACAN,https://lh3.googleusercontent.com/pw/AP1GczPWsdaAHi7nRB73aqQAcufw7-8tjBP6Sox-bGXtBXWK7NXxBoVJswTIfm_OeAEahUwcnLvZxn3AVIRvMHfqRw6NcOekM4T0GflQfvJgPr6lzHweSZI
rotadas/caja-10/018_AP1GczO30K.jpg,LA CONQUISTA DE MICHOACAN,Caja #10,caja-10,018_AP1GczO30K.jpg,0,99.0,J. BENEDICT WARREN / LA CONQUISTA / DE MICHOACAN / 1521-1530,https://lh3.googleusercontent.com/pw/AP1GczO30K6MXBzK37Q93wQYJreAJIFgoG9CqQL8jqVbk8XgvU1UavzjYyvMYg0iazvHfjJXJ3h2t4uteT3iYtvqlFz47681D0S73_xJgyp1dZyQOwUjXX8
rotadas/caja-10/019_AP1GczPqjz.jpg,arte diraith Miguel Núñez,Caja #10,caja-10,019_AP1GczPqjz.jpg,0,71.0,La enseñanza de la Física y las Matemáticas / en la Escuela Nacional Preparatoria los primeros años 1868-1896 / arte diraith Miguel Núñez / Premio Dr. Enrique Beltrán de Historia de la Ciencia en México 2002 / de Historia a de la Ciencia y / Sociedad Mexicana Fundada en 1964 A.C. la Tecnología,https://lh3.googleusercontent.com/pw/AP1GczPqjzYUf4WfdaAAnihJz_UqAOAyUxGkyGo0Whigy0sThWf1STnyz20dkfyslzrQcd-wcwrxs5eoxNuN3LgwLitzIPHn1IwKxlP6jRmMY8_CeGpGEgg
rotadas/caja-10/020_AP1GczNVLN.jpg,Milan Kundera LA INSOPORTABLE LEVEDAD DEL SER,Caja #10,caja-10,020_AP1GczNVLN.jpg,0,98.2,Milan Kundera / LA INSOPORTABLE / LEVEDAD DEL SER / colección andanzas / TUSQUETS / EDITORES,https://lh3.googleusercontent.com/pw/AP1GczNVLNWgCPcPdXDoTO-X89wUpqxVgGg9QvLwQO9yFuWIUAiEYtIucZv7faPi8-t2sC3qQf082eCL2MszCDJ35EDEfdfM9kUuRbrJTe9aOODtq7c-ja4
rotadas/caja-10/021_AP1GczNz2j.jpg,ANTROPOLOGIA DELA POBREZA,Caja #10,caja-10,021_AP1GczNz2j.jpg,0,97.5,ANTROPOLOGIA / DELA POBREZA / cinco familias / por Oscar Lewis / Fe,https://lh3.googleusercontent.com/pw/AP1GczNz2jrjBQDPaYFQCSwbUvD2_wP2ziqvQp9WhNixdS6fzwz9g24No0F0mxkdFxTq0rJYvq8fuPxzKnotYug7oxoUhwgsAggiUW_MFQ7CKaQL1y6Hvv4
rotadas/caja-10/022_AP1GczNDJB.jpg,TEORÍA MARXISTA DE LAS SOCIEDADES PRECAPITALISTAS Maurice Godelier,Caja #10,caja-10,022_AP1GczNDJB.jpg,0,95.8,TEORÍA MARXISTA / DE LAS SOCIEDADES / PRECAPITALISTAS / Maurice Godelier / ri tar / LAIA B,https://lh3.googleusercontent.com/pw/AP1GczNDJB62OUWJl_3kGpCptZ3IB7kA_7l_97Dnmto5e0MJbZ3JII8mzYEMA63y3ouCazc1lEiB-r7usdFXKLOJFxrIUDMgt81toWBTyIkuLSyaoXl9wIo
rotadas/caja-10/023_AP1GczPBJl.jpg,F. V. KONSTANTINOV 128 B. KEDROV I. KON,Caja #10,caja-10,023_AP1GczPBJl.jpg,0,94.4,F. V. KONSTANTINOV / 128 B. KEDROV / I. KON / introducción / al materialismo / histórico / JUAN GRUALBO / JG / EDITOR / colección 70,https://lh3.googleusercontent.com/pw/AP1GczPBJlfiHyt-AR5SCH0Ln2JmWcohRnDCCmY6p7KAsSD9WY4szJLxOMDBjxga2BVxmWKoxEJmt5_RVWNbWId_MRg3i2F4nMkNiCQL5LQfxXtm5kw_91A
rotadas/caja-10/024_AP1GczP-mW.jpg,Pietro Scarduelli DIOSES ESPÍRITUS ANCESTROS Elementos para la comprensión,Caja #10,caja-10,024_AP1GczP-mW.jpg,0,97.8,Pietro Scarduelli / DIOSES ESPÍRITUS / ANCESTROS / Elementos para la comprensión / de sistemas rituales,https://lh3.googleusercontent.com/pw/AP1GczP-mW3StR0EDNxl8UNHd1pkUhTp8SYtiHWGMQUcafs4U-ktoQE9o6hgeaEqzOuqRfhryJyMU6uyoHVckGWrlaqL9tXYtCMdOUhyXjk3GHYwJPXGsgc
rotadas/caja-10/025_AP1GczMxhw.jpg,Relatos ocultos en la niebla y el tiempo,Caja #10,caja-10,025_AP1GczMxhw.jpg,0,98.5,ESTUDIOS / GRÁFICO / Relatos ocultos / en la niebla y el tiempo / Selección de mitos y estudios / Blas Román Castellón Huerta / Coordinador / ETNOGRAFÍA DE LOS PUEBLOS / INDIGENAS DE MÉXICO / INSTITUTO NACIONAL DE ANTROPOLOGÍA E HISTORIA,https://lh3.googleusercontent.com/pw/AP1GczMxhwF9yEx4ozOiPAQYtPrIplSn777OGkZPSEokINuhBJAKe8A8R__38dSIKYt8Y4c7gqSaFuZb6jve8OdZqKrc07pVZWAIYKQGIgN5rcNB3bf9me4
rotadas/caja-10/026_AP1GczMTyX.jpg,Historia de los Antiguos Habitantes de Michoacán,Caja #10,caja-10,026_AP1GczMTyX.jpg,0,98.3,Historia / de los Antiguos / Habitantes de / Michoacán / DESDE SU ORIGEN HASTA LA CONQUISTA ESPAÑOLA / JOSE CORONA NUÑEZ / OVLNCTION EL DESTINO / BALSAL EDITORES S.A. DE C.V.,https://lh3.googleusercontent.com/pw/AP1GczMTyXBxLnXOZxjs_Vroj6U6UlHjJWgxNaHeEqdkD57LEZibW4byIuL4fqHnMXZq0VdPrKixATt9r8X7BDEC8BGtET1AQ21DcfpyJDEmeggDrgUE0U4
rotadas/caja-10/027_AP1GczPxVu.jpg,TZINTZUNTZAN,Caja #10,caja-10,027_AP1GczPxVu.jpg,0,98.0,TZINTZUNTZAN / GEORGE M. FOSTER / FONDO DE CULTURA ECONÓMICA,https://lh3.googleusercontent.com/pw/AP1GczPxVuZqg3BYPDShuKhpAYv5E0Nb_qcrBmuYQzL52OEJPmi3F8Hcn5R3c2TnrqwM3uIcqYdu40c3x9gwl2iIThE4qIsy-HNgYCEwZ0r_i7TLtIbmM84
rotadas/caja-10/028_AP1GczOKZd.jpg,VOCES DEL PASADO,Caja #10,caja-10,028_AP1GczOKZd.jpg,0,90.7,JOSE CORONA NUÑEZ / VOCES DEL / PASADO / Los / fon / BIBLIOTECA DE NICOLAITAS NOTABLES / 54 / Volumen preparado por el centro de Estudios sobre la / Cultura Nicolaita Editado por la Universidad / Michoacana de San Nicolás de Hidalgo / Morelia Mich México 1995,https://lh3.googleusercontent.com/pw/AP1GczOKZd0xy5UJ6_T9reX6_dyTHUWx46pXBf7nOF7UmiW05UF56KXrbc66ulptbF1vuYoL1FjB-Cixq0530I1sPEcI9wB9i5ddCqrICjGKmZTOoZMSuF0
rotadas/caja-10/029_AP1GczPFqT.jpg,de Michoacán,Caja #10,caja-10,029_AP1GczPFqT.jpg,0,97.2,Andy indo Vay calm yer desudios Deen dies onnmberi onnmberi yaaa y haga saca fico esas Sm / dea Quellos fauboe Meanan raydo delas entradas Yfacram's / os de nelies head canbad cenabos yrasabase conto das agat / La relación Dando il tempolem / used bt / de Michoacán / sa queros quetubo cita gente ySuchos an / dray Jerónimo de Alcalá vucia / Francisco Miranda / Versión paleografica separación de textos ordenación / coloquial estudio preliminar y notas / See,https://lh3.googleusercontent.com/pw/AP1GczPFqTNn2NyyheZS9DQVteFFvQVzJnx0ZfvTMNhQJKLuTuWrAIiIvVAPbcTJlQ1rv2-Db74sVcPslPGuEaLGW0yGM-5EdguDUM3QZUxWCRFQENqqq_Q
rotadas/caja-10/030_AP1GczN3ZU.jpg,Juan de la Cabudi,Caja #10,caja-10,030_AP1GczN3ZU.jpg,0,64.5,cuentos / y sucedidos 5 / Juan de la Cabudi / CORTO / CIRCUITO,https://lh3.googleusercontent.com/pw/AP1GczN3ZUNzKsTQOA-8OvSXQTqwatu3pPkYF1PmQVY_VlnP16_418r_aMd5rlHyOfu9D9Eg_R-h1Mnz3M-zMcCjG-KU5b6FSvdsJaqPA5ARJTDQBTdzyP4
rotadas/caja-10/031_AP1GczP7QD.jpg,M.A.K.HALLIDAY EL LENGUAJE COMO SEMIOTICA SOCIAL,Caja #10,caja-10,031_AP1GczP7QD.jpg,0,97.8,M.A.K.HALLIDAY / EL LENGUAJE / COMO SEMIOTICA / SOCIAL / LA INTERPRETACION SOCIAL / DEL LENGUAJE Y DEL SIGNIFICADO,https://lh3.googleusercontent.com/pw/AP1GczP7QDpyso6ajRsrE9mqiex5h2E29zZtKbn_9wP-ljsBQrLjNBP9FXmcG1Rwp6TNzlpg-B98e9j7Sqk-912HTym1EN8Lqff3dC5QpFFkpZkhtZT2CNU
rotadas/caja-10/032_AP1GczNJWt.jpg,Los Desastres en México,Caja #10,caja-10,032_AP1GczNJWt.jpg,0,98.0,Los Desastres en México / UNA PERSPECTIVA MULTIDISCIPLINARIA / Mario Garza Salinas / Daniel Rodríguez Velázquez / Coordinadores / AL / LA VERDAD NOS HARA LIBRES UNIVERSIDAD / UNIVERSIDAD AUTONOMA / UNIVERSIDAD AUTONOMA DE NACIONAL MEXICO IBEROAMERICANA METROPOLITANA / SANTA FE CIUDAD DE MEXICO XOCHIMILCO,https://lh3.googleusercontent.com/pw/AP1GczNJWti6ZFEQOFqpbtO7rafCCUyKXGiisE-PFHm-jAYlePBiOFUr0oN-_aMYmXkg-I3qOcEkuHNylCXYDMYx1SudR1hKox_6oNtVKXdAaeYWBEvkc-I
rotadas/caja-11/001_AP1GczN1EV.jpg,La complejidad de la antropología física,Caja #11,caja-11,001_AP1GczN1EV.jpg,0,97.5,La complejidad / de la antropología física / Tomo II / Anabella Barragán Solís / Lauro González Quintero / Coordinadores / 13 / D / INVESTIGACIÓN PROA,https://lh3.googleusercontent.com/pw/AP1GczN1EVpildAJAsWXYi0LVcf3NjugGs_K8uXyD8M6T0HjKESwXfVd43_-xoIBAIW7itxWccKw3WigPaYdL2MON-RFn6aNT_jEjUz9NLEfCjWn8AZLnQc
rotadas/caja-11/002_AP1GczMeQz.jpg,mesoamerican archaeology,Caja #11,caja-11,002_AP1GczMeQz.jpg,0,99.0,BLACKWELL STUDIES IN GLOBAL ARCHAEOLOGY / mesoamerican / archaeology / Edited by / Julia A. Hendon and Rosemary A. Joyce / Blackwell / Publishing,https://lh3.googleusercontent.com/pw/AP1GczMeQz1l1WQEnOr8_PbwQJ-ZNmkW-mkt_-6fsK8xAUjNwQU4AxUyIFPzLdiJugdHOWqk1GDyL-SMX1eDnnTwQ24kraPuvHqtULKLi8kdP8wHvwls1o0
rotadas/caja-11/003_AP1GczM_AJ.jpg,SABOR A TI Metodología cualitativa en investigación social,Caja #11,caja-11,003_AP1GczM_AJ.jpg,0,98.8,SABOR A TI / Metodología cualitativa / en investigación social / Luis Jesús Galindo Cáceres / Biblioteca / Universidad Veracruzana,https://lh3.googleusercontent.com/pw/AP1GczM_AJsRoM0ww1-gD-FHOuZ_6HGy9KBHHwHezUtvaXLj_31XWaYbDOb6wHuHIxDK6Yhgj5jIL6bCKOEsPAuPa49SeBEmQKNlQG5V6woSsWiF7N7up8M
rotadas/caja-11/004_AP1GczPy3K.jpg,J18,Caja #11,caja-11,004_AP1GczPy3K.jpg,0,83.1,MITO / Y REALIDAD / Mircea Eliade / J18,https://lh3.googleusercontent.com/pw/AP1GczPy3KJJy0fvf-d1gMVhIOqS7Fpg7uKAq9Iim-QFBZLzyTDHSZfNZ-imFRrgYoe6Jno7eR6oxKDDfXruzl4vlS_T1HG4fNUY7F_IlgtnvaGVMH9Lj0g
rotadas/caja-11/005_AP1GczND1g.jpg,EL HURACAN,Caja #11,caja-11,005_AP1GczND1g.jpg,0,94.1,FERNANDO ORTIZ / EL HURACAN / Su mitología y sus símbolos / Se,https://lh3.googleusercontent.com/pw/AP1GczND1gXIbYr_UZ8zxe1ueHhZOGYW8KulpbTkXcTzoKLuWRH7XE0yh0qmE4HPmOYex-iaIWkZYbdKCPkydxzoJB_LTFHBgXgXzVSBAXzHaIgcK5MCyHc
rotadas/caja-11/006_AP1GczOLxY.jpg,La investigación cientifica,Caja #11,caja-11,006_AP1GczOLxY.jpg,0,97.9,MARIO BUNGE / La investigación / cientifica / Segunda edición corregida / Ariel / methodos,https://lh3.googleusercontent.com/pw/AP1GczOLxY6LoJHnB8YJ8FGPlJ2iQeOPMVFvZ4YFEBBOEkRxb1FnY9t3BWsqp5NVUSBVVTBLMzNguVrsEg85CUGml0PKqBFNQYY36Lhkwxcmp0QvZCpWRLg
rotadas/caja-11/007_AP1GczPHgo.jpg,divinización,Caja #11,caja-11,007_AP1GczPHgo.jpg,0,96.0,Hegel / o la / divinización / del / Estado / Jorge Juanes / Joan Boldó i Climent Editores,https://lh3.googleusercontent.com/pw/AP1GczPHgoT3Mid4gnZzfCjtAGNsEbo5Hdo8-CHze3UdT2Fglt24JZ-QftZJVH6ZErH-XXJPFptVmbP-JiPN1sPARYMjkAThtzqEVGZjBxNqPYwUjvP3Quc
rotadas/caja-11/008_AP1GczNNI7.jpg,Jürgen Habermas,Caja #11,caja-11,008_AP1GczNNI7.jpg,0,95.4,Jürgen Habermas / La reconstrucción / del materialismo / histórico / Taurus Humanidades,https://lh3.googleusercontent.com/pw/AP1GczNNI77HPwfVdhh77CuFKE9xOwAgeZnSUy6s2c0fvxT3PEYMK2N-MhO6NzseiRGJtmMUfejzl4xhxv4Dygnd1DntxF2ZuN9_IYaucatHk7CU6Rwkku0
rotadas/caja-11/009_AP1GczM7Fw.jpg,SISTE DE GRECIA,Caja #11,caja-11,009_AP1GczM7Fw.jpg,0,90.0,EMILY VERMEULE / 51 / 4 / LA MUERTE / EN LA POESIA Y EN EL ARTE / SISTE DE GRECIA / 333 / 33 / AAAAAAAAAAAAAA / F Stu,https://lh3.googleusercontent.com/pw/AP1GczM7FwjwKA47hBoqRaTFtaA7UAeMp29_0NGIQUp4FPu5M_Hlkoz0GG9QA95FuH3DIXKTJU-1maOxb9ZWGDazer-Nk2lLxc5puHoG61hTzjvCUYL3FpU
rotadas/caja-11/010_AP1GczMGsJ.jpg,Antropología 7,Caja #11,caja-11,010_AP1GczMGsJ.jpg,0,88.4,Antropología 7 / del / Ritual / Victor Turner / Ingrid Geist,https://lh3.googleusercontent.com/pw/AP1GczMGsJU3Dx5V8Zsl8B4uPRhX_SOyNnQMU-srznpsmHRhoKTn2yElD5jqgg72pV1kls3yqoAQwu7Re2WMj4AUo9vIPoLm3EOBXkTBInSNm8fV8bZtyrU
rotadas/caja-11/011_AP1GczNGFO.jpg,ANTROPOLOGÍAS HISTORIAS LENGUAJES SOCIOLOGÍAS,Caja #11,caja-11,011_AP1GczNGFO.jpg,0,97.4,ANTROPOLOGÍAS HISTORIAS LENGUAJES SOCIOLOGÍAS / O / If y / B / Danièle Dehouve / EL IMAGINARIO DE LOS NÚMEROS / ENTRE LOS ANTIGUOS MEXICANOS / PUBLICACIONES DE LA CASA CHATA,https://lh3.googleusercontent.com/pw/AP1GczNGFOTGjHlL07SHaejlPGaaAbJQyFc61GzuUcHyRCHGpaevLBvQvkW_tDrQ9PdctNEFEse9WghhUbsZroRAdKoS6a-VCDV78zO9y8n_qEbOfnmToTo
rotadas/caja-11/012_AP1GczNFTC.jpg,ntropología,Caja #11,caja-11,012_AP1GczNFTC.jpg,0,95.3,ntropología / e historia / en el siglo de las luces / michèle / duchet / X / siglo / veintiuno / editores / sa,https://lh3.googleusercontent.com/pw/AP1GczNFTCF-R9SnByOgmZkyEVjoqyMwFdPjSAOw1TMgZuSaL2-w3vnSPqD7ws6atMTL1yzoHgF0y5CYj9Iaif5rXR2DC9DJ-Ycr7ZYiJUUWhcndMks959g
rotadas/caja-11/013_AP1GczNUgN.jpg,fe Elisée Reclus EL HOMBRE Y LA TIERRA,Caja #11,caja-11,013_AP1GczNUgN.jpg,0,95.6,fe Elisée Reclus / EL HOMBRE Y LA TIERRA,https://lh3.googleusercontent.com/pw/AP1GczNUgNYwQBx67F2HfYxDENFFC5c6u4mvJ4NILkmo7GKfdalVo1MEVz-WrYnodN3P7yf1XXC1LB3_CCgQM3w59Ljeo-zYn22I5fpdk2GInvyFwrO1GcE
rotadas/caja-11/014_AP1GczOu5t.jpg,1complejidad de la antropología física,Caja #11,caja-11,014_AP1GczOu5t.jpg,0,94.8,1complejidad / de la antropología física / Tomo I / ANABELLA BARRAGÁN SOLÍS Y LAURO GONZÁLEZ QUINTERO / Coordinadores / INVESTIGACIÓN PROA,https://lh3.googleusercontent.com/pw/AP1GczOu5t1-GB7qVmXqxjAr4jepnL81qcQVVFcCIMrD8dr6ydHsH6urjrUreSwq1HfRnGgSEiUbUADNbKr0r9We_Mj_6hLVybvnc99ynzGq973CcfjOlhU
rotadas/caja-11/015_AP1GczPFBt.jpg,Irving Louis Horowitz FUNDAMENTOS DE SOCIOLOGIA POLITICA,Caja #11,caja-11,015_AP1GczPFBt.jpg,0,98.2,Irving Louis Horowitz / FUNDAMENTOS DE / SOCIOLOGIA POLITICA / FONDO DE CULTURA ECONOMICA / H / A,https://lh3.googleusercontent.com/pw/AP1GczPFBtxWFzKSKuerMjAUOubpWaiJS6_5dd3YqlHLV-KHgy9WUxr9moYiheAVKyJdwp7522z535zqhIrVSmhoEiNQuo6kbE_m6zVxfLH9DgHbebI64-0
rotadas/caja-11/016_AP1GczNWfX.jpg,Revista de Literaturas Populares,Caja #11,caja-11,016_AP1GczNWfX.jpg,0,98.5,AÑO XVI NÚMEROS 1 y 2 ENERO DICIEMBRE DE 2016 ISSN 1665-6431 / Revista de Literaturas / Populares / WAD / FACULTAD ESCUELA NACIONAL DE FILOSOFÍA DE ESTUDIOS Y LETRAS SUPERIORES UNIDAD MORELIA / UNIVERSIDAD NACIONAL AUTÓNOMA DE MÉXICO,https://lh3.googleusercontent.com/pw/AP1GczNWfXVBrBcpb-X6uA7DR79hUlbpPyF33uevhR4PbpUtRCobfmulkdYl7TX5KCS-vmSb4tt7KMdrvVRdSn6sZx3C_Xy0W8_RRmr3G2AS9xX3xWbQfHo
rotadas/caja-11/017_AP1GczOoHi.jpg,EL MEXICO DESCONOCIDO,Caja #11,caja-11,017_AP1GczOoHi.jpg,0,97.8,EL MEXICO / DESCONOCIDO / Carl Lumholtz / INSTITUTO NACIONAL INDIGENISTA,https://lh3.googleusercontent.com/pw/AP1GczOoHi6syK_hX2rkHCAxWOPmQBDxNNa-V4tlIkkkyCfzwtzm9XXGOk5gXbJcnSF5WKTzi9bxofYQ9MAV5wOSfNwUTZSt9vqOv6d_5viZn0aebiZBd5s
rotadas/caja-11/018_AP1GczO7w-.jpg,Hijos naturales,Caja #11,caja-11,018_AP1GczO7w-.jpg,0,91.7,Hijos naturales / y otros cuentos ilegítimos / Tarsicio / García / Oliva,https://lh3.googleusercontent.com/pw/AP1GczO7w-en0KwvOidJmhDH-lGItAPrUK8BcCMw2KeE4Av6P4a3gJ7kdiZ52KrnmJL-xNOYMTHfcmG3rS11XBLEdkERpvlZpXnWAUPX-JALVxsDCz-XuBY
rotadas/caja-11/019_AP1GczO1ZL.jpg,GONZALO AGUIRRE BELTRÁN,Caja #11,caja-11,019_AP1GczO1ZL.jpg,0,96.0,GONZALO / AGUIRRE BELTRÁN / OBRA / TROPOLOGICA / ZONGOLICA / ENCUENTRO DE DIOSES / Y SANTOS PATRONOS,https://lh3.googleusercontent.com/pw/AP1GczO1ZL30l9Iv0ixudGq4dcAgjRhRwWnieVHuEN2LnGfAT4YtCgjz4XLoftOx7cCwECxbkMw7ktZ8c2botkPDEHFpl_daSNZEnlmS0yQtqaII30vTrxQ
rotadas/caja-11/020_AP1GczNZX9.jpg,ANTOLOGIA,Caja #11,caja-11,020_AP1GczNZX9.jpg,0,98.9,LECTURAS 5 / UNIVERSITARIAS / ANTOLOGIA / TEXTOS DE LENGUA Y LITERATURA / e / 0 / UNIVERSIDAD NACIONAL AUTONOMA DE MEXICO,https://lh3.googleusercontent.com/pw/AP1GczNZX91TwB7Olb2J5jtOM784VvrEl-HSeUx74_rsQqwnxY0cp3o21P3S3P5_Z3m3BNRW6tPWmSXcMfqZY-dBytsvLXmcgB8dW7cTM15FZHMLczD9HHs
rotadas/caja-11/021_AP1GczMV3q.jpg,SALVADOR GUTIERREZ CONTRERAS,Caja #11,caja-11,021_AP1GczMV3q.jpg,0,99.0,SALVADOR GUTIERREZ CONTRERAS / MIEMBRO DE LA SOCIEDAD MEXICANA DE GEOGRAFIA Y ESTADISTICA / Los Derechos de / Jurisdicción / Territorial del Estado / de Nayarit sobre / Las Islas Marías / Tepic Nayarit / 1996,https://lh3.googleusercontent.com/pw/AP1GczMV3qjz9L0j6oXDMVvYJjS3C3bcLDoML5iz2mS6RUm4dracV7lq4_cJ0EoZq5smCFiSz__FD0hTIvqsxXUsCr-BaQCNW9ttnsdCE19J-a_A46lsG2w
rotadas/caja-11/022_AP1GczPT_d.jpg,MEMORIAL DE SOLOLA,Caja #11,caja-11,022_AP1GczPT_d.jpg,0,95.3,MEMORIAL / DE SOLOLA / MEMORIAL DE / TECPAN ATITLAN / Anales de los Cakchiqueles / Título de los señores / de Totonicapán / Edición de Adrián Recinos / Biblioteca Americana,https://lh3.googleusercontent.com/pw/AP1GczPT_d7ha-3IWrGciABTL7t7dn7nSa0PlzGulc1gWMZDzOZotZ9R_siXZMueUCGoWbfeUgfUwhFvVIhxyx4zNS-2uDEDRa_yethrhC5aXKbLAz_ipBM
rotadas/caja-11/023_AP1GczMK3t.jpg,MUSEO NACIONAL DEPARTAMENTO DE ARQUEOLOGIA,Caja #11,caja-11,023_AP1GczMK3t.jpg,0,97.1,MUSEO NACIONAL / DEPARTAMENTO DE ARQUEOLOGIA / CATALOGO / DE LA / COLECCION DE OBJETOS DE JADE / POR EL PROFESOR JEFE DEL / DEPARTAMENTO / Lic Ramón Mena / MEXICO / TALLERES GRAFICOS DEL MUSKO NACIONAL DE ARQUEOLOGIA HISTORIA Y KTNOGRAFIA / 1927,https://lh3.googleusercontent.com/pw/AP1GczMK3tJpniqBJZhjssHzeTQqoUYJNLAVhlOS9xJ8OLIeukC_rzQ4g87VbxS9BKPZLbVFxCA59NbqcXazd8r_GJONFnz1AWVMBS85abRjtEA9wjYrios
rotadas/caja-11/024_AP1GczPeXZ.jpg,Del nomadismo a los centros ceremoniales,Caja #11,caja-11,024_AP1GczPeXZ.jpg,0,98.7,Del nomadismo / a los centros / ceremoniales / México / panorama histórico y cultural,https://lh3.googleusercontent.com/pw/AP1GczPeXZk_rlmfn3Q4ODfJXtjfdL4uTksaYhIadttp05zLRgbcKOoVLvFMtYIeZlNs9Hg1cNmbX4HQpw_oGK1p9SBTiaoYaKC514mPC4LJov6RQPjK3Co
rotadas/caja-11/025_AP1GczNVcA.jpg,Symbols,Caja #11,caja-11,025_AP1GczNVcA.jpg,0,98.2,Symbols / Public and Private lea / Raymond Firth / Series Editor VICTOR TURNER / Symbol / Myth / and Ritual,https://lh3.googleusercontent.com/pw/AP1GczNVcAIzBxE8sWCMjdUWSccdfBEv3Pfgqc7mYdSTl-gwRKkHOGfFjSPHHSt8pJlUhY-rRGjal3B2rM5oRUhNvESQFz6Y-zT3Pd_ZyCQDzcfOmzQb7VY
rotadas/caja-11/026_AP1GczMkif.jpg,ARTE E ICONOGRAFÍA,Caja #11,caja-11,026_AP1GczMkif.jpg,0,95.6,6TA SEMANA DE ARQUEOLOGÍA EN LEÓN / ARTE E ICONOGRAFÍA / C / CCC CL.MICHETTI / 2018 / Coordinador / ARQLGO LUIS HUMBERTO CARLÍN VARGAS / EDITORIAL / UM MONTEA / COLECCIÓN ARQUEOLOGÍA / UNIVERSIDAD MERIDIANO A.C.,https://lh3.googleusercontent.com/pw/AP1GczMkifyxxny3VZYZCOg5W0b5f32kcj7-ArbNB35wcp5lj9vDa1yi3ABzcl8TVdS8sQWKcECgKc5r541XM0SM29KtLTSOmHzkmrBuSjeeliiVdlAgSnQ
rotadas/caja-11/027_AP1GczMA8t.jpg,SALVADOR GUTIERREZ CONTRERAS,Caja #11,caja-11,027_AP1GczMA8t.jpg,0,99.1,SALVADOR GUTIERREZ CONTRERAS / MIEMBRO DE LA SOCIEDAD MEXICANA DE GEOGRAFIA Y ESTADISTICA / Estudio Histórico / sobre límites / de los Estados de / Nayarit / Y / Jalisco / TEPIC NAYARIT / 1995,https://lh3.googleusercontent.com/pw/AP1GczMA8taJPpomOGtrjJF5Dxkr82HyZzTtQNeTutoqafz8qFnJLVtv2t8BhnhhcCtcSiy53JLcjkJzK2E5zz6WOqpzWHW1CszJAe3_jQvuTv_WeUtv63k
rotadas/caja-11/028_AP1GczPt5F.jpg,IXTLÁN,Caja #11,caja-11,028_AP1GczPt5F.jpg,0,93.9,MAGNO COLOQUIO / IXTLÁN / VIENTO DEL SUR / 11 y 12 de mayo / de 1995 / MEMORIA / Coordinación Consultiva / Estatal de Turismo,https://lh3.googleusercontent.com/pw/AP1GczPt5FA8LeWc91drJXuaXFy_hMl9wCaQKT7MDeuZqJtlvqDh6-FilDDZ3jc53rcE6QTniMaBlRZEWsWAykSy-cntIetQCLbpvmTVrPDfDDRkQfRaFR4
rotadas/caja-12/001_AP1GczPEHw.jpg,en erta,Caja #12,caja-12,001_AP1GczPEHw.jpg,0,82.6,en erta / GO / PABLO ORTEGA MATA,https://lh3.googleusercontent.com/pw/AP1GczPEHw855th9W18XrI38mqf2mUvbc4NTJ2XtgM5Mkoj09oxJEbH2067eAaTbXscGl-7B1EDS6n3sZqmbAqZhneaMcEpttIdTxG-o98BDkMMadCmK0t4
rotadas/caja-12/002_AP1GczOSUd.jpg,Síntesis Arqueológica de Nayarit,Caja #12,caja-12,002_AP1GczOSUd.jpg,0,98.7,Síntesis Arqueológica / de Nayarit / Mujer Desnuda Arrodillada / Tradición Tumbas de Tiro Clásico 200-600 d.C. Nayarit / Gabriela Zepeda García Moreno / A CONACULTA / Centro INAH Nayarit / Fundación Nayarit / Colección Rescate No. 7,https://lh3.googleusercontent.com/pw/AP1GczOSUdP1DVJLUB2WnybEM7350HjnyEzQA6CqzlbCfuOQ8bhHQ02mSRU5QxMa_jWT_4xmEvzQ0vPjH3XE9A1b44z8rZYrQsBYm3tuJhaZqcJpF2-tGA0
rotadas/caja-12/003_AP1GczPBPo.jpg,NAYARIT,Caja #12,caja-12,003_AP1GczPBPo.jpg,0,99.1,Recursos / hidráulicos de / NAYARIT / Juan Manuel Nava Salcedo / sep / COMISION NACIONAL conafe SEMARNAP / DEL AQUA,https://lh3.googleusercontent.com/pw/AP1GczPBPoAwaHZfRz_bBd-Tah4WzqYiM-rLxqDXJzIDvSofH0Mv9GaqmVEnxtr2z1cB_a6faekAAghlOSEv0YnX6_WWrJKSh8fUWOgBR-f0Wi4sui0sc8E
rotadas/caja-12/004_AP1GczNeIK.jpg,Miguel García Rodriguez,Caja #12,caja-12,004_AP1GczNeIK.jpg,0,95.1,Miguel García Rodriguez / P / Bellavista / Monumento Histórico de Nayarit / Un pueblo obrero / en pie de lucha / Tepic Nayarit México Julio de 1986 / Sep / conafe,https://lh3.googleusercontent.com/pw/AP1GczNeIK5js7qwduV1TJAmS7eKLkSoQuXGGLaRjiJXHMsn1sy2C6YXpC9S3acgLVnIn6K5LOFw6Bdcjn4IRTzcWUepM_BxPBA3_JH009hdiyZOCRKg7JY
rotadas/caja-12/005_AP1GczNtQw.jpg,NAYARIT,Caja #12,caja-12,005_AP1GczNtQw.jpg,0,94.5,Ecología y Recursos Forestales / de / NAYARIT / António Marquez Gonzalez / Universidad Autónoma de Navant / SOP / CDOOPR,https://lh3.googleusercontent.com/pw/AP1GczNtQw6UY_OwlAFYS_BV7p3Tm2FeGMMK58E_x3LaT4Fb2Ndn7YOxAxhICUaK0r4tmobpjnGcOdmFHTbVrQmdSOSetG_YW7FTAS21j83rzKdDAjyyhwI
rotadas/caja-12/006_AP1GczNqwN.jpg,La problemática del Distrito Militar de Tepic y Génesis del Territorio de Tepic,Caja #12,caja-12,006_AP1GczNqwN.jpg,0,98.3,La problemática del / Distrito Militar de Tepic / y Génesis del Territorio / de Tepic / Coordinadores Pedro López González y / José Ramón Medina Cervantes / Margarita Blanco Rugeiro / Julián Gascón Mercado / Salvador Gutiérrez Contreras / Pedro López González / José Ramón Medina Cervantes / Jean Meyer / José María Muriá / Eugenio Noriega Robles / Universidad Autónoma de Nayarit / sep / conafe,https://lh3.googleusercontent.com/pw/AP1GczNqwNIVtO9ShgZht5hAq8fp9E1h9o7aV98Ew03H2Lrj9hyuGDrzMKYhxXV6AkUCqrFPpGRYVxsbnBKf0SVmKk8e-KE4rmjYckagJu5c8ewG8Cf8dkA
rotadas/caja-12/007_AP1GczO8y2.jpg,Puerto Vallarta,Caja #12,caja-12,007_AP1GczO8y2.jpg,0,99.3,Una aproximación a / Puerto / Vallarta / JAIME OLVEDA / editor / J EL ALISC COLEGIO DE 0 H. AYUNTAMIENTO CONSTITUCIONAL CAMBIO FUNDACION JALISCO XXI / PUERTO VALLARTA JALISCO CAPITULO VALLARTA,https://lh3.googleusercontent.com/pw/AP1GczO8y2J3Y_-TFwi8yWKsCStK2oAmBHGa4rIj7g8kiuvcoTQcoAwe6KiSzse5H2cyN6G3RoVr_CzcmgBi8G-vagipeUP0vcI1oewLo_D4hC9Vx5cMfII
rotadas/caja-12/008_AP1GczMsY9.jpg,Rubén M. Campos,Caja #12,caja-12,008_AP1GczMsY9.jpg,0,98.0,CLAUDIO ORONOZ / 1906 / Rubén M. Campos / LA MATRACA / 17,https://lh3.googleusercontent.com/pw/AP1GczMsY9bC_1DdrvplJQPLzfEvcv5xeMhl4wA_tfmv7Vhjgnth1xU0W9ZgidSfba0cBNGKpZYU5AQTTlFHJoVfdk5BeExSfraqp_eCF8PWjZWvafCx51w
rotadas/caja-12/009_AP1GczMJm9.jpg,LEYENDAS KARUKINKA,Caja #12,caja-12,009_AP1GczMJm9.jpg,0,92.2,LEYENDAS / DE / KARUKINKA / NICASIO TANGOL / TIERRA FIRME fe,https://lh3.googleusercontent.com/pw/AP1GczMJm9JsT0OadAD8d3I590gWfqHyMf4GPGAY36sjBS97MOa9LKP5S1aqoxYfWbykfAYe9YtRixA6FlejWy7ck60Hc5nCu8TMPDyo2HuW-yg1nI3_DeA
rotadas/caja-12/010_AP1GczOfKj.jpg,LIBRERIA PORRUA,Caja #12,caja-12,010_AP1GczOfKj.jpg,0,97.1,ARRA / LIBRERIA PORRUA / 1900-1982 / JUSTO SIERRA Y ARGENTINA / CIUDAD DE MEXICO / PO / MI,https://lh3.googleusercontent.com/pw/AP1GczOfKjSmGnqMEj0z0lrvSbdJPY8QhRTHGb2vXTCLfTSgPRHiH2LkbtDm47qtcP4ifZY1N9tBGI8et4HDK03U9T_v9AQH94M7Dbp4nvJiPs8_RSopw-A
rotadas/caja-12/011_AP1GczNWyG.jpg,PARA LA DESCRIPCIÓN DE VASIJAS CERÁMICAS,Caja #12,caja-12,011_AP1GczNWyG.jpg,0,97.0,Hélène Balfet / Marie France Fauvet Berthelot / Susana Monzón / NORMAS / PARA LA DESCRIPCIÓN / DE VASIJAS CERÁMICAS / CENTRE D'ÉTUDES MEXICAINES / ET CENTRAMÉRICAINES / CEMCA,https://lh3.googleusercontent.com/pw/AP1GczNWyGdGuJrwvYnKg829nwlDN4GbBsXxXGfI1DVXFRiL2zlE1EyJ6bVQLnZ4yV9MSchJL7Crrc0JjwZjpPO4sAvjjoE7FRr0cylhGec28U6xVZLi0dM
rotadas/caja-12/012_AP1GczNNq7.jpg,ANTROPOLOGIA SOCIAL,Caja #12,caja-12,012_AP1GczNNq7.jpg,0,96.0,SAMA / ANUARIO / DE / ETNOLOGIA / Y / ANTROPOLOGIA / SOCIAL / VOLUMEN 2. DICIEMBRE DE 1989 / MEXICO / ORGANO OFICIAL DE CARACTER CIENTIFICO / E INFORMATIVO DEL COLEGIO DE ETNOLOGOS / Y ANTROPOLOGOS SOCIALES A. C.,https://lh3.googleusercontent.com/pw/AP1GczNNq795pGQbM7uBfcqrRabPT0uPsz-kmfts7z7vGs65OydEU2YJfO6Ol15RUAqA2PHsQzIizvX1g03Bf7bzn7AimEzCjghsrXMz55e57gFhcUGqs4k
rotadas/caja-12/013_AP1GczNI8Y.jpg,Elman R. Service Los orígenes del Estado y de la civilización,Caja #12,caja-12,013_AP1GczNI8Y.jpg,0,98.6,Elman R. Service / Los orígenes del Estado / y de la civilización / Alianza Universidad Textos,https://lh3.googleusercontent.com/pw/AP1GczNI8YjQSop9yeeEq3jpkKHsW9ZWgaq2BbmdiYbMtiUfeV7zrncJSJq6GVF6G2DBv9dDO4bUg4Qg__e5MLycU-vLF6ax1hv0L2cIX-gUEyzjHdAWZII
rotadas/caja-12/014_AP1GczNECZ.jpg,OBRA,Caja #12,caja-12,014_AP1GczNECZ.jpg,0,98.6,NEW WORLD / ARCHAEOLOGICAL FOUNDATION / OBRA / 1952-1980 / 8 / Phours / THOMAS A. LEE JR,https://lh3.googleusercontent.com/pw/AP1GczNECZWk0fpXh_LhVdTrXm9Q5Hw6FSrSWKziQw9ZHGC25bUExyb88LvTWkNFoYvP9FYTS5uCnsBWCm6DcaZ3L_SBeywrhpeCODM7BuLcuNvtBpgl1K4
rotadas/caja-12/015_AP1GczPOKl.jpg,LA VINCULACIÓN SOCIAL EN ARQUEOLOGÍA PLANEACIÓN DEL IMPACTO SOCIAL DE UN PROYECTO ARQUEOLÓGICO,Caja #12,caja-12,015_AP1GczPOKl.jpg,0,97.8,LA VINCULACIÓN SOCIAL / EN ARQUEOLOGÍA / PLANEACIÓN DEL IMPACTO SOCIAL / DE UN PROYECTO ARQUEOLÓGICO / María Antonieta Jiménez Izarraraz / N / El Colegio de Michoacán,https://lh3.googleusercontent.com/pw/AP1GczPOKlDl8cy8bphcuH75E5RebKFuXQrTak0rAKxmeRLTsDreXv2_BKhE_IPRKw13E0ZvRGJ8zTbZ4KqUf8FjJemzy2S3eI0IkxCSTd6mdz0USwzBSnQ
rotadas/caja-12/016_AP1GczOZgN.jpg,MEXICANA,Caja #12,caja-12,016_AP1GczOZgN.jpg,0,98.2,HISTORIA DE LA REVOLUCION / MEXICANA / BENJAMIN ARREDONDO MUÑOZLEDO,https://lh3.googleusercontent.com/pw/AP1GczOZgNwxWMa1I2xTKM-flSrh6-4yExhKVUiqjeoL1Tb_DftG2kUqxg83Apd5h1LpdkKaaQOTahQkmgA0kiSmJZEGsnu-XwAWEUmSuk_9wTFBmWmG-Xk
rotadas/caja-12/017_AP1GczMV7I.jpg,ZIMATLÁN,Caja #12,caja-12,017_AP1GczMV7I.jpg,0,95.8,17 / ZIMATLÁN / LUGAR DE LA RAÍZ / DEL FRIJOLÓN / EDMUNDO AQUINO / Pórtico de Miguel León Portilla,https://lh3.googleusercontent.com/pw/AP1GczMV7I5rUXTfCTq-bbiCUxrj0jlIQ7HAWKCWdAa7r5BfYmLam7f0IBY0C7iPBEImIhXdeHUWRHoFdWdZjtLjWieuFTWV9Bwnmnc82LCmBa3buy4r-5E
rotadas/caja-12/018_AP1GczP4Yd.jpg,LA CONQUISTA DEL VALLE DEL FUERTE,Caja #12,caja-12,018_AP1GczP4Yd.jpg,0,98.7,MARIO GILL / LA CONQUISTA DEL / VALLE DEL FUERTE / 777 / 412 / 33 / M / A Bm A / MEXICO / 1957,https://lh3.googleusercontent.com/pw/AP1GczP4Yd-nEJv9FOYEkuFzkKp6s6OKrKtHPAsKiTybzbGCJmgDwhWf_hI8tpbdwMPbpU52TkqoVJN-vJSkTd6KKMe8LbY6dypo25-KN3bjBdYbNK1ddzo
rotadas/caja-12/019_AP1GczP8U-.jpg,TENAMAXTLI Y GUAXICAR,Caja #12,caja-12,019_AP1GczP8U-.jpg,0,98.5,TENAMAXTLI Y GUAXICAR / LAS RAÍCES PROFUNDAS / DE LA REBELIÓN DE NUEVA GALICIA / Phil C. Weigand y Acelia G. de Weigand / EL COLEGIO DE MICHOACÁN / Secretaría de Cultura de Jalisco,https://lh3.googleusercontent.com/pw/AP1GczP8U-wK18xQayuVeH85MSKNL_VKff2WCU0Rt8ekY0ehucRjCZLe6iN3xaz1kPnBCxrIt_hh4pYy7uSSExINYZxGxFVthZFJvKN_T8Tv5v-5D-3BJi8
rotadas/caja-12/020_AP1GczPuYi.jpg,TENAMAXTLI Y GUAXICAR,Caja #12,caja-12,020_AP1GczPuYi.jpg,0,98.6,TENAMAXTLI Y GUAXICAR / LAS RAÍCES PROFUNDAS / DE LA REBELIÓN DE NUEVA GALICIA / Phil C. Weigand y Acelia G. de Weigand / 4 / EL COLEGIO DE MICHOACÁN / Secretaría de Cultura de Jalisco,https://lh3.googleusercontent.com/pw/AP1GczPuYi-UDNMeuHohfqri1l_az1aI9909C5IOHTZJbfzpdTiT7yYPXZzHg5BDjwJisbLr4IUXGiE4bkM-RIvK-0gzFEVo2G2xsDv6pYEFmPNtTrUcUVs
rotadas/caja-12/021_AP1GczM8BH.jpg,Frank Hole Robert F. Heizer Introducción a la arqueología prehistórica,Caja #12,caja-12,021_AP1GczM8BH.jpg,0,98.0,Frank Hole / Robert F. Heizer / Introducción a la arqueología / prehistórica / Fondo de Cultura Económica,https://lh3.googleusercontent.com/pw/AP1GczM8BHPLWaIw2Tfs3s12vPGwwK0xOUdcmco4R7ukXVCULyh_LVtyTZIuN82pc8eGu4sv-_jAXPCGdTIpXK9k3rzCPLu-gRB9dTmbhHHUwRELuOHzka0
rotadas/caja-12/022_AP1GczNMev.jpg,MANUELLEAL G. ANORANZAS U PANORAMAS GUANAJUATENSES 00,Caja #12,caja-12,022_AP1GczNMev.jpg,0,87.0,MANUELLEAL G. / ANORANZAS U PANORAMAS / GUANAJUATENSES 00 / Editorial Guanajuatense / ACUE de la FUENTE / 0000,https://lh3.googleusercontent.com/pw/AP1GczNMevoXyfok6EO63MEO3IvauwB6gDM8_syijDPlUMNdP04aoumJoeIhBbNdgT3Tqlf0ztOt5cXXUFAW3lPBkS8gedlwFedcdKU8L61RKsCbZH365Eo
rotadas/caja-12/023_AP1GczNyNf.jpg,CRISTOBAL DE ONATE,Caja #12,caja-12,023_AP1GczNyNf.jpg,0,96.9,ING JOSE LOPEZ PORTILLO Y WEBER / CRISTOBAL / DE ONATE / Historia Novelada / EDICIONES DEL / BANCO INDUSTRIAL DE JALISCO / GUADALAJARA 1955,https://lh3.googleusercontent.com/pw/AP1GczNyNfk512djT6oxK73CUMctX2QHxG4S04NjP5BcimIdtgIobg8e6I7tImofRHc2w5hHEVK2gRDFkkRABrN1gfzyBk6Oo03zKvqNNHzU3f8wNirPflE
rotadas/caja-12/024_AP1GczNRTq.jpg,MassMedia,Caja #12,caja-12,024_AP1GczNRTq.jpg,0,98.8,J.Habermas / Historia y crítica / de la opinión pública / La transformación estructural de la vida pública / MassMedia / GG,https://lh3.googleusercontent.com/pw/AP1GczNRTqUGRWIaOGjLzuy-_O1Yk1-Ac-bRrA3TdH4_fKbfnVvJKqNFGHQcF6FmJrS1Kkx1MjjiXt8PjxAiH6gcojk5TSosVtSG3VVGnLtcluhCkZ9KrVA
rotadas/caja-12/025_AP1GczPtJA.jpg,herederos de promesas,Caja #12,caja-12,025_AP1GczPtJA.jpg,0,98.5,GUILLERMO DE LA PEÑA / herederos / de promesas / AGRICULTURA POLÍTICA / Y RITUAL / EN LOS ALTOS DE MORELOS / 11 / ediciones de / la casa chata,https://lh3.googleusercontent.com/pw/AP1GczPtJAhmo4JpSk96gIrvRwCb27mFzDbFXizXwpNkVOPDbtyBQrwxrcPQ-yUfVWumS68IcJZOusTqaDeyxUE24AqfrTp6QmHSyMic9avRKnuYmTNlT7M
rotadas/caja-12/026_AP1GczNhKN.jpg,MARIANO PICON SALAS,Caja #12,caja-12,026_AP1GczNhKN.jpg,0,92.6,MARIANO / PICON SALAS / VIAJES / Y ESTUDIOS / LATINOAMERICANOS / MONTE AVILA EDITORES,https://lh3.googleusercontent.com/pw/AP1GczNhKNEQeo_kApqAsyWakaiCRbDWNbb-hve-VHpRnVaSVGish9bfsdzS-QUgh6TY8wVYkjPRh543-RIVHxLfVzIa2l6LNStvJJkqsjnRGy6Nl6NW0MU
rotadas/caja-12/027_AP1GczMj-0.jpg,Nueva Antropología,Caja #12,caja-12,027_AP1GczMj-0.jpg,0,96.8,ISSN 0185-0636 / Nueva / 46 / Antropología / REVISTA DE CIENCIAS SOCIALES / MIGRACIÓN Y ETNICIDAD / CARMEN BUENO Migración indígena a la construcción de / vivienda en la Ciudad de México WAYNE ROBINS EI / indigenismo posrevolucionario mexicano y la cuestión de las / tierras de los pueblos indígenas ALICIA RE CRUZ Lo / sagrado y lo profano de la identidad maya entre los emigran- / tes en Yucatán MICHAEL KEARNEY Desde el indigenismo / a los derechos humanos Etnicidad y política más allá de la / mixteca ANNA M. FERNANDEZ PONCELA Cuando las / mujeres hablan o en boca cerrada no entran moscas Di- / ferencias de género según el refranero popular SILVIA LO- / PEZ ESTRADA Organización productiva y participación política / de la mujer campesina en la Comarca Lagunera MERCEDES / BLANCO Hacia una antropología de la burocracia / AX editores GV / Casa abierta al tiempo SA de C. V.,https://lh3.googleusercontent.com/pw/AP1GczMj-0gOoKzby6x8qj5Kel_ZJEi-Fqsq90AIkTd9EYaKek-aDfM6X-rNpSV7PCygHLoxr6abL3E3qB4dZwrzcmmXrOg1bS60Ad2ls7MUbNZPvKd8jUY
rotadas/caja-12/028_AP1GczPnR_.jpg,Relación breve de la conquista de la Nueva España Fray Francisco de Aguilar,Caja #12,caja-12,028_AP1GczPnR_.jpg,0,98.2,Relación breve / de la conquista de / la Nueva España / Fray Francisco de Aguilar / UNIVERSIDAD NACIONAL AUTONOMA DE MEXICO,https://lh3.googleusercontent.com/pw/AP1GczPnR_Frq-GI5b0QNA0p4xwvAcXOU3YhLXYii8f_0fpJFtsIJoK3oxh2YFkUFtyleKrXLfm_Ia1P2NURWXLOjAGut4AcLRT4HF_xtDeoFnDEuB1N5GQ
rotadas/caja-12/029_AP1GczOqoq.jpg,NUESTRA VOZ SALE AL BALCÓN,Caja #12,caja-12,029_AP1GczOqoq.jpg,0,93.7,NUESTRA VOZ / SALE AL BALCÓN / MUJERES QUERETANAS / EN LA HISTORIA / LOURDES GÁLLEGO / COORDINADORA / FONDO / EDITORIAL H / QUERETARO,https://lh3.googleusercontent.com/pw/AP1GczOqoqo8HDqUmyv3_lXLodDq95GX5lTbzSSsWsVCNIWvYP2KSpRnM3tnXxUUufzb5xyBaCoTnQVZfs2I9DF6A5wW2dWFkR5_NxPC889yIkj-DKOPinU
rotadas/caja-12/030_AP1GczOf-m.jpg,en las Cuatro Esquinas XXXXXXXXXX en el Centro,Caja #12,caja-12,030_AP1GczOf-m.jpg,0,96.5,D Andrés Medina / en las Cuatro / Esquinas / XXXXXXXXXX en el Centro / 9000 / D / Universidad Nacional / Autónoma de México / Instituto de Investigaciones / Antropológicas,https://lh3.googleusercontent.com/pw/AP1GczOf-mYwU9MXoEFeORK3UdnR8qcmRZseV3mD7WVCpBPstUYA7uRr-_yGpIeTCeIz4o6jMylndMpaNDOJ5vxARH36-Lp9YMVb3Lzwgw-3J_WEehc2EcQ
rotadas/caja-12/031_AP1GczPIDz.jpg,Notas para la Antropología Social,Caja #12,caja-12,031_AP1GczPIDz.jpg,0,98.0,DEPARTAMENTO DE INVESTIGACIONES ANTROPOLOGICAS / Margarita Nolasco Armas / Notas para la Antropología Social / del / Noroeste de México / INSTITUTO NACIONAL DE ANTROPOLOGIA E HISTORIA / MEXICO 1969,https://lh3.googleusercontent.com/pw/AP1GczPIDznS7QmP7TCB55BtWU4m6D6od3N1TVLkuZNcesFnc2O6_a0ilcy8OqQT_mq1ZV7c5MDEPmMp0ttIEN3JqlPM3bxrTz02oIuGKsPbo1s_gN8Cxc8
rotadas/caja-12/032_AP1GczMERv.jpg,ESTAMPAS SANMIGUELENSES,Caja #12,caja-12,032_AP1GczMERv.jpg,0,96.5,ESTAMPAS / SANMIGUELENSES / 3 / JOSÉ CORNELIO LÓPEZ ESPINOZA / PRESIDENCIA MUNICIPAL DE SAN MIGUEL DE ALLENDE GUANAJUATO,https://lh3.googleusercontent.com/pw/AP1GczMERvT4cBK5Tk5a_J70KHncqirlcB0-W_-2PopPBPwZOURIbcfsb3aAO3g_F-y9ZttUsX2BW_zbwK78_vNg_5yUK8uxqKmclB4Dx7fdOyGEcAqhpuY
rotadas/caja-12/033_AP1GczN-IZ.jpg,OLOR CULTURA,Caja #12,caja-12,033_AP1GczN-IZ.jpg,0,89.8,INAH VENCAO PRECIO 85.00 / Olor cultura y sociedad propuest / 0030VA0820 / OLOR CULTURA / Y SOCIEDAD / Propuestas para una antropología / del olor y de las prácticas olfativas / Héctor Manuel Enríquez Andrade / INSTITUTO NACIONAL DE ANTROPOLOGIA E HISTORIA / 75 ANIVERSARIO,https://lh3.googleusercontent.com/pw/AP1GczN-IZM_LBO1P32bh4nir7lP0Zcasq__YJXFoBoL6wPRipuSffqJ9A8O1kxs9OMCK4OMMkPYwXB0f9-NbJXYrgsnW4bBCK9169EmHuEzQim7Fnxg764
rotadas/caja-12/034_AP1GczOyp7.jpg,A NALES MICHOACANO DEL MUSEO Tercera época Suplemento al número 3,Caja #12,caja-12,034_AP1GczOyp7.jpg,0,98.0,-A NALES MICHOACANO DEL MUSEO / Tercera época Suplemento al número 3 / 2400 / LL / Morelia Michoacán México diciembre 1991,https://lh3.googleusercontent.com/pw/AP1GczOyp79-kCSS4TEGhpYqlLamH_yDbR93wX1Jcge6i4OhPl4knMak4h6BKoAnhJmQoMspV3LYBK2ZJ5Dt5kFEBRU0naO2RTfnTIuW8qWi0q3hI7IQr6A
rotadas/caja-12/035_AP1GczN2Wx.jpg,RELACIONES GEOGRÁFICAS DEL SIGLO XVI MICHOACÁN,Caja #12,caja-12,035_AP1GczN2Wx.jpg,0,95.9,RELACIONES / GEOGRÁFICAS / DEL SIGLO XVI / MICHOACÁN / EDICIÓN DE RENÉ ACUNA / 51 E / C / UNIVERSIDAD NACIONAL AUTÓNOMA DE MÉXICO,https://lh3.googleusercontent.com/pw/AP1GczN2WxLT9DRpJXrOdKn6XcoxbMbA_XyV6ZBL3WfAI8gPBX68Wdy1LBqfjCDdDgkbjCfQMZMc8neRmt07QJWD4BrIM8zhx9gTUn-FkNqC2C-_Nlmrg4I
rotadas/caja-13/001_AP1GczPhb6.jpg,DICCIONARIO J. ARQUEOLOGÍA ARTE W. Mollett Y,Caja #13,caja-13,001_AP1GczPhb6.jpg,0,96.9,DICCIONARIO J. ARQUEOLOGÍA ARTE W. Mollett Y / Biblioteca DM,https://lh3.googleusercontent.com/pw/AP1GczPhb6cOTSOQLlF3irW3XIj33-820yGv8H9MaDi85ymD_u9wqmBFkmO9HRnrEw7HQinkjdfGe8fXHXhWT41LOKsTc9xLG-oIMxv-xsT7zvznqZtb-Tk
rotadas/caja-13/002_AP1GczOMOm.jpg,DOCUMENTOS DE LA RELACIÓN DE MÉXICO CON LOS ESTADOS UNIDOS,Caja #13,caja-13,002_AP1GczOMOm.jpg,0,98.6,CARLOS BOSCH GARCÍA / DOCUMENTOS DE LA / RELACIÓN DE MÉXICO / CON LOS ESTADOS UNIDOS / Volumen V Tomo I / LA TRANSICIÓN DE / NICHOLAS TRIST A JAMES GADSDEN / 1848-1853 / WAIVERSEAD NACIONAL AN TONGOMA DE MECKO / POR MI / www / UNIVERSIDAD NACIONAL AUTÓNOMA DE MÉXICO,https://lh3.googleusercontent.com/pw/AP1GczOMOm1xMf_KH5-N5r0buLRiyhtBe-4GGUWVWibGHVNEZO0JnA3D8yQGlZnGgwrdT7FdW5Jc6PD_3CvI5YeqBOFnvMygeXmysfh527L6xQ24n3FnU2w
rotadas/caja-13/003_AP1GczMzoM.jpg,EL ARTE DE LA CONCHA ENTRE LOS ANTIGUOS AMERICANOS,Caja #13,caja-13,003_AP1GczMzoM.jpg,0,99.1,EL ARTE DE LA CONCHA / ENTRE LOS ANTIGUOS / AMERICANOS / William Henry Holmes / Lourdes Suárez Diez / Rufina Bórquez de la Fuente / Traductoras / COLECCIÓN TEXTOS BÁSICOS Y MANUALES,https://lh3.googleusercontent.com/pw/AP1GczMzoMEWUgIFu8YEWqMXL1q-oIlR9klK9q2CyGvJVvnka4XCy9MQ7oUK77SL9K1DjQpRr4EkiTvRgY2nTQm7yOHqTZz-3XGz-MrMuf7ZoyrQ9Fw3EX4
rotadas/caja-13/004_AP1GczNLc6.jpg,EL ARTE DE LA CONCHA ENTRE LOS ANTIGUOS AMERICANOS,Caja #13,caja-13,004_AP1GczNLc6.jpg,0,99.0,EL ARTE DE LA CONCHA / ENTRE LOS ANTIGUOS / AMERICANOS / William Henry Holmes / Lourdes Suárez Diez / Rufina Bórquez de la Fuente / Traductoras / COLECCIÓN TEXTOS BÁSICOS Y MANUALES,https://lh3.googleusercontent.com/pw/AP1GczNLc6KgMSeq5N-zUYZDY-D9-xT0qos2AdT_dW4ikNJsE2Huk0tSa1gLslwyd0gq71k8pT06e8E04Mm6qFhd3oaxqD90-NCo76NvzbOgRl8QhWPYpWI
rotadas/caja-13/005_AP1GczOZQV.jpg,GEOGRÁFICAS,Caja #13,caja-13,005_AP1GczOZQV.jpg,0,98.4,RELACIONES / GEOGRÁFICAS / DEL SIGLO XVI / GUATEMALA / EDICIÓN DE RENÉ ACUÑA / UNIVERSIDAD NACIONAL AUTÓNOMA DE MÉXICO,https://lh3.googleusercontent.com/pw/AP1GczOZQV1a_ebB8zlvGIo9FkwzYb0SSHUl2D9BvBMFCCZ1aN7PftLrIu5KM0tq3LA39YjBLu7lNSWO9OtwZmEzx8MXRzP9NzDQjjtb2GFojPVmLayy584
rotadas/caja-13/006_AP1GczO05o.jpg,El pasado de tres pueblos Tamazula Tuxpan y Zapotlán,Caja #13,caja-13,006_AP1GczO05o.jpg,0,98.5,El pasado de tres pueblos / Tamazula Tuxpan y Zapotlán / Otto Schöndube Baumbach / Universidad de Guadalajara,https://lh3.googleusercontent.com/pw/AP1GczO05ok9UmCRuifvwsD7cDel9colWRNlM8DGPkomrSA2BZl24_Fr4fAVJrejSx_qHX_Y6o4kfehRY33Co9buoVEVNF81aaM5Fp0qI0NyfsaACB0LbJ0
rotadas/caja-13/007_AP1GczPqJB.jpg,ARTURO MACIAS,Caja #13,caja-13,007_AP1GczPqJB.jpg,0,96.5,ARTURO MACIAS,https://lh3.googleusercontent.com/pw/AP1GczPqJBGpFnRtgwuZyedL56qL_GZN6OZorLqSiVMgX5eu8kpv5nYFtjYfv4CrRzSuFYPDM3tNWFAFr4IMRtXdqbrcVlJmLHlYyRnSoCXV-H903dCJf_E
rotadas/caja-13/008_AP1GczMvVA.jpg,Náhuatl,Caja #13,caja-13,008_AP1GczMvVA.jpg,0,93.8,Lectura del / Náhuatl / versión revisada y aumentada / DAVID CHARLES WRIGHT CARR / O N 930 330 3333E 90 ww 000 000 3333,https://lh3.googleusercontent.com/pw/AP1GczMvVAjLt04MYJhJJsvs2-wvrPyxuUnY2PgMoHCdkozlp-x6YyeQVse2iUf5f76-dO1vEbqjf4elxZEV2vNW7HPGefZRR-2qUjbwERkHsaloJ6t05KU
rotadas/caja-13/009_AP1GczNC44.jpg,CHALCATZINGO,Caja #13,caja-13,009_AP1GczNC44.jpg,0,98.4,CHALCATZINGO / PERSISTENCIA Y CAMBIO / DE UN PUEBLO CAMPESINO / L. Miguel Morayta,https://lh3.googleusercontent.com/pw/AP1GczNC44jMmorKTH8FAptw-qyCqw6T7yQ5CwgZc2oLcsswuqYnoOH0oMZ8Cg2IN2dXyYaIgGv-czSoSTNR7-R94Ai0IR9Z3fOJT8PHj1OPg0_l9JYkg2I
rotadas/caja-13/010_AP1GczO23o.jpg,LAS CABEZAS RODANTES DEL MAL BRUJERIA Y NAHUALISMO en los altos de Chiapas,Caja #13,caja-13,010_AP1GczO23o.jpg,0,98.8,LAS CABEZAS RODANTES DEL MAL / BRUJERIA Y NAHUALISMO / en los altos de Chiapas / MIERCOLE SANTOS CANDIDO ADELFO 490110 Y ANDRES SABINA 199 / PRUDENCIO MOSCOSO PASTRANA,https://lh3.googleusercontent.com/pw/AP1GczO23o8U9SttUUep8b_IY0cIxnt4q08NUtbOlMa5RuN0blsMW2KrdMG0v8Ni9vz7jM9vNDhc1ArJyFiThO9YdqcOYcoNIhUey0FGGM8Ts3rDSin8nOU
rotadas/caja-13/011_AP1GczPYAf.jpg,EL URBANISMO PREHISPANICO E HISPANOAMERICANO EN MEXICO,Caja #13,caja-13,011_AP1GczPYAf.jpg,0,98.2,EL URBANISMO / PREHISPANICO E / HISPANOAMERICANO / EN MEXICO / Desde / sus orígenes / hasta / la Independencia / Adrián / Rodríguez / Alpuche / INSTITUTO DE ESTUDIOS / DE ADMINISTRACION LOCAL,https://lh3.googleusercontent.com/pw/AP1GczPYAfeTv1D_88MGUZaMpgAqnUNBjiuNxeqNnUIcM12K1-fnyeoRQjQ6bcTCQJiGUZaVsRn3s_OV1X5_jFe--cDXNbj8b2_4uV5kRf-I7y7aUnbBx0U
rotadas/caja-13/012_AP1GczMw2Q.jpg,Jan de Vos,Caja #13,caja-13,012_AP1GczMw2Q.jpg,0,98.2,Jan de Vos / No queremos ser Cristianos cristianos / Consejo Nacional / para la / Cultura y las Artes,https://lh3.googleusercontent.com/pw/AP1GczMw2QnoU4vNjS1-VPysYNKPkMHwl-ZZp2tydvPlK4hASCyGgMwyYehTaRQfecGjpCUg4H9gElRkY1KVYiYo3Utw0Lz2iI0yuJ_P3Dvq7T-FcGRJtd4
rotadas/caja-13/013_AP1GczNyQy.jpg,MUSEO,Caja #13,caja-13,013_AP1GczNyQy.jpg,0,98.4,LOGIA Emily Mc Clung de Tapia GUIA DE / ANTROPO EL LA / UNIVERSITARIO DE AMBIENTE HOMBRE MEDIO SU Y EXPOSICION / MUSEO / CO / INSTITUTO DE / INVESTIGACIONES / ANTROPOLOGICAS / 1981,https://lh3.googleusercontent.com/pw/AP1GczNyQy_oTEH_zyUg1XQu_ZKtuffJpmu2kbQd4TosrXpW2J3YtFB2D7ihLYjiLYbLrPEEIu_TO7R_OlD-tgVErOBwx8zsylJ8bCJFkn1f1d5xJ5lwM4w
rotadas/caja-13/014_AP1GczMvKt.jpg,Servis Aguayo,Caja #13,caja-13,014_AP1GczMvKt.jpg,0,82.9,Servis Aguayo / EI FI EXODO / CENTROAMERICANO / SEP / CULTURA,https://lh3.googleusercontent.com/pw/AP1GczMvKt2G02rcLiZk5hEEl-YkBf0838SK42BFuSo1x3JC-iVavKxph6PigvuaL5AKcm7x1YK99qoaBnXIkLUvjBNuav0GqXweb7lAMkmZL67E3zCeTqI
rotadas/caja-13/015_AP1GczN6EW.jpg,nuevas noticias sobre las obras hidráulicas prehispánicas y coloniales en el valle de méxico,Caja #13,caja-13,015_AP1GczN6EW.jpg,0,98.8,nuevas noticias sobre / las obras hidráulicas / prehispánicas y coloniales / en el valle de méxico / 5741 / Ri / 5 / 3 Ama / S.Inar / Santiag / Visitacion / Xalma / Hashartees wad Desague Fulted / Coper Der / Quauslan / S.Miguel / Repartider / Sualan / Rede / sep / inah,https://lh3.googleusercontent.com/pw/AP1GczN6EWz6bWROtdirIwKu1rxdjqAQv5eoubVpe2xQh4INz7NG6sVFy1Q_uJuVoq6FeUSUiO2ZYF4Osn0mFfFPY4xWta2mjVHrTqBAPmt_VWwnmn6sy5Y
rotadas/caja-13/016_AP1GczNvh3.jpg,SEXUALIDAD AMOR Y EROTISMO México Prehispánico y México Colonial,Caja #13,caja-13,016_AP1GczNvh3.jpg,0,98.0,SEXUALIDAD AMOR / Y EROTISMO / México Prehispánico / y México Colonial / NOEMÍ QUEZADA / Po / PLAZA Y VALDES / PYV / EDITORES,https://lh3.googleusercontent.com/pw/AP1GczNvh3SmgBfBjhtctLgRoPWyRu1EvrKusW-VKw7YCzKGxZpKOYkTZFZukdR-GcupZ6S6equ2aZaO568REXBARtZqhgBEtXJ9aUhvRcZT-piW5Zwt2Z8
rotadas/caja-13/017_AP1GczOwbj.jpg,PEDRO RMILLAS,Caja #13,caja-13,017_AP1GczOwbj.jpg,0,98.0,La aventura / intelectual / de / PEDRO RMILLAS / Retro Ai / EL COLEGIO DE MICHOACAN,https://lh3.googleusercontent.com/pw/AP1GczOwbjQnupe5gtNq_YHxqXTBGDTgm258Qe_KYmxZF8JVWyYVmcneLzmTlTQEXUzk5mS2gJC8694Cpu1GrtxAUxjFYHdSAg2L4Oq1SNzIOZZip-2o_qY
rotadas/caja-13/018_AP1GczOWwM.jpg,Eric Villanueva,Caja #13,caja-13,018_AP1GczOWwM.jpg,0,97.3,Eric Villanueva / Crisis henéquenera y / movimientos / campesinos en / Yucatán 1966-1983 / Colección Divulgación / Instituto Nacional de Antropología e Historia,https://lh3.googleusercontent.com/pw/AP1GczOWwMqCIYPawBxAZm91A5WFeIOEeD-b5Gn04iSYdE-2cGt5KjBXe7X187GvKIBNk8XIyCymjE1Majr2tKf0Sraxep4_uls2ZnMhyec8ajMCBfTRUKQ
rotadas/caja-13/019_AP1GczNTUb.jpg,primitiva ociedad la función structura,Caja #13,caja-13,019_AP1GczNTUb.jpg,270,92.5,a.r.radcliffe brown / en / primitiva ociedad la función structura / ediciones península / SERIE UNIVERSITARIA / HISTORIA CIENCIA SOCIEDAD 91,https://lh3.googleusercontent.com/pw/AP1GczNTUbhUGk8u7Fu-qrVYlyXGVRDCjt0xGLYTzIwcMbsyAdNSjyKR_NmJqzvBKauITuVdZZYoCO2p_T7bC6ttUnaJJsT80LgnOvJL1gUpLuH_EBcKdSU
rotadas/caja-13/020_AP1GczN8FJ.jpg,implicaciones,Caja #13,caja-13,020_AP1GczN8FJ.jpg,0,94.9,benavides castillo / los caminos / de cobá / y sus / implicaciones / sociales / proyecto coba / Instituto Nacional / de Antropologia e Historia,https://lh3.googleusercontent.com/pw/AP1GczN8FJM9-0f6arkdnSdFUog8bXD4tX5V6qTLIjXkENuTqGsQxeu33bAjImqcro5bMgeolEHxsG3acwAFuLD6AVxruMXJIjHg-VoHJahCLzKf9WSHwz8
rotadas/caja-13/021_AP1GczPTVa.jpg,CHERAN UN PUEBLO DE LA SIERRA TARASCA,Caja #13,caja-13,021_AP1GczPTVa.jpg,0,98.1,CHERAN UN PUEBLO / DE LA SIERRA TARASCA / Ralph Larson Beals / BARL AHL / REFACCIONARIO PLATI EL FOTOSTATICAST COPIAS / BARDAHL / EL COLEGIO DE MICHOACAN,https://lh3.googleusercontent.com/pw/AP1GczPTVaT8NKWksj5KCSdoRtRysAT-QiHbm7PAyprxhjsrv9vhKLF8T7G5lzfH4-xxNfy5TVVFnSBsb4hx1zhRy_Zsn79KW95xJuKk54TO_-Sq5tJKjUk
rotadas/caja-13/022_AP1GczN2O1.jpg,ARCHITECTURE ORDER,Caja #13,caja-13,022_AP1GczN2O1.jpg,0,97.6,ARCHITECTURE ORDER / Approaches to Social Space / Edited by Michael Parker Pearson Colin Richards / ROUTLEDGE,https://lh3.googleusercontent.com/pw/AP1GczN2O14vQY7MLQGEcEAEFBgx40aorL9w-UHXjrqsclQalYXU2Q6tuXNHYfMfvT3UebRUhSjAm0ooGfdDg3v9-v_qG0HIlm50N5-57g1-8WHbl7zZ8eM
rotadas/caja-13/023_AP1GczOupB.jpg,INTERPRETACIÓN EN ARQUEOLOGÍA,Caja #13,caja-13,023_AP1GczOupB.jpg,0,96.8,MERIA DIES / Horizon / Editorial SALA0 Vertically SVS OCCA A Crítica / MEDIAC NOx / IAN HODDER / INTERPRETACIÓN / EN ARQUEOLOGÍA / Corrientes actuales / IZ,https://lh3.googleusercontent.com/pw/AP1GczOupB5lQ9tdC9FxJ8uUiwt4piCUYw3KqS61uq43oXT8keWe3Pl2ScybRs0l4V6jVSGC1F01FluxLyCCskFAft8uCxqGtWPm340-UPFTKZklHlUnwr0
rotadas/caja-13/024_AP1GczORIQ.jpg,Ya hnini ya jä'itho Maxei Los pueblos indios de Querétaro,Caja #13,caja-13,024_AP1GczORIQ.jpg,0,98.4,Antropología Social / Ya hnini ya jä'itho Maxei / Los pueblos indios / de Querétaro / Diego Prieto Hernández / Beatriz Utrilla Sarmiento / Coordinadores,https://lh3.googleusercontent.com/pw/AP1GczORIQGNS4pgYYHZmLaYWRYEl1zNRRMzugj79EfPD3_MOV_jocU1mkXkmSxTNawR2ZFJfJ0OgfIHBicpZ9yQsZp7YWF6SJ6F-rXTqH_-_iXyZfOqz1o
rotadas/caja-13/025_AP1GczMuOO.jpg,Cosmovisión e ideología Nuevos enfoques desde la antropología simbólica,Caja #13,caja-13,025_AP1GczMuOO.jpg,0,98.6,Cuicuilco Revista de la Escuela Nacional de Antropología e Historia / NUEVA ÉPOCA Volumen 5 Número 12 Enero Abril 1998 / Cosmovisión e ideología Nuevos enfoques / desde la antropología simbólica,https://lh3.googleusercontent.com/pw/AP1GczMuOOjhe7ZtuMdTIrZEp3G9uwMwxSmoZBktHvPzI-kZjzNOZ0fDyoMfMCnG-_sTdCCF7cS36cqm9W38D6bOJHDgZg0_b1o60_qpDOnpL7H0G-xwy_Q
rotadas/caja-13/026_AP1GczOe96.jpg,Arqueología hacia el nuevo milenio,Caja #13,caja-13,026_AP1GczOe96.jpg,0,99.2,ISSN 1405-7778 Cuicuilco Revista de la Escuela Nacional de Antropología e Historia / NUEVA ÉPOCA Volumen 5 Número 14 Septiembre Diciembre 1998 / Arqueología hacia el nuevo milenio,https://lh3.googleusercontent.com/pw/AP1GczOe96xoI65wbCDxs_uLEJ1fH90FyBtRdW4MwYoFuAygmaKmZPP3Zfsw4fXikLd2trxiRSjfct-pgpQbyui6DZLs5HqcU4Jo6LU9ah8Dh9fiOOW36fs
rotadas/caja-13/027_AP1GczPMls.jpg,Carlos Martínez Assad EN EL PAÍS DE AUTONOMÍA,Caja #13,caja-13,027_AP1GczPMls.jpg,0,97.6,antología de / Carlos Martínez Assad / EN EL PAÍS / DE AUTONOMÍA / Boletin / de la / ESCUELA MODERNA / ENSEÑANZA / 10 CIENTÍFICA Y RACIONAL / Sep Ediciones / CULTURA El Caballito,https://lh3.googleusercontent.com/pw/AP1GczPMls2Z9h-NW7EWzCXw1BHCq9Nk83HevxUdTD8df3rgicaE14wQg8BVngc5x135SK4IPrqR_ACuK6V0Jz1SOAIQUqf7tL58B3rWe1YktADgpRa87Dg
rotadas/caja-13/028_AP1GczPkEA.jpg,ERNESTO DE LA TORRE VILLAR,Caja #13,caja-13,028_AP1GczPkEA.jpg,0,98.3,BIBLIOTECA DEL CLAUSTRO / SERIE GUIAS No. 1 / ERNESTO DE LA TORRE VILLAR / TESTIMONIOS HISTORICOS MEXICANOS / EN LOS REPOSITORIOS EUROPEOS / GUIA PARA SU ESTUDIO / FOR M / INSTITUTO DE ESTUDIOS / Y DOCUMENTOS HISTORICOS A. C. / MEXICO 1980,https://lh3.googleusercontent.com/pw/AP1GczPkEAa0C9J22lX50v_eHplxQq5yTvUHHSZFkkReXfc88VcDD9BvHJCpHx7I6r2ci6cukSG17jrPzatcxhwpSch0E6nvMw7CilomCR4_6ndiRvzVxfM
rotadas/caja-13/029_AP1GczMHY6.jpg,RONDA DE CLÁSICOS,Caja #13,caja-13,029_AP1GczMHY6.jpg,0,97.3,RONDA DE CLÁSICOS / LEXICANOS / FRANCISCO XAVIER / CLAVIJERO / La cultura / de los mexicanos / PLANETA ACONACULTA,https://lh3.googleusercontent.com/pw/AP1GczMHY6JnGMQkrqBx960lb2aNcEZQLYeBTX5AtAnGRhgkvmC40g1bNM_HtjoIP-0fvHTvd4g9CDkxIwsLL5GkJpouhc7R3Ka9SZBqb2F1RmBjGBewvrI
rotadas/caja-13/030_AP1GczN00J.jpg,URBANISMO NOVOHISPANO EN EL SIGLO XVI,Caja #13,caja-13,030_AP1GczN00J.jpg,0,99.1,URBANISMO / NOVOHISPANO EN EL / SIGLO XVI / carlos arvizu garcía / colección Quarta de forros,https://lh3.googleusercontent.com/pw/AP1GczN00JgCitXDSaq4CUaGn2TrYSaODEPNjvrG8Zpx8pmVzSNo00e9TJqGPWV00yo1LR9zOoc0EC0UaVEDOAnpMTYIk352HblNGS0AZ3YZjca5NaDAw3g
rotadas/caja-13/031_AP1GczMggM.jpg,BOSQUEJOS DE EDUCACIÓN,Caja #13,caja-13,031_AP1GczMggM.jpg,0,98.1,antología preparada por / Ma Teresa Bermúdez de Brauns / BOSQUEJOS DE EDUCACIÓN / PARA EL PUEBLO / IGNACIO RAMÍREZ / E IGNACIO MANUEL ALTAMIRANO / LINTERNA MAGIC / En PERIODICO I. M. cuya Altamirano redaccion tomarán Baron Gostkowski DE una parte LA inmediata Dr. M. BOHEMIA Peredo los Sres Caliban Ignacio Joaquin Ramirez LITERARIA Tellez Guillermo y José Monroy Prieto / e Uas 1 La publion cum ex Las de Linterna mi populares in Papá de Gabriel Seccion poesias novelas Magica el la Cerrajero Se intensante de publica time Facundo tres en novela o sec esta las y sean un La medio Números peso Linterna PRECIOS seis ARTISTAS fuera reales en sueltos la francas capital eu del DE con la DIBUJANTES periodico capital de SUSCRICION y las porte dos tres por secciones reales doce 8 entregas cents fuera rent mañana preuta tal Se Director del publica y Coliseo en Litografa la todos y casa Viejo responsable de los de número lua la sábados Hrs Bolemia 8 Epstein a Literaria las dex y C de Por Im- la / or Tomo inlas Jos -El eccion Monroy periodico Armonias I. Ilustrado de ultra mundo México Casarin Los Jueves Sres y D. D. Jesus José Alamilla M. 18 Villasana de Julio D. Alejandro de 1872 José T. de Núm Cuellar 1 / Sep / Ediciones CULTURA / El Caballito,https://lh3.googleusercontent.com/pw/AP1GczMggMHoz8o8SH0kS2_Taa6hDEytXc43hyKF9fm5ixx7d4PetnFhszwr2DKLB7dITElleIlCCvUwcTZICaZhQGnFBsT9mW9RHdc18-MJlqFKTDqSMOU
rotadas/caja-13/032_AP1GczNMFM.jpg,CAPITALISMO Y CAMPESINADO cui,Caja #13,caja-13,032_AP1GczNMFM.jpg,0,95.8,CAPITALISMO / Y CAMPESINADO / EDICIONES EN EL BAJÍO / cui / cui / lco Héctor Tejera Gaona,https://lh3.googleusercontent.com/pw/AP1GczNMFMJE5sDNuHdUo5Q-fx-WBlo2bjYXUpxwhwch-AVSW2Ne7CI6rapbWyN5_JZemfVWMNlY6TEt0T5drXoOBPwM8UvrfnALvrbZu3-tETs3olxxrZc
rotadas/caja-13/033_AP1GczNFpe.jpg,SUP,Caja #13,caja-13,033_AP1GczNFpe.jpg,0,66.2,CLAUDE / LÉVI STRAUSS / LA VÍA DE LAS MÁSCARAS / SUP / XXI / siglo / veintiuno 3ª edicion / editores,https://lh3.googleusercontent.com/pw/AP1GczNFpeJi053xp__PGlJHPYrRgQXvsXE4myHR5sx9_MeS5G_FNA9SrHxUUVLAI6bneVK6d1nzvZ-4p6t6UgwOggDt6xj5eP315zsyo0kJbhlbDhxpmHM
rotadas/caja-13/034_AP1GczNcqM.jpg,Nueva Antropología 20,Caja #13,caja-13,034_AP1GczNcqM.jpg,0,97.4,ISSN 0185-0636 / Nueva / Antropología 20 / REVISTA DE CIENCIAS SOCIALES / ETNIA Y NACION / nales ANDRES de poder cionario MEDINA en T BOEGE México en HERNANDEZ la antropologia El FRANCISCO conflicto Los etnia MANUEL grupos JAVIER nación étnicos ORTEGA GUERRERO en Nicaragua y los HEGG sistemas El LUIS JAIME anticapita- tradicio- CA- VE- / conflicto en Nicaragua DOCUMENTOS Palestina y Guatema- / timas del genocidio Reunión sobre la cuestión étnica y nacio- / ESTEM y otros,https://lh3.googleusercontent.com/pw/AP1GczNcqMplTHElYQ4FPL0NcK53UiJ3PZQfIGV2YosMWTIfjX1koI8Axh6GgPWmk2nHJHgxvPAWf6FMSB1kUsFJNBrqGlprDNVFCnMzYBP8TAZWcbxfulg
rotadas/caja-13/035_AP1GczMifX.jpg,EI El Cristo Viejo Xichu,Caja #13,caja-13,035_AP1GczMifX.jpg,0,89.0,EI El Cristo Viejo / Xichu / Resistencia y rebelión en la Sierra / Gorda durante el siglo XVIII / Gerardo Lara Cisneros / memoria histórica,https://lh3.googleusercontent.com/pw/AP1GczMifXx7J312IXnkxiOcYpaYKYvWkMvroTxr7fbHjkefVGQSAjyOi5kxP2CD2BoB8n3rj-lKDMwr667r90T0vnHtP6jlW_L8l6I2qCn2uDI2hqZN6bk
rotadas/caja-13/036_AP1GczPi22.jpg,Ricardo Avila Palafox,Caja #13,caja-13,036_AP1GczPi22.jpg,0,98.6,Ricardo Avila Palafox / Revolución en el Estado / de México / Colección Divulgación / Instituto Nacional de Antropología e Historia / Gobierno del Estado de México,https://lh3.googleusercontent.com/pw/AP1GczPi22PLFua81r61IHg86HqLpilaAXlqD1mRUUAFkZekqUSmZD7_PmNhJ7sUfaNenz6LrAD4lgGGgJuApw4kxwZXbNpi5-YBAmDEWS2rk5xMfUIPkVk
rotadas/caja-13/037_AP1GczN8CS.jpg,Karl E. Meyer EL SAQUEO DEL PASADO,Caja #13,caja-13,037_AP1GczN8CS.jpg,0,97.9,Karl E. Meyer / EL SAQUEO DEL PASADO / Historia del tráfico internacional / ilegal de obras de arte / D,https://lh3.googleusercontent.com/pw/AP1GczN8CSngvaYsu-yd-2oT0e9evqeeamIx7xxesR_ojSVb2mawKTawcOGNLxPy0h5A3m3DC0oJD-7tDdzvz3-QoHl8NS47hR6PpCCWSt-ITsopQABn8us
rotadas/caja-13/038_AP1GczMWf_.jpg,SONIA LOMBARDO DE RUIZ Desarrollo urbano Mexico Tenochtitlan según las fuentes históricas,Caja #13,caja-13,038_AP1GczMWf_.jpg,0,98.3,SONIA LOMBARDO DE RUIZ / Desarrollo urbano / de / Mexico Tenochtitlan / según las fuentes históricas / Ay / A Tid / Arcaha Munmen / Lars / Cubb / PIP / dont / on / Cunts / tem / TEMIX TITA / mas ad / Makema / Mizrna / sep / inah,https://lh3.googleusercontent.com/pw/AP1GczMWf_zC9Q5C-Z06jgGa-yigbDPWw96Q6JFN4LSiUTrFT3kHFq2CPNaVvqd45aS3yjrBPxmaU0eiCu0TWPMlOcCpGVxvJyHL-W3fPVeUNlNLmKS7f3Y
rotadas/caja-13/039_AP1GczOcoa.jpg,PINOTEPA NACIONAL mixtecos negros y triques,Caja #13,caja-13,039_AP1GczOcoa.jpg,0,97.8,GUTIERRE TIBÓN / PINOTEPA NACIONAL / mixtecos negros y triques / EDITORIAL POSADA EDICION / 3a,https://lh3.googleusercontent.com/pw/AP1GczOcoaYseYV4mgE7pq85-8scAzmipJVZ4l7ZdNkpteWaONyJsokQXhYlDSpniFWrOHJfpCL8z1rv_BVslC5-tg0p05ezcR4pL9GB2qDA94auWnKhzDc
rotadas/caja-13/040_AP1GczMTry.jpg,Esculturas Mezcala en el Templo Mayor,Caja #13,caja-13,040_AP1GczMTry.jpg,0,97.9,COLECCION / DIVULGACION / Esculturas Mezcala / en el Templo Mayor / Carlos Javier González / Bertina Olmedo Vera,https://lh3.googleusercontent.com/pw/AP1GczMTrySgNsIisWxj_NTeKg3cwtIDD6xyjQFWro9gTeXbDN_NWJ1jiOMlTKJhAh6FV9ITEDpdHkVchRc9gx81IVPO9JF94gPEc7T9kiOFJFpqdNPyTOU
rotadas/caja-13/041_AP1GczOMrA.jpg,La fauna en el Templo Mayor,Caja #13,caja-13,041_AP1GczOMrA.jpg,0,98.2,COLECCION / DIVULGACION / La fauna / en el Templo Mayor / Coordinador / Oscar J. Polaco,https://lh3.googleusercontent.com/pw/AP1GczOMrAQ9CKkMD5zNMDcZxyja_ChChRpX5oXkiIqtaNCVvqyCXCac6LdNNeNr9bo0gSMbgaX5IPBc1dTH-HwhmLwH2h-zXruSDopa9WR337e_XIdk8wE
rotadas/caja-13/042_AP1GczNSX8.jpg,Revolución agrícola en Tierra Caliente de Michoacán,Caja #13,caja-13,042_AP1GczNSX8.jpg,0,98.4,Revolución agrícola / en Tierra Caliente de Michoacán / Juan M. Durán Juárez / Alain Bustin / 00 / U / EL COLEGIO DE MICHOACAN,https://lh3.googleusercontent.com/pw/AP1GczNSX8q1fr1BlDrh93k7s9kzcHE-YUOSnvXollrIng3rm23VwoA8WTVh71SZrNYyZMOUVxFNg6-FmPOT3J4juiU1bmIFdKsBMpUWllAZaXAQ7XdzuKQ
rotadas/caja-13/043_AP1GczMaEt.jpg,LA DIVISION CAPITALISTA DEL TRABAJO,Caja #13,caja-13,043_AP1GczMaEt.jpg,0,98.4,LA DIVISION / CAPITALISTA / DEL TRABAJO / RANIERO PANZIERI / ARMANDO DE PALMA / MICHELE SALVATI / BIANCA BECCALLI / ANTONIO LETTIERI / ANDRE GORZ / 32 / CUADERNOS / DE / PASADO Y / PRESENTE,https://lh3.googleusercontent.com/pw/AP1GczMaEtXK4c7SdeUx7TUPY9apl7l6g3xxFGyvRm_2VnEF7ZFnGT7l0kV2y49SviHiPGoNtat0_9BHXWrKc8Sm1N2U7pUjtEhjlYTRjBs7PjO8U_V7lgA
rotadas/caja-14/001_AP1GczMHU3.jpg,Los perros de la antigua provincia de Colima,Caja #14,caja-14,001_AP1GczMHU3.jpg,0,98.9,rolyn Baus de Czitrom / Los perros de la antigua / provincia de Colima / Colección Catálogos de Museos / Instituto Nacional de Antropología e Historia,https://lh3.googleusercontent.com/pw/AP1GczMHU377VWTW3re8JdLG-6FNAL9GVqnofSHZ7gt0qLpfd2nORhM9TVVNUC-2zQ_6GyDOAODJJDsWSJTxFDfz81n3lrpwnBPQZWlTTAcit5vGaH4UplI
rotadas/caja-14/002_AP1GczOCqk.jpg,Etnicidad y pluralismo cultural La dinámica étnica en Oaxaca,Caja #14,caja-14,002_AP1GczOCqk.jpg,0,98.2,Etnicidad y pluralismo / cultural La dinámica / étnica en Oaxaca / Alicia M. Barabas Miguel A. Bartolomé / Coordinadores / Colección Regiones de México / Instituto Nacional de Antropología e Historia,https://lh3.googleusercontent.com/pw/AP1GczOCqk38i7RnSyGOC7goAYY1kn2LU1TuyfPOGCCdgleL2B8I4VOiU6UP9HWpMiA82DjeaX3QNp_4fvEHtqGznYAEcDAnxIZVMiCUICCkekQI8IJxMx8
rotadas/caja-14/003_AP1GczMZSK.jpg,Tecnologías corporales danza cuerpo e historia,Caja #14,caja-14,003_AP1GczMZSK.jpg,0,99.0,D a n N a / Tecnologías corporales / danza cuerpo e historia / Hilda Islas / Serie Investigación y Documentación de las Artes / Segunda Época,https://lh3.googleusercontent.com/pw/AP1GczMZSKKzIpqXBoyj8rp54We8-ySKcdlQILCIj3-w413jinaHmBMKRm2JZyOVJmSdcBW_8WcEXqp_LgThOStgGTZcriRf8jYh3cteQLeyOWMurNmr8Qk
rotadas/caja-14/004_AP1GczPR4x.jpg,OSCAR LEWIS,Caja #14,caja-14,004_AP1GczPR4x.jpg,0,98.4,OSCAR / LEWIS / beltrans / D / TEPOZTLAN / UN PUEBLO DE MEXICO / MORTIZ,https://lh3.googleusercontent.com/pw/AP1GczPR4xn-DuKSVgEwcgXJL8O9Uybh7vOJheut7COgcsCX5SCEFsXyJs-zG5AriFaI5XPOsoSnzV7KrYKGZkWo7NZqfiXb7zlhWFtGh8Sd4igSS-nm0ng
rotadas/caja-14/005_AP1GczOSaL.jpg,Gráfica rupestre y paisaje ritual,Caja #14,caja-14,005_AP1GczOSaL.jpg,0,98.9,Gráfica rupestre y paisaje ritual / La cosmovisión de los recolectores cazadores / de Querétaro / Carlos Viramontes Anzures / OBRA DIVERSA / INSTITUTO NACIONAL DE ANTROPOLOGÍA E HISTORIA,https://lh3.googleusercontent.com/pw/AP1GczOSaLfYyAUBwUsAn6yeTfbzmYSOQ_W8Qv_wsZ8--chYnNbT3kJxp7jht15ZgKJRky8vKzjWmUDlf0VrFBwVIA1LbQ4i4CWDp8lM8Uf5FEhgc9omU4I
rotadas/caja-14/006_AP1GczMHnh.jpg,Mitológicas III,Caja #14,caja-14,006_AP1GczMHnh.jpg,0,72.9,El origen de las / maneras de mesa / Claude Lévi Strauss / Mitológicas III / edición 37 / 5ª veintiuno X editores siglo 1,https://lh3.googleusercontent.com/pw/AP1GczMHnhr3-2xvwBVvrCznjKgAWibTOvRVJizk3XQawhsJmj3oPNLf-bscyFHFiPktFpVrVj8fpUMEjHPtMLWffCuQiIfSQTV27-1Hk08GVMPDrLI7_4k
rotadas/caja-14/007_AP1GczMCbs.jpg,CACAXTLA XOCHITECATL MUCHOS MÁS QUE UN MUSEO,Caja #14,caja-14,007_AP1GczMCbs.jpg,0,98.2,CACAXTLA XOCHITECATL / MUCHOS MÁS QUE UN MUSEO / Noemí Castillo Tejero Sergio Gómez Chávez / Laura Adriana Castañeda Zerecero / Pedro Paz Arellano Abner Gutiérrez Ramos / Andrés Santana Sandoval Cuauhtémoc Velasco Ávila / Francisco Beristaín Bravo Ramón López Valenzuela / HO / DELEGACIÓN D II IA 1 / Profesores de investigación científica y docencia del / Instituto Nacional de Antropología e Historia / Delegación Sindical D II IA 1 / Sección 10 SNTE,https://lh3.googleusercontent.com/pw/AP1GczMCbspvsqQ_AWlCzQ3t8-Um7ajLfmILTbpixwd-u58CJ51AhcKOzDqvvhCpGT2SW0e43LE3zwlAHgmE1boxzIzX9sov2CoCsz5qXTJ1Ft28pmPIwXs
rotadas/caja-14/008_AP1GczOwyo.jpg,1 NACIONAL,Caja #14,caja-14,008_AP1GczOwyo.jpg,0,93.5,ER CONGRESO / 1 NACIONAL / de investigadores del / INAH del 5 al 9 de julio 82,https://lh3.googleusercontent.com/pw/AP1GczOwyoE_e5ziORuiPN9o05D6y749aXCMki5lZ9Ecv4zrPzUz6mUHkGyF9zYXfamf88YCKKBP6O95GLEOlI6J1jhj17WIm4hQ6KFrazSd1DxdMGO7gqo
rotadas/caja-14/009_AP1GczMCR1.jpg,COMERCIO TRIBUTO Y TRANSPORTES,Caja #14,caja-14,009_AP1GczMCR1.jpg,0,98.8,Historia / COMERCIO / TRIBUTO Y / TRANSPORTES / La economía política del Valle de México en el siglo XVI / ROSS HASSIG / Alianza Editorial Mexicana,https://lh3.googleusercontent.com/pw/AP1GczMCR14CuKpyTjSLAIXXodLo_-JuJI1ZXWPvDKm-2GCtIRTWgywlAk74VqaGnIFwXWBDtQtu7j-IMmP374_M4DcMqMbLRaldEwVxdNCWTsA9-8weCko
rotadas/caja-14/010_AP1GczOyrg.jpg,TEXCOCO,Caja #14,caja-14,010_AP1GczOyrg.jpg,0,99.1,MANUSCRITOS DE / TEXCOCO / S / Z / FELFIL / ES / B / D,https://lh3.googleusercontent.com/pw/AP1GczOyrg4UbiPfEASnFTBUfqNJgch_1S7FDpsXKr_sCcvw2WKiIk5HtdpDz1Vb7USH3UgQQIGIxQvOzFG9dU1fTgqP5ePX7zAeU5Tgb6WHhQZHfh82CzI
rotadas/caja-14/011_AP1GczMVq4.jpg,Nuevo instructivo,Caja #14,caja-14,011_AP1GczMVq4.jpg,0,98.5,Nuevo / instructivo / SUBDIRECCIÓN DE LABORATORIOS Y / APOYO ACADÉMICO INAH / GIFIC / INSTITUTO NACIONAL DE ANTROPOLOGÍA E HISTORIA,https://lh3.googleusercontent.com/pw/AP1GczMVq4GBXDMQuKOVeYbpkO-DTZxdYX-i1pbqAJdpmBgh3XcODJUl7HCXDH2GNQKBT-UbbKgUXtAlU1Zu0yeAmBASHdpKz0jXm3BSKAJfYBGgqlEYo28
rotadas/caja-14/012_AP1GczPUFe.jpg,Mauricio Robert Díaz ANTONIO MACHADO Y LA EDUCACION,Caja #14,caja-14,012_AP1GczPUFe.jpg,0,98.8,Mauricio Robert Díaz / ANTONIO / MACHADO / Y LA EDUCACION / sep Ediciones / CULTURA El Caballito,https://lh3.googleusercontent.com/pw/AP1GczPUFeVvSyBi2SMdjSWxym-h6ev2ngo9_IZDAGJzlYiVaFzevs_UWUGPFy0sYxtnSdW4upcxYGYdroFBoD0Vw4hHGLtMfu4kzjFvIh7xb6JqSYmbEaM
rotadas/caja-14/013_AP1GczO9pa.jpg,Nueva Antropología 20,Caja #14,caja-14,013_AP1GczO9pa.jpg,0,97.4,ISSN 0185-0636 / Nueva / Antropología 20 / REVISTA DE CIENCIAS SOCIALES / ETNIA Y NACION / nales ANDRES de poder cionario MEDINA en T BOEGE México en HERNANDEZ la antropologia El FRANCISCO conflicto Los etnia MANUEL grupos JAVIER nación étnicos ORTEGA GUERRERO en Nicaragua y los HEGG sistemas El LUIS JAIME anticapita- tradicio- CA- VE- / conflicto en Nicaragua DOCUMENTOS Palestina y Guatema- / timas del genocidio Reunión sobre la cuestión étnica y nacio- / ESTEM y otros,https://lh3.googleusercontent.com/pw/AP1GczO9pazgde7zH0hehm4xGxMDz10KbtK68zplXjDMywCgLyJyOTACY7ogvUSQWU2W3xRkkfc89fqs5enfY9dM4bYrJmiiRnodxwTXLXcbng-ucBp7ZgY
rotadas/caja-14/014_AP1GczMmu6.jpg,EI El Cristo Viejo Xichu,Caja #14,caja-14,014_AP1GczMmu6.jpg,0,89.0,EI El Cristo Viejo / Xichu / Resistencia y rebelión en la Sierra / Gorda durante el siglo XVIII / Gerardo Lara Cisneros / memoria histórica,https://lh3.googleusercontent.com/pw/AP1GczMmu6XiOBwIU78OpOlY0WqyqhTeJ2GwoYbs07YKv0gBCWSYQ_YuxICVbp2KpNBIwwKj3yIGdY5e0hIwsSPA1R3siaFAF0gefU1RJtVYVuvFxKBAnhQ
rotadas/caja-14/015_AP1GczOorR.jpg,Ricardo Avila Palafox,Caja #14,caja-14,015_AP1GczOorR.jpg,0,98.6,Ricardo Avila Palafox / Revolución en el Estado / de México / Colección Divulgación / Instituto Nacional de Antropología e Historia / Gobierno del Estado de México,https://lh3.googleusercontent.com/pw/AP1GczOorRoLPDUw6cdRKiMBNHiUu_eQH8T6E5O-NtBLSxdHQWU5F0YRKRdw97NIv17uDKu3I-ZBP2dedkM4l40G2N-Jbz6-P7vchB5n8yHfsyRNSzhdvDk
rotadas/caja-14/016_AP1GczP6Z9.jpg,CH'ULEL UNA ETNOGRAFÍA,Caja #14,caja-14,016_AP1GczP6Z9.jpg,0,98.8,Pedro Pitarch Ramón / CH'ULEL UNA ETNOGRAFÍA / DE LAS ALMAS TZELTALES / 00 LZL,https://lh3.googleusercontent.com/pw/AP1GczP6Z9r6tJi-IrW8tWVSUzlATiHfzXSaAqOG48-rN18BSzviv78wKEs6Hh2FFOTPW8Y-8Bnp2lGrwHffL1-lGXTP2ry_Ksf3PEPaEYlnhMlzIS2JJaI
rotadas/caja-14/017_AP1GczOiys.jpg,Karl E. Meyer EL SAQUEO DEL PASADO,Caja #14,caja-14,017_AP1GczOiys.jpg,0,97.9,Karl E. Meyer / EL SAQUEO DEL PASADO / Historia del tráfico internacional / ilegal de obras de arte / D,https://lh3.googleusercontent.com/pw/AP1GczOiysogpWXooy9dBwwWXJ0wrAjEmiK_jizuhQalEYCetyj88wugFVBoBuMptHDH2oJBm3nIH16XKerCP5iNr9eoA0kaiLo_vkHbc2FlX3Spnw8DW2w
rotadas/caja-14/018_AP1GczN0E2.jpg,SONIA LOMBARDO DE RUIZ Desarrollo urbano Mexico Tenochtitlan según las fuentes históricas,Caja #14,caja-14,018_AP1GczN0E2.jpg,0,98.3,SONIA LOMBARDO DE RUIZ / Desarrollo urbano / de / Mexico Tenochtitlan / según las fuentes históricas / Ay / A Tid / Arcaha Munmen / Lars / Cubb / PIP / dont / on / Cunts / tem / TEMIX TITA / mas ad / Makema / Mizrna / sep / inah,https://lh3.googleusercontent.com/pw/AP1GczN0E2IpFQZSJlvOtH8DZDFZ-n_M8CJGbh6pDVx1nDMa06VGfVjqi2o_u1vLRx-ctg0L3uD4xkp2rndDBxoGm9TY-h8j5zeEkfd79TNIyZKrQvLZuNU
rotadas/caja-14/019_AP1GczPmOM.jpg,PINOTEPA NACIONAL mixtecos negros y triques,Caja #14,caja-14,019_AP1GczPmOM.jpg,0,97.8,GUTIERRE TIBÓN / PINOTEPA NACIONAL / mixtecos negros y triques / EDITORIAL POSADA EDICION / 3a,https://lh3.googleusercontent.com/pw/AP1GczPmOMyjXT5IG9IB3To3cwy5ctjNBGxNjbvZw8fdDuTuKGu2UIGBjYb8C574G9Mv1bS2_M7nl3FPPltpOHGIN-bGHzts6l-qmyZJ3lMO_ngc7xlzJj0
rotadas/caja-14/020_AP1GczO0Zx.jpg,Esculturas Mezcala en el Templo Mayor,Caja #14,caja-14,020_AP1GczO0Zx.jpg,0,97.9,COLECCION / DIVULGACION / Esculturas Mezcala / en el Templo Mayor / Carlos Javier González / Bertina Olmedo Vera,https://lh3.googleusercontent.com/pw/AP1GczO0Zxi1e6r81_g4V_ao-NT5FqAL0egO6VLkp5hyi3XZeF_6JyDga2OPwBOVVMcOmuelirj0TR-hUDoh7O7Kkl-4yhv5F6PukZfg9qUwQnofzsWLgoI
rotadas/caja-14/021_AP1GczPywS.jpg,La fauna en el Templo Mayor,Caja #14,caja-14,021_AP1GczPywS.jpg,0,98.2,COLECCION / DIVULGACION / La fauna / en el Templo Mayor / Coordinador / Oscar J. Polaco,https://lh3.googleusercontent.com/pw/AP1GczPywSQneFX95-g5wRgQxMT7hdmqDVmKYF0i_tDQMKZM2U-8-DtLHLZqROrQpyxvwHGd7X6sU68XCDD9AtP0UKWIciwq9vFdAHHZjmk8Wi2Gqam980w
rotadas/caja-14/022_AP1GczPfXy.jpg,Revolución agrícola en Tierra Caliente de Michoacán,Caja #14,caja-14,022_AP1GczPfXy.jpg,0,98.4,Revolución agrícola / en Tierra Caliente de Michoacán / Juan M. Durán Juárez / Alain Bustin / 00 / U / EL COLEGIO DE MICHOACAN,https://lh3.googleusercontent.com/pw/AP1GczPfXyhr3qBZ6k9DFStmrQNTuhA1zfQQBs8u610z4RQHqhk8AFg6rfxWL13lQWUsKzEqSJhV25g46C7nvyFD3g5J2rSkdIbv-tNt3v4dAqBDyAW6z88
rotadas/caja-14/023_AP1GczOYO3.jpg,LA DIVISION CAPITALISTA DEL TRABAJO,Caja #14,caja-14,023_AP1GczOYO3.jpg,0,98.4,LA DIVISION / CAPITALISTA / DEL TRABAJO / RANIERO PANZIERI / ARMANDO DE PALMA / MICHELE SALVATI / BIANCA BECCALLI / ANTONIO LETTIERI / ANDRE GORZ / 32 / CUADERNOS / DE / PASADO Y / PRESENTE,https://lh3.googleusercontent.com/pw/AP1GczOYO35w_H4oq6J08tz35Qx1pmRcAVUj76ipbIU1BoUf-0Nb_Xt1sTKGpFxnF8lWjTFalnUYXJmYl3wViHyWDnAUsZgCxyh4rNE6x48MnF-XWxQBL_8
rotadas/caja-14/024_AP1GczP9D1.jpg,Los refugios de lo sagrado,Caja #14,caja-14,024_AP1GczP9D1.jpg,0,98.8,REGION E S / Los refugios / de lo sagrado / Religiosidad conflicto y resistencia / entre los zoques de Chiapas / Dolores Aramoni Calderón / Consejo Nacional / para la / Cultura y las Artes,https://lh3.googleusercontent.com/pw/AP1GczP9D1iZbNy0uyhPf4QUSvwCY5dF5edhuGu5wb4JORi1zwl02xtTP-RZxmU2rzAZRr3MHZ5w4aHxB-pClmhJFoLI2GscRrmlfWh4NYALg-ELOX2S48I
rotadas/caja-14/025_AP1GczPrG5.jpg,Talokan tata talokan nana nuestras raíces,Caja #14,caja-14,025_AP1GczPrG5.jpg,0,98.5,REGION ES / Talokan tata / talokan nana / nuestras raíces / M / Ma Elena Aramoni / O / Cultura para Consejo la y Nacional las Artes COXE S / Dirección General de Publicaciones,https://lh3.googleusercontent.com/pw/AP1GczPrG5y7Szx5XKGYRKpw3S7lMvKzTxLgNA16Xc0hLxKstyDUssCQRrCA78E4wIv_aoONkqMV4AmcWK82-BRT4h0eeB-91brAormY6Z5oIUe15aqj_PQ
rotadas/caja-14/026_AP1GczPUs7.jpg,de cultura departamento de patrimonio cultural e investigación,Caja #14,caja-14,026_AP1GczPUs7.jpg,0,98.5,anuario / instituto chiapaneco / de cultura / departamento de patrimonio cultural / e investigación / Wa / 1990,https://lh3.googleusercontent.com/pw/AP1GczPUs7lfQVRB4nvo9VQnCQXdfsEAYEc4Ktd6AHJ3sc53KrwfVvBsnch4RQIxvTKj_2RAoX58klt4w05kZcCSConovV0MUIIiQTv3gseRAIlmKVIKWws
rotadas/caja-14/027_AP1GczODcl.jpg,Dimensión Social del Patrimonio Cultural del Mundo Maya,Caja #14,caja-14,027_AP1GczODcl.jpg,0,98.8,Dimensión Social / del Patrimonio / Cultural del / Mundo Maya / Memorias / Jornada Académica,https://lh3.googleusercontent.com/pw/AP1GczODclPFmCQm5Uto-tdXGTdv4gbMI7VqDy09LyP0vFMQhsbXS9T2cK4weAop-evCkB3j2Vmh1XTW5nQUAc6f8djZgkKgkEja4yRf-gE-OczHVypRc-Y
rotadas/caja-14/028_AP1GczORTg.jpg,MARIANO PICON SALAS,Caja #14,caja-14,028_AP1GczORTg.jpg,0,94.0,MARIANO / PICON SALAS / DE LA CONQUISTA / A LA INDEPENDENCIA / Y OTROS ESTUDIOS / MONTE AVILA EDITORES,https://lh3.googleusercontent.com/pw/AP1GczORTgn5tJq93AiYIzm12-6l7SXqamvuO1Vpq2RZnxYzInOiR2iC0n3GdY6-scsrAlqxkrvts07ldxGtNx9pGhDEW2zbYNfPO3JQXmKx9aXuxHAK2j8
rotadas/caja-14/029_AP1GczODwZ.jpg,DE FRAGMENTOS Y TIEMPOS,Caja #14,caja-14,029_AP1GczODwZ.jpg,0,98.7,DE FRAGMENTOS Y TIEMPOS / Arqueología de Salvamento en la Ciudad de México / Subdirección de Salvamento Arqueológico,https://lh3.googleusercontent.com/pw/AP1GczODwZ9RHEDU0iVvMuHVGg62-vcrs0y_KrCKZuzOl-bEt4OMZiGMYrKkhBLhN8C4U_-D1lCedV_XIU91UMPBf6sVsZQBH3yeKdXi0hi1HoBlKnZdl2s
rotadas/caja-14/030_AP1GczNr1q.jpg,ARQUEOLOGIA FRENTE A BELLAS ARTES,Caja #14,caja-14,030_AP1GczNr1q.jpg,0,96.9,ARQUEOLOGIA FRENTE / A BELLAS ARTES / H / Dirección de Salvamento Arqueológico / Ingenieros Civiles Asociados,https://lh3.googleusercontent.com/pw/AP1GczNr1qAuKLkU-_OiamTF-LM2pbI_qrqDhdl-L-v-kuTfmXEe2tRZt7vIbokD7tZ1fGqA7bIU6Y0RSBT4WhayJ1NdlIiFICzFIYrvqgX20a8wGYrJL_s
rotadas/caja-14/031_AP1GczMyQ_.jpg,HISTORIA Y ACTUALIDAD DE LOS GRUPOS INDIGENAS DE QUERETARO,Caja #14,caja-14,031_AP1GczMyQ_.jpg,0,98.5,HISTORIA Y ACTUALIDAD DE LOS / GRUPOS INDIGENAS DE QUERETARO / Carlos Viramontes coord / V CENTENARIO AMERICA EUROPA,https://lh3.googleusercontent.com/pw/AP1GczMyQ_czG1_haQYuPLybXYmPAGwOnyd8P7vx6cGwJGi_FuKNAjJjdWyXnDVW0aBbtqG7Ch1uRQRyS-wbQ40q0VbAZ2R7Ych95LL-x7MJSRGpEiamCaY
rotadas/caja-14/032_AP1GczOYoN.jpg,MEZCALA,Caja #14,caja-14,032_AP1GczOYoN.jpg,0,98.7,LA CULTURA / MEZCALA / Y EL TEMPLO MAYOR / POSICIÓN HOMENAJE A EDUARDO MATOS MOCTEZUMA,https://lh3.googleusercontent.com/pw/AP1GczOYoNxPVTPqyuWghqSRZrrpFk8xKG9qaBeLeJIQc7qRmsvsMZ54eHiQ5OTa2hz6XhHgRBy6kVREHoTK5v0u-CVpMIy4Jcn8fRZBi_CCZBW8KaU3eiQ
rotadas/caja-14/033_AP1GczOKD1.jpg,MARIANO PICON SALAS,Caja #14,caja-14,033_AP1GczOKD1.jpg,0,94.5,MARIANO / PICON SALAS / DE LA CONQUISTA / A LA INDEPENDENCIA / Y OTROS ESTUDIOS / MONTE AVILA EDITORES,https://lh3.googleusercontent.com/pw/AP1GczOKD1L60XxOX487O-wKWjpASlCTtBHm-nHIlx9zHQcKyvRKzL2pAzeP4k0d17HF2Z7fJ0esOgGIkaePywFXvIzvVVC4VE6S8NTezyg98qr0sY0hVdA
rotadas/caja-14/034_AP1GczOhcp.jpg,Carlos Serrano Fosa maria ramos,Caja #14,caja-14,034_AP1GczOhcp.jpg,0,84.0,Carlos Serrano / Fosa maria ramos / S.1 / H / E / 0 20 40cm / PERFIL BIOANTROPOLOGICO DE / LA POBLACION PREHISPANICA / DE SAN LUIS POTOSI / UNIVERSIDAD NACIONAL AUTONOMA DE MEXICO,https://lh3.googleusercontent.com/pw/AP1GczOhcp8--xQNSpNx3dWVhPstIGGj7czGr43b2Eivksw3ypzQ8qS09NYPFGwrOETkzU0DdbsFhBGulc3ahWlxV-f2ZeZa1i6MjRtYeLMGyAg4uLDXu3M
rotadas/caja-14/035_AP1GczNmUA.jpg,ESTRUCTURA ECONÓMICA DE LA SOCIEDAD MEXICA,Caja #14,caja-14,035_AP1GczNmUA.jpg,0,97.6,VICTOR M CASTILLO F / 33 / eG / ESTRUCTURA ECONÓMICA / A / DE LA SOCIEDAD MEXICA / SEGUN LAS FUENTES DOCUMENTALES / B / G. C / GEG G Re A / G / Tan lid 4 G 0 GG / 06 G / e / E 21 / GG G 3 Tol / GC / D 6 GG ERKSHIR 00 and 43 G G 1 R / G 4 / G G G 3 0 5 A ER INS C / G G G D GG / t / G / G P a 42 / GA D G / B ET E 3 0 020 BDO OD B A P 5 GR / G / 4 / G D G / G / G P / D A / 4 / DO / UNIVERSIDAD NACIONAL AUTÓNOMA DE MÉXICO,https://lh3.googleusercontent.com/pw/AP1GczNmUAuz7u7kTiQT2JgwKGLfo4F-WpxdA8ClSlalxKXwhPytvTA9pMQqFx9YftKpu2TnGuSxMIHDBwLTxbRf41TR4THVUeS8dLj_Aj19LE8BJTGJmUU
rotadas/caja-14/036_AP1GczPkmF.jpg,COACHING,Caja #14,caja-14,036_AP1GczPkmF.jpg,0,98.2,COLECCIÓN PROFESIONAL / Leonardo Wolk 12a / EDICIÓN / COACHING / EL ARTE DE / SOPLAR BRASAS / Colofón por Rafael Echeverría / granAldea EDITORES,https://lh3.googleusercontent.com/pw/AP1GczPkmFNB-St5n6Y1JyI9YcPHQxByaQs6i9fOl4ih7t7xo8uk3NaSB6CpZWF-iB9jwdd9yhe1yv552aYz1EqfyyUxOosC_No020bK9g0FdxBR865t5UY
rotadas/caja-14/037_AP1GczOj09.jpg,PARA LA DESCRIPCIÓN DE VASIJAS CERÁMICAS,Caja #14,caja-14,037_AP1GczOj09.jpg,0,96.8,Hélène Balfet / Marie France Fauvet Berthelot / Susana Monzón / NORMAS / PARA LA DESCRIPCIÓN / DE VASIJAS CERÁMICAS / CENTRE D'ÉTUDES MEXICAINES / ET CENTRAMÉRICAINES / CEMCA,https://lh3.googleusercontent.com/pw/AP1GczOj09cUUB3SMuhod3AmiNJLXgD45tDY7kGQbz0SgyzzdRN8HA-9XXnYAs4x8riDl80tHi1GmqM1wLYYCT5OmuPaPaKEMUsA-dcMJj4C5Dt397pfzfg
rotadas/caja-14/038_AP1GczNZTr.jpg,ARTE INDOCRISTIANO,Caja #14,caja-14,038_AP1GczNZTr.jpg,0,98.8,ARTE INDOCRISTIANO / ESCULTURA DEL SIGLO XVI EN MEXICO / CONSTANTINO REYES VALERIO / INSTITUTO NACIONAL DE ANTROPOLOGIA E HISTORIA,https://lh3.googleusercontent.com/pw/AP1GczNZTreuwjs_VYIqbqKRnI6vKVJxRhaEuYuwN0CsNZqqLJ2V30o5-iXXs62AJ6v2SoO8VIxOxlwu3i0zK0QJKF6uq_VHnlREnLn4YKBBtgF5IQD6poA
rotadas/caja-14/039_AP1GczPvvo.jpg,LA TIRA DE LA PEREGRINACION CODICE BOTURINI,Caja #14,caja-14,039_AP1GczPvvo.jpg,0,98.5,LA TIRA DE LA PEREGRINACION / CODICE BOTURINI / A,https://lh3.googleusercontent.com/pw/AP1GczPvvo0PfBkgC_N5miHZt7e8WH4-gg-8uJxBsD0oWk7Kdju0i2hM8v0zkWutWZiBkXRmpGugGth8Kvixm_qCIZESdRMtzllzgiFkWoiQLSqevh0KFCI
rotadas/caja-14/040_AP1GczOIrr.jpg,la paz paz Robert Jaulin blanca,Caja #14,caja-14,040_AP1GczOIrr.jpg,0,98.5,la paz paz Robert Jaulin / blanca / Introducción al etnocidio / CONTEMPORANEO EDITORIAL TIEMPO,https://lh3.googleusercontent.com/pw/AP1GczOIrrCa6Po3zfAeYbuDUgGySc9T8kuPWw4krjvmXaPbOkGu1KYECeGcNgDA-HtNp0EwUAxdOgWBtJyHg9gzHCfyGz9_zXmUQ40PT9nmBEP3un7yK3Y
rotadas/caja-15/001_AP1GczNb4B.jpg,PUEBLA Ramo donde,Caja #15,caja-15,001_AP1GczNb4B.jpg,0,87.2,2 / PUEBLA / Ramo donde / quía méxico desconocido / 30.00 / 57 / 377384 / Sittos arqueológicos Monumentos históricos Museos Ciudades Bellezas naturales / 509997 Deportes y actividades Tradiciones y costumbres Hoteles y restaurantes / 7,https://lh3.googleusercontent.com/pw/AP1GczNb4BVXpH780ymuo2usmNmSpA0uXzDKFizYg5VBd2YpTn8aM-EM-Lo_HfeHK-DEhOZKJq9kJ87M5oMIrWHMw6e99fSSvLOawrRVT772oKYGADzcDGU
rotadas/caja-15/002_AP1GczPQd5.jpg,design motifs 2.00,Caja #15,caja-15,002_AP1GczPQd5.jpg,0,96.6,design motifs 2.00 / of / m / Enciso / Jorge ww 34 / anc mexico,https://lh3.googleusercontent.com/pw/AP1GczPQd5twM9cRm3yOK5sTibgra5vaoGHcuY4RyiQUsN7Tcexe5UF9dSUx1TWLv1vc8kq0NHiuynssYkqmnOLiArWDf2GzDcq0FHhPz-dRpGJDgVOnmQw
rotadas/caja-15/003_AP1GczOkdH.jpg,ROCK ART SYMBOLS,Caja #15,caja-15,003_AP1GczOkdH.jpg,0,97.7,A FIELD GUIDE TO / ROCK ART / SYMBOLS / Of the Greater Southwest / ALEX PATTERSON,https://lh3.googleusercontent.com/pw/AP1GczOkdHkACjb5aIJjFXbhryy4Vq_VL5rLFSY_Tw94Z-nmO6Z-w4sWIYcgDAGWWxp9i7itHSm4FjrCFMti6L8GjBmUoU19eV7LPVMk4vqQNcXqu1wpaNk
rotadas/caja-15/004_AP1GczN7x5.jpg,IDEOLOGY,Caja #15,caja-15,004_AP1GczN7x5.jpg,0,97.9,IDEOLOGY / and Pre Columbian / Civilizations / Edited by Arthur A. Demarest / and Geoffrey W. Conrad / H / C / SCHOOL OF AMERICAN RESEARCH ADVANCED SEMINAR SERIES,https://lh3.googleusercontent.com/pw/AP1GczN7x58hE-L0PB5unromSrqCJhy1A_Gz8iYoFhaq8x7eJDxRsw2bZWvKSYykuqkcs6vwRJdfIxw3K6G2RF7lGCymJyMMZR0FKaj63qEvKqpi1ULFOc0
rotadas/caja-15/005_AP1GczPCmH.jpg,EL SACRO DE TEQUIXQUIAC,Caja #15,caja-15,005_AP1GczPCmH.jpg,0,97.5,Luis Aveleyra Arroyo de Anda / EL SACRO / DE TEQUIXQUIAC / A JAUT / V / MUSEO NACIONAL DE ANTROPOLOGIA / INSTITUTO NACIONAL DE ANTROPOLOGIA E HISTORIA / MEXICO 1964,https://lh3.googleusercontent.com/pw/AP1GczPCmHy1xUg7DUNzf7UmziC-xkfqiDnvGYUmauHQplqdYBIGMmVAPG3D2H-zVdHwOVXnohF4uxVPIZJYuAhscBYj1xGjznBE4PF-mzdSrteUokskMxQ
rotadas/caja-15/006_AP1GczO69d.jpg,espacio y forma EN LA VISION PREHISPANICA,Caja #15,caja-15,006_AP1GczO69d.jpg,0,98.3,espacio y forma / EN LA VISION PREHISPANICA / César Novoa Magallanes / Búsqueda de invariantes de visualidad pura / en el arte y diseño urbano prehispánicos / 1 / 92 / FACULTAD DE ARQUITECTURA / UNIVERSIDAD NACIONAL AUTÓNOMA DE MÉXICO,https://lh3.googleusercontent.com/pw/AP1GczO69dQBol4qGAAk1NdgkYiJVjf_nol_8zB9LSMP84r4byHikvn7OsTcGo2X6BlZIyWlBNeiR6p9VNAc8Xgjs_KcCtrm4uP2A3ikoxp-W9gmvHf0NR8
rotadas/caja-15/007_AP1GczNTaX.jpg,LA ARQUEOLOGIA INDUSTRIAL,Caja #15,caja-15,007_AP1GczNTaX.jpg,0,98.8,LA ARQUEOLOGIA INDUSTRIAL / GIGLIOLA CAROZZI / Departamento de Arquitectura y Urbanismo / UNIVERSIDAD / LAVERDAD NOS HARA LIBRES IBEROAMERICANA,https://lh3.googleusercontent.com/pw/AP1GczNTaXmQcIbEYYtTAOC9ylCTBFvcBI7G2Vcsao9TObLlqY3RMheGgg69k330mpI7qInqYN_4sfelMF_UmFvxZnku7ELdTKMULlZ5lgE8zwljh3XT8pQ
rotadas/caja-15/008_AP1GczNIhS.jpg,BU YAXKIN,Caja #15,caja-15,008_AP1GczNIhS.jpg,0,68.3,BU YAXKIN / ÓRGANO DE DEL DIVULGACIÓN / INSTITUTO HONDUREÑO DE ANTROPOLOGIA E HISTORIA / PUBLICACIÓN ANUAL / VOLUMEN XXXII 2003 / 11,https://lh3.googleusercontent.com/pw/AP1GczNIhSJ7Z6o6wMKtZkLKt1o8qM0anMJseBcERHMo-iasia-j-C1325Ku5Z5S5qTqzDnD3pQqvR7ICRquT2OdiFeePrzZ8p_qTZPLyWX8R8qfhHi89Dk
rotadas/caja-15/009_AP1GczO0Nr.jpg,CENTRO HISTORICO,Caja #15,caja-15,009_AP1GczO0Nr.jpg,0,98.8,VIAJE / La ciudad de México SIN SU GUIA / CENTRO HISTORICO,https://lh3.googleusercontent.com/pw/AP1GczO0Nr4sj3HkqfPz8YI-cofZpRHAOd3ARj7t_Z-0-fHLROSt-V9AgmbNpW12ggfT6TaXH5VF6e7jUyEWNjZEztO8W_MzSOX5H_YwCJsG6mmyQ6nYRWg
rotadas/caja-15/010_AP1GczMvTd.jpg,CAMPECHE turísticas desplegable actualizada y,Caja #15,caja-15,010_AP1GczMvTd.jpg,0,98.8,mapa Edición / rutas / CAMPECHE turísticas desplegable actualizada y / guía méxico desconocido cómo y donde / www.mexicodesconocido.com.mx 00101 40.00 509997 7 577388 Sitios Deportes arqueológicos y actividades Monumentos Tradiciones históricos y costumbres Museos Hoteles Playas y Bellezas restaurantes naturales,https://lh3.googleusercontent.com/pw/AP1GczMvTd7EE8zCRi-Ssqwfj4_qbFvUitM5379-ORf7QV42rLelCeWZxBm3D4ct2D-HLmtFoSDSr8StzbJkgVsVief26z1AUIX8t_n-oUmTmOIlJ4DSOFs
rotadas/caja-15/011_AP1GczMSMX.jpg,Lamha,Caja #15,caja-15,011_AP1GczMSMX.jpg,0,86.0,CONACULTA INAH / Lamha / BOLETIN INFORMATIVO / DEL MUSEO DE SITIO / Y ZONA ARQUEOLÓGICA / DE PALENQUE / AÑO 3 SEGUNDA ÉPOCA NO 14 / DENERO MARZO 2005,https://lh3.googleusercontent.com/pw/AP1GczMSMXCoNcY9b6yvSHlojr7OTxp8FLpkGqf6NQIeQOvBykTt3nAExucqlKYUO3rl2oQgoug1Z0uPGLHZTbNPfM6zAg3qOU9k5Ai1cteBEIbHj_yBPe8
rotadas/caja-15/012_AP1GczMJ50.jpg,BOLETIN INFORMATIVO Y DEL ZONA MUSEO ARQUEOLOGICA DE SITIO BBC L 3 DE PALENQUE AÑO JULIO 37 SEGUNDA SEPTIEMBRE ÉPOCA 2004 NO 12 G,Caja #15,caja-15,012_AP1GczMJ50.jpg,0,92.2,Lakamha ACONACULTA INAH / BOLETIN INFORMATIVO / Y DEL ZONA MUSEO ARQUEOLOGICA DE SITIO BBC L 3 / DE PALENQUE / AÑO JULIO 37 SEGUNDA SEPTIEMBRE ÉPOCA 2004 NO 12 G / 6000 / Malery Blom en la región / de Palenque,https://lh3.googleusercontent.com/pw/AP1GczMJ50pcFGg-Hw49JY2PQjdoDd_Q8FJZsy0_Xg7vFDiVCLd0M4LnmhkoasDueRHc_J_5pamVI6-D_N3qQpr3RnVh9JvYdE3bmpS82OwPyx7RUzFgeYw
rotadas/caja-15/013_AP1GczP2dx.jpg,Lakamha,Caja #15,caja-15,013_AP1GczP2dx.jpg,0,97.6,ACONACULTA INAH / Lakamha / BOLETÍN INFORMATIVO AÑO 3 SEGUNDA ÉPOCA No. 13 / DEL MUSEO DE SITIO OCTUBRE DICIEMBRE 2004 / Y ZONA ARQUEOLÓGICA / DE PALENQUE,https://lh3.googleusercontent.com/pw/AP1GczP2dxP1Rdk-dwrNsMzm7wuUFzF_E-7Fktlcpz17VzHSzOpcoGMPhBBE7Sl4z2KxwZ_TFGz-s3yerhsHbD-fdRwlJnUGqVudaJAi4KDeB1Lu9xk0bAM
rotadas/caja-15/014_AP1GczOViW.jpg,septiembre,Caja #15,caja-15,014_AP1GczOViW.jpg,0,97.2,2007 DISTRIBUCIÓN GRATUITA / septiembre / año 1 Núm 6 júlio Carac / Órgano Informativo de la Dirección General de Culturas Populares / Museo Nacional de / Culturas Populares / 25 aniversario / Pueblos indígenas / de México / Diversidad que enriquece / María Antonieta Gallart Nocett / Directora General de Culturas Populares / Pueblo Kikapú / en migración permanente / Celebraciones en el marco del Día Internacional de los Pueblos Indígenas de México / Jornada conmemorativa en el 25 aniversario del Museo Nacional de Culturas Populares,https://lh3.googleusercontent.com/pw/AP1GczOViWo8-z1IGgvNTLTyQdwfnN2xdqEluYVvV3tnBDeatakFS0e5BnFTtprePblna2ZZQc78GQYabuK4tqq5o_QSUPsfj9Xclo-U0Iwa-GU9p2sMG2I
rotadas/caja-15/015_AP1GczNXS1.jpg,cuadernos mesoamericana de arquitectura B,Caja #15,caja-15,015_AP1GczNXS1.jpg,0,99.0,cuadernos / mesoamericana de arquitectura B / número 28 febrero 1995 / SEMINARIO DE ARQUITECTURA PREHISPÁNICA / CENTRO DE INVESTIGACIONES EN ARQUITECTURA Y URBANISMO / FACULTAD DE ARQUITECTURA / UNAM,https://lh3.googleusercontent.com/pw/AP1GczNXS1akt0pruRgaAmr9yZZ0jfIVyRjuUW4dd4ALqeVoaxsuRCs68jz0l2o6trlRradVuOA3DlasgJH7BtGIX4Jsn7aweKiApnwfHBdcsOjiDSCcjH8
rotadas/caja-15/016_AP1GczMJwb.jpg,Maguey,Caja #15,caja-15,016_AP1GczMJwb.jpg,0,99.2,A / N / +91 / El / Maguey / Casa vestido y sustento,https://lh3.googleusercontent.com/pw/AP1GczMJwbZ_ZliI05XijpgfbPgsVGdxryS-XMIii8s6UzUmIZ8tSN7gP8igl5IMiR8V3zsjiLRQPRJuEAWVUGI99bx7tEDA9ktHmk4MSbPb61jJDdNhxpY
rotadas/caja-15/017_AP1GczM3io.jpg,CULTURA,Caja #15,caja-15,017_AP1GczM3io.jpg,0,97.8,CULTURA / REVISTA DE ANTROPOLOGIA Y SOCIEDAD / DIOS HUASTECO / DEL MAIZ / EN ESTE NUMERO / EXPLORACIONES ARQUEOLOGICAS EN MONTEALBAN / XVI TEMPORADA 1948 SUPERVIVENCIA DE INSTRUMEN- / TOS PREHISPANICOS PARA LA MANUFACTURA DE CERAMI- / CA EN CHILILICO HIDALGO COMENTARIO SOBRE LA CE- / RAMICA DE TEOTIHUACAN EN TORNO A LA ETNOHISTO- / RIA Y A LA UNIDAD DE LA ANTROPOLOGIA UN ENGAÑO A / LA AUTODETERMINACION ETNICA 1978 / AÑO 5 TOMO V JUNIO DICIEMBRE NUM 8,https://lh3.googleusercontent.com/pw/AP1GczM3iorfoqlNPACbMCGkfp8vtGI1Od1bDvboOzEIAqZfyzNZq_yHu_9xrNIDzeHOYOLat1g0ikvmVbfwXaPGa8agafb2VrbXCWmU7U84b6rY8gv4K3g
rotadas/caja-15/018_AP1GczM4NK.jpg,catálogo,Caja #15,caja-15,018_AP1GczM4NK.jpg,0,96.0,catálogo / EL COLEGIO DE MICHOACÁN A. C.,https://lh3.googleusercontent.com/pw/AP1GczM4NKfAgBpEAGun1-Mbxq9AVr1EvvSSgvum1m2P3TG_-GBk2yZ-OyHT9uqzgoNbPQvtHe00UPEtVbgBOLPb5PkyxdW8pvzGgW1lBFfCrbydpz2TcT0
rotadas/caja-15/019_AP1GczPAe1.jpg,NORTE,Caja #15,caja-15,019_AP1GczPAe1.jpg,0,99.0,NORTE / TERCERA EPOCA REVISTA HISPANO AMERICANA No. 225 / 000,https://lh3.googleusercontent.com/pw/AP1GczPAe1EjOOQx8c1jygowc6P6kn8QkS9mIleT2aF6VK2Ku_pyxybADGGdfNjIbY3l-OC50GqVszmKsAZ4Q346eJ9yuIZHc6TIy_kwl59WYiioD7HGVLQ
rotadas/caja-15/020_AP1GczPURn.jpg,NORTE,Caja #15,caja-15,020_AP1GczPURn.jpg,0,93.6,NORTE / TERCERA EPOCA REVISTA HISPANO AMERICANA NUM 252 / 47,https://lh3.googleusercontent.com/pw/AP1GczPURnV0T1degtN-77SZDxKmeHb_HSWvqBYLaQiK3QhV2LGf3uTMh4H0KtgQybgJAau2Sht_ByK7lR_Z04UPZDrkV3gF_IfF1HQ4zp18sqN-N8k2TnA
rotadas/caja-15/021_AP1GczOHkC.jpg,TULA,Caja #15,caja-15,021_AP1GczOHkC.jpg,0,96.9,ESTUDIOS SOBRE LA ANTIGUA CIUDAD DE / TULA / Alba Guadalupe Mastache Robert H. Cobean / Ana María Crespo Dan M. Healan / COLECCION / Arqueologia Arqueología CIENTIFICA 121,https://lh3.googleusercontent.com/pw/AP1GczOHkCQD_Rl3twodl1SAG9IXRdCxp_TCqs_X59hX1MKc_50UWqAXfp-o-HFgVLcoBosnu9EGGnc1IqbCl218i7bcbvIY6EeLs3smA5Dfkff60jvk5mM
rotadas/caja-15/022_AP1GczNavr.jpg,Casa vecindario y cultura en el siglo XVIII,Caja #15,caja-15,022_AP1GczNavr.jpg,0,99.2,Casa vecindario y / cultura en el siglo XVIII / VI Simposio de Historia / de las Mentalidades / Seminario de Historia / de las Mentalidades / COLECCIÓN CIENTÍFICA,https://lh3.googleusercontent.com/pw/AP1GczNavr0JVsmytcNMkjg4cMfHv-RcnLYq7D1gXRAV8uWl3xsG4xuyx71OxQyc3lDiOLddmkZkzy6BdW-3961-wdYtKvgJtwIXS1poYoHEs29musD9NTc
rotadas/caja-15/023_AP1GczOc-d.jpg,Flor de asfalto Las expresiones culturales del Movimiento Urbano Popular,Caja #15,caja-15,023_AP1GczOc-d.jpg,0,99.1,Flor de asfalto / Las expresiones / culturales del / Movimiento Urbano Popular / Poruna / Vivienda / DIGNA / Amparo Sevilla / COLECCIÓN CIENTÍFICA,https://lh3.googleusercontent.com/pw/AP1GczOc-dK99i_TPKIpsbGu5BLOC7gm_jmfN8P_mIRirVncFVfv4-gGTakPGIc5MCMw7ariq6kkSlsd8sc-aa9vqaJ1qI84MgdcGC71uLBlWtlJKS6YvTA
rotadas/caja-15/024_AP1GczMYgW.jpg,Pasado presente y futuro de la arqueología en el Estado de México Homenaje a Román Piña Chán,Caja #15,caja-15,024_AP1GczMYgW.jpg,0,98.2,Pasado presente y futuro / de la arqueología / en el Estado de México / Homenaje a Román Piña Chán / Argelia Montes / y Beatriz Zúñiga / Coordinadoras / COLECCIÓN CIENTÍFICA,https://lh3.googleusercontent.com/pw/AP1GczMYgWQPw-nwJiM1ItWq29AouTOaXKiDKQ3dtfLE41ifbjwErSEEmkUBoZKQnyf-df63zoRVmX_wRcbQnCWs96e24AjAjT0KIwZyCDTaV2sr5gzckQE
rotadas/caja-15/025_AP1GczPDRx.jpg,ENTERRAMIENTOS HUMANOS DE LA ÉPOCA PREHISPÁNICA EN TULA HIDALGO,Caja #15,caja-15,025_AP1GczPDRx.jpg,0,98.7,ENTERRAMIENTOS HUMANOS DE / LA ÉPOCA PREHISPÁNICA / EN TULA HIDALGO / Susana Gómez Serafín Francisco Javier Sansores / Enrique Fernández Dávila / COLECCIÓN CIENTÍFICA,https://lh3.googleusercontent.com/pw/AP1GczPDRxfcyiThiwqOjMkNVA3HLpqTUxoCWG7zzOIiTeyBSiMvagwciI-7sCqd2sLBynIVwPVGqj3cefLG1fpCGXB-va04Zd6xCI-ZY0-Cojkge8kDAZU
rotadas/caja-15/026_AP1GczMbLH.jpg,PROCESO DE PRODUCCIÓN DE ESPACIOS Y ESTRUCTURAS EN TEOTIHUACÁN,Caja #15,caja-15,026_AP1GczMbLH.jpg,0,98.1,acceso al fonjunto / Plaza Oeste / Teotihuacan México / NO MOROSS 1992 / PROCESO DE PRODUCCIÓN / DE ESPACIOS Y ESTRUCTURAS / EN TEOTIHUACÁN / Noel Morelos García / COLECCIÓN CIENTÍFICA,https://lh3.googleusercontent.com/pw/AP1GczMbLHlxn4GE_3ikIa0t0OV9vg3UkjhnEcUFR1mTpSmd3xqxsqEVhiefh55SAHMzPCmWhtk0aHNPZc1NsZIZ_2hYM14wwrVBB-6_sDuxHS7IInLAZIY
rotadas/caja-15/027_AP1GczOkzr.jpg,LAS INDUSTRIAS LITICAS COYOTLATELCO EN EL AREA DE TULA Alba Guadalupe Mastache Robert H. Cobean,Caja #15,caja-15,027_AP1GczOkzr.jpg,0,98.3,LAS INDUSTRIAS LITICAS / COYOTLATELCO EN EL AREA / DE TULA / Alba Guadalupe Mastache Robert H. Cobean / Charles Rees y Donald Jackson / COLECCION CIENTIFICA,https://lh3.googleusercontent.com/pw/AP1GczOkzr23geBDScecBSffUkKM_gCmjv_p3aGeyuvPGzTfCYRoAmbY1jgorg9DHYewLG_bt3kUlym20Eqp2N-1vP4bvS9tFeNihZIeGNDBK29MbHhC7hI
rotadas/caja-15/028_AP1GczP609.jpg,MUSEO DE HISTORIA Y ARQUEOLOGIA,Caja #15,caja-15,028_AP1GczP609.jpg,0,97.9,MUSEO DE HISTORIA / Y ARQUEOLOGIA / Compostela Nayarit,https://lh3.googleusercontent.com/pw/AP1GczP609JYCrnaVXlAtxLt_spPf07AzPQYwCwDwZGiJAOZ-Rq8v1mK-uQEjRpYL513QLJoFUk4ZhOomQxWIpOQfOtVZwHECVW7QAUmuDts3WN6uzbcFTM
rotadas/caja-15/029_AP1GczMuOs.jpg,Ixtlán de Obsidiana,Caja #15,caja-15,029_AP1GczMuOs.jpg,0,98.8,ARQUEOLOGIA DE RESCATE / Ixtlán de Obsidiana / AUTOPISTA IXTLAN TEPIC SEPTIEMBRE DE 1993 JUNIO 1994,https://lh3.googleusercontent.com/pw/AP1GczMuOspUszLQUwAYJ31DqnoboauVc8jqjf9ppTnGo4jQNvRsJOYlWt6aV38dhxlOjMXah6xsPmhdl7jcHgBEWP0WggNMphxjhxsjR9sqlCjULk5MoYo
rotadas/caja-15/030_AP1GczMoSr.jpg,Ixtlán de Obsidiana,Caja #15,caja-15,030_AP1GczMoSr.jpg,0,98.7,ARQUEOLOGIA DE RESCATE / Ixtlán de Obsidiana / AUTOPISTA IXTLAN TEPIC SEPTIEMBRE DE 1993 JUNIO 1994,https://lh3.googleusercontent.com/pw/AP1GczMoSrUOZGgBuDHCQkAWOpOC_cp4WLGMIbgb8uPsQneKL2Swb7urj8lvSI2Tqyr3HFuuaS05QxCX2Hq7hUCebDjkkp-Xr9tiB5I3qp_eqZI-FVD4v-g
rotadas/caja-15/031_AP1GczP2HH.jpg,ALTAMIRANO,Caja #15,caja-15,031_AP1GczP2HH.jpg,0,95.5,ALTAMIRANO / Paisajes / leyendas / ianza Cien,https://lh3.googleusercontent.com/pw/AP1GczP2HHt0_cJK-r25-n0AqnQU7qs-jCeoidwXh6SC8phlC-qZfmUOhz0UuMOL3RR7pp7dh4tdaqmtFv0N31TxswIreGWo2VtdQL7x1IzGG1C3GxfNbUE
rotadas/caja-15/032_AP1GczNIC0.jpg,HARRIS,Caja #15,caja-15,032_AP1GczNIC0.jpg,0,95.3,HARRIS / Jefes / cabecillas / aBusones / Alianza Cien / Consejo Nacional / para la Cultura y las Artes,https://lh3.googleusercontent.com/pw/AP1GczNIC0Fu7AAj2bNtbPCdbQt4gjdYnkHlHoWWgS0zQ5mg9dCAWPb7idkjUiJCQw04S-agzbqAjwgfsOUkdKJwk0zfvppS_iP7b4OXGxhNSN7EPXN9dPE
rotadas/caja-15/033_AP1GczPeLk.jpg,LOVECRAFT,Caja #15,caja-15,033_AP1GczPeLk.jpg,0,89.5,LOVECRAFT / El / horror de / Dunwich / Alianza Cien,https://lh3.googleusercontent.com/pw/AP1GczPeLkfGyr51NYBa3_mvtD9u-JT64ruXxmsDPE7vZVpsZ5lVioH4wG4vuavQil4a1EhzaOljMS3ItsyiF3qfVj5LW5FvKLIX9yHoUrALjaRPJ-HDNmE
rotadas/caja-15/034_AP1GczPrMZ.jpg,CHADO ASSIS,Caja #15,caja-15,034_AP1GczPrMZ.jpg,0,78.3,CHADO / ASSIS / Un hombre / célebre / GTO / Alianza Cien / Consejo Nacional / para la Cultura y las Artes,https://lh3.googleusercontent.com/pw/AP1GczPrMZOfcyZmKDZwlZJ9Tfm00-hgAq7RaAeF88YxLBbo2bFkykfT9oR1ryNtdJuJQmYmLUycfzCIJ5TPVinVwxpbKp8cTtk68j2lSw-TGlYRRg6uBno
rotadas/caja-15/035_AP1GczNcIs.jpg,LAS SOCIEDADADES PRECAPITALISTAS maurice godelier,Caja #15,caja-15,035_AP1GczNcIs.jpg,0,98.9,LAS SOCIEDADADES / PRECAPITALISTAS / maurice godelier,https://lh3.googleusercontent.com/pw/AP1GczNcIsQYJsU-cNwGHZ8cMCVqoBCArXKPariXCU_89cEs7pMLy3RTWJ9bkfFdXaAmMwXyZ60_51yhwTJsAGMLj-sbzpQ1PdqyMuys2KcXXI4XrawJfWU
rotadas/caja-15/036_AP1GczPiwG.jpg,Enrique Martínez Limón,Caja #15,caja-15,036_AP1GczPiwG.jpg,0,86.8,Enrique / Martínez Limón / Y / Prosas / onincas / SOP CREA,https://lh3.googleusercontent.com/pw/AP1GczPiwGkHq-aRfb1HxuXgjD0Ycm5XlL2Y19f1unY-s63iOtRfj7BC9R32SFQbf3DOcpB061IB970BXGJE_IjvMRp7K5VFd-Vj9j6rrAdegPMxUYYWVOc
rotadas/caja-15/037_AP1GczPstm.jpg,INVESTIGACIONES RECIENTES EN EL AREA MAYA,Caja #15,caja-15,037_AP1GczPstm.jpg,0,98.2,INVESTIGACIONES / RECIENTES / EN EL AREA MAYA / XVII / MESA / REDONDA / TOMO II / SOCIEDAD MEXICANA DE ANTROPOLOGIA / Sn.Cristobal de las Casas Chiapas / 1984 21-27 Junio 1981,https://lh3.googleusercontent.com/pw/AP1GczPstmPMHDIe8qOefH3EZBj3p_mKZDsuMmkQnO8piPXFU0mhiea0-XT2nrvmkkLtM9_Kr8dkPx_r-CIdvZ95JAu-RW3f7JkRYOtWBEUEYVWrJfMZ_aE
rotadas/caja-15/038_AP1GczPSKO.jpg,INVESTIGACIONES RECIENTES EN EL AREA MAYA,Caja #15,caja-15,038_AP1GczPSKO.jpg,0,96.8,INVESTIGACIONES / RECIENTES / EN EL AREA MAYA / 11960 / XVII / MESA / REDONDA 9020 / TOMO II / SOCIEDAD MEXICANA DE ANTROPOLOGIA / Sn.Cristobal de las Casas Chiapas / 1984 21-27 Junio 1981,https://lh3.googleusercontent.com/pw/AP1GczPSKOa63SHzbThKGklMZWRFsnsjpZKkvD4EaFFdJv7cBoJO34zYgMEBljlDib5O0KzDVl26MpUszaAlUVX7IdoxkUHYgBh8qypvsAJqMODIc8ojTeQ
rotadas/caja-15/039_AP1GczOhr2.jpg,INVESTIGACIONES RECIENTES EN EL AREA MAYA,Caja #15,caja-15,039_AP1GczOhr2.jpg,0,98.4,INVESTIGACIONES / RECIENTES / EN EL AREA MAYA / XVII / MESA / REDONDA / TOMO III / SOCIEDAD MEXICANA DE ANTROPOLOGIA / Sn.Cristobal de las Casas Chiapas / 21-27 Junio 1981 / 1984,https://lh3.googleusercontent.com/pw/AP1GczOhr27QUP4-wZJieuNB6UPg0Bk0erNePE40-7PdM5k93-ZVGH2Injgls7T8oUxN1aUEh-s9R2I3cEROAAx54c5FC5DN2BB-v2AeI8Vf-Jhmb22HUdA
rotadas/caja-15/040_AP1GczMDkC.jpg,XVII 2010,Caja #15,caja-15,040_AP1GczMDkC.jpg,0,71.8,INVESTIGACIONES / RECIENTES / EN EL AREA MAYA / XVII 2010 / MESA / REDONDA / TOMO IV / SOCIEDAD MEXICANA DE ANTROPOLOGIA / Sn.Cristobal de las Casas Chiapas / 1984 21-27 Junio 1981,https://lh3.googleusercontent.com/pw/AP1GczMDkCoc5CYHLLYudh17Uo_p6RuCpVCQjsIEoBWevzS0mEF6yUN45njvgT26ZSB6Hd_jsXFEOt2cowvK7p-N-nB63chtN6MCT95hRciWU7zoR58DRKg
rotadas/caja-15/041_AP1GczNL3X.jpg,INVESTIGACIONES RECIENTES EN EL AREA MAYA,Caja #15,caja-15,041_AP1GczNL3X.jpg,0,98.3,INVESTIGACIONES / RECIENTES / EN EL AREA MAYA / XV11 / MESA / REDONDA / TOMO III / SOCIEDAD MEXICANA DE ANTROPOLOGIA / Sn.Cristobal de las Casas Chiapas / 1984 21-27 Junio 1981,https://lh3.googleusercontent.com/pw/AP1GczNL3XXWiHIXRJyAGpj-dnUFwrcBe5tYD_hq0P6ENXSnHE-4aODbMBDnEUCeXp9WtRJGgS2SqWMI53CR2LWVUs5loalSfGSbtRYEo-3-PZOuzOYazpQ
rotadas/caja-15/042_AP1GczP1EZ.jpg,Kirchhoff,Caja #15,caja-15,042_AP1GczP1EZ.jpg,0,98.8,I III Paul COLOQUIO / Kirchhoff / E / N / I / D / A / D / Universidad Nacional Autónoma de México / Instituto DirecciónGeneral de Investigaciones de Asuntos del Personal Antropológicas Académico DGAPA,https://lh3.googleusercontent.com/pw/AP1GczP1EZbBzD2fpI64svRsxM1-5oFQbZhAMKB6WHtTutL6DmUoQsqlGFTEQzcV1Cxy2vnp2oNYwXVxCX5eggLddnXfAUUFatl1q2kUjLowopUnkhZneII
rotadas/caja-15/043_AP1GczOfi0.jpg,Kirchhoff,Caja #15,caja-15,043_AP1GczOfi0.jpg,0,98.8,II COLOQUIO / P au 1 / Kirchhoff / e La l Etnografía Área de Circun Mesoamérica Meridional caribe y / Andrés Medina coordinador / Instituto Universidad de Nacional Investigaciones Autónoma de México / Antropológicas,https://lh3.googleusercontent.com/pw/AP1GczOfi090Ga4eEWGzEA8l2ZsbecOwc3ZNAT-ZWvgzeih5Lm88Lj3Jp4VVJQhBCCBkFdRecyzZN00UJKE1R4-YBM72yfU0UKJ50eNCyMTc8cUaW5xRX-4
rotadas/caja-15/044_AP1GczPp3t.jpg,LA LENGUA CHOL DE TILA CHIAPAS,Caja #15,caja-15,044_AP1GczPp3t.jpg,0,97.2,Otto Schumann G. / LA LENGUA CHOL DE TILA / CHIAPAS / SE / CENTRO DE ESTUDIOS MAYAS / CUADERNO 8,https://lh3.googleusercontent.com/pw/AP1GczPp3ta6lQFSXmS9lkg32fP0QF-J0Ku9PavQ7OjAnpijcYO5H_991GcxN5W6yjouEyjH90vjVJ6lmkqTusg29-nAc29DpsxU_yBqGB6jCdUk2P6GEgU
rotadas/caja-15/045_AP1GczPw2S.jpg,Del nomadismo a los centros ceremoniales,Caja #15,caja-15,045_AP1GczPw2S.jpg,0,97.3,Del nomadismo / a los centros / ceremoniales / México / panorama histórico y cultural,https://lh3.googleusercontent.com/pw/AP1GczPw2SHP6v04Es-0iwBdmMCTesZcwi4GCjlPNfKO_DlgJJB-c-kUmW6pho-42AGAvRhhWMXznUV1NgZnXtolNAqMxZwB-iM4M5bSixYvB9AMVn_M178
rotadas/caja-15/046_AP1GczN2sn.jpg,RELACIONES GEOGRÁFICAS DEL SIGLO XVI NUEVA GALICIA,Caja #15,caja-15,046_AP1GczN2sn.jpg,0,97.0,RELACIONES / GEOGRÁFICAS / DEL SIGLO XVI / NUEVA GALICIA / EDICIÓN DE RENÉ ACUÑA / Suile de moss / E / erlands / Flags Sayan / E / 9 g / UNIVERSIDAD NACIONAL AUTÓNOMA DE MÉXICO,https://lh3.googleusercontent.com/pw/AP1GczN2sn3vJjfhaj8OwtvJDHbQMV1K9KpVzo-7tGymKs74KnKw4lT8U7muztLJ8RV2WEZBidnQTXPciG-doaeOh1vEEZV8ZcPhj8tcqLSveYDS8hu0lNg
rotadas/caja-16/001_AP1GczOIk4.jpg,ENTRE CHINAMPAS Y BOSQUES,Caja #16,caja-16,001_AP1GczOIk4.jpg,0,95.7,Ma Teresa Cabrero G. / ENTRE / CHINAMPAS / Y BOSQUES / Arqueología de Topilejo D. F. / one selm alfag / Je maquez of t / te / UNIVERSIDAD NACIONAL AUTÓNOMA DE MÉXICO,https://lh3.googleusercontent.com/pw/AP1GczOIk4ouuXUhut7TeElUOcWucbOsQxYi0u8Qw8FC4-va4UB1u8cR_7cS2TwC28vvAqolzzZLHUV8sjJpvaJSLbYrtjIb8AXvhLzrafm6Hv6XzbOB2cQ
rotadas/caja-16/002_AP1GczOl-G.jpg,V. GORDON CHILDE,Caja #16,caja-16,002_AP1GczOl-G.jpg,0,97.3,V. GORDON CHILDE / qué sucedió / en la / historia / leviatán,https://lh3.googleusercontent.com/pw/AP1GczOl-GOwYeFu8MavRL5tknwe0YgCyFMYkPgR26WR2oUbscNXvtULojBuPjYk0k2V0ZYGSrr8kkGq4H_i2Y_u9_zQBcZWkWGbA6eMbhB4_s7n_jb8Q0Y
rotadas/caja-16/003_AP1GczMtkM.jpg,Patrimonio,Caja #16,caja-16,003_AP1GczMtkM.jpg,0,93.3,Patrimonio / y paisajes culturales / Virginia Thiébaut / Magdalena García Sánchez / María Antonieta Jiménez Izarraraz / Editoras / El Colegio de Michoacán,https://lh3.googleusercontent.com/pw/AP1GczMtkMmXQ_co-bjpoTW-8usdqqDrW9FYfJdQ9HsGmdEj61Bm_XCQ6KODMBaF7caJhGjWGG8dCUnSWX-6SaqLmzpF3Bf2FPT8LbWDQOIkgG-oNRiVVKo
rotadas/caja-16/004_AP1GczPUIl.jpg,DOS PIEDRAS,Caja #16,caja-16,004_AP1GczPUIl.jpg,0,97.1,ANTONIO DE LEÓN Y GAMA / DESCRIPCIÓN HISTÓRICA Y CRONOLÓGICA DE LAS / DOS PIEDRAS / Introducción de Eduardo Matos Moctezuma / U / 000 / 10900 / INSTITUTO NACIONAL DE ANTROPOLOGÍA E HISTORIA,https://lh3.googleusercontent.com/pw/AP1GczPUIlgFQajPELFKl7FH660IUFL06TexUhXOxPTzXD4_txMJQI-Xq_ncfROcOABmQoPt2tZh1DPhIuOesm-u9twcrpUpNgp8MY9Y0GUeoYRIG-L-z4M
rotadas/caja-16/005_AP1GczMgll.jpg,RELACIONES ORIGINALES DE CHALCO AMAQUEMECAN,Caja #16,caja-16,005_AP1GczMgll.jpg,0,95.5,RELACIONES / ORIGINALES / DE CHALCO / AMAQUEMECAN / Francisco de San Antón Muñón / CHIMALPAHIN / Cuauhtlehuanitzin / Paleografía traducción y glosa de / Silvia Rendón / Con un prefacio de / Angel Ma Garibay K. / Biblioteca Americana,https://lh3.googleusercontent.com/pw/AP1GczMgllZo8A9FFzrn6y3WdHUFY-BtZ5QlFEzkhZi_KRvsIZKuAiFCNgMLHlpLkIru6zy0jbKuaqm0eMPlOk_Wo3fyNIXYfEZk9Vd5VL3F6XkPHcvcJKE
rotadas/caja-16/006_AP1GczPpNB.jpg,LINGÜÍSTICAS INVESTIGACIONES,Caja #16,caja-16,006_AP1GczPpNB.jpg,0,96.5,EL SIGNIFICADO DE LA DIVERSIDAD / LINGÜÍSTICA Y CULTURAL / Héctor Muñoz C. Pedro Lewin F. / Coordinadores / 2 / LINGÜÍSTICAS / INVESTIGACIONES / UNIVERSIDAD AUTÓNOMA METROPOLITANA UNIDAD IZTAPALAPA / INSTITUTO NACIONAL DE ANTROPOLOGÍA E HISTORIA CENTRO INAH OAXACA / AXX INAH,https://lh3.googleusercontent.com/pw/AP1GczPpNBKSJVYmnLJ5Zzp31hT_C6sqx1XNacwmtVLNMY0fyqOqvkmYLSx4lqT2iveGt-U8COXnu7xHzHOw6gy-95iMNM_dkpF_evM1ft-kfv51vQm2tX4
rotadas/caja-16/007_AP1GczPKB6.jpg,ANÁLISIS ESTRUCTURAL DEL CICLO DE QUETZALCÓATL,Caja #16,caja-16,007_AP1GczPKB6.jpg,0,97.1,ANÁLISIS / ESTRUCTURAL / DEL CICLO DE / QUETZALCÓATL / Una aproximación a / la lógica del mito / en el México antiguo / BLAS ROMÁN / CASTELLÓN HUERTA / COLECCIÓN / BIBLIOTECA DEL INAH,https://lh3.googleusercontent.com/pw/AP1GczPKB6J7fU0pHmdxVr2LH9MCNGlCBBIf6PJ4ZR9UW2TmzfVY5-e6z7NdCo9Z4NYQDFiBuHX-hyMZuvcjYk_cqplp4Vr-gbikE1AQxEdS6JqTuH7-A3w
rotadas/caja-16/008_AP1GczOSMl.jpg,EL ARTE RUPESTRE EN MEXICO,Caja #16,caja-16,008_AP1GczOSMl.jpg,0,98.9,EL ARTE RUPESTRE / EN MEXICO / María del Pilar Casado / Compiladora / Lorena Mirambell / Coordinadora / ANTOLOGIAS / 239 INV SERIE ARQUEOLOGIA,https://lh3.googleusercontent.com/pw/AP1GczOSMlGpnPamrujTTF2yPsCw0kgE9fL9wFiaqxcIOsFM2wRbCfSpJjJv4C_aDlzknPLxLAJO6JOew_yonNFAFtW8u6-4RbJ7EE-KwXUdkpL6HUodVRw
rotadas/caja-16/009_AP1GczOfWr.jpg,Mesoamérica y el centro de México,Caja #16,caja-16,009_AP1GczOfWr.jpg,0,98.6,Mesoamérica / y el centro de México / Jesús Monjarás Ruiz Rosa Brambila / Emma Pérez Rocha recopiladores / Colección Biblioteca del INAH / Instituto Nacional de Antropología e Historia,https://lh3.googleusercontent.com/pw/AP1GczOfWrxwBLMRY4Ot3_Jd0kPBhRVXrWqN998EdcEnqkVMP0zAj8FLCqJitH1j7g0dC0YwsNllxTZaruVoM_13EEXYo8IJYSXx9_eMtkTrnU8LklECojc
rotadas/caja-16/010_AP1GczNiAV.jpg,Mesoamérica y el centro de México,Caja #16,caja-16,010_AP1GczNiAV.jpg,0,98.3,Mesoamérica / y el centro de México / Jesús Monjarás Ruiz Rosa Brambila / Emma Pérez Rocha recopiladores / Colección Biblioteca del INAH / Instituto Nacional de Antropología e Historia,https://lh3.googleusercontent.com/pw/AP1GczNiAV3kZkEjh32AnOfDvRHSJL5oeew8FG2ezmmgHVbJFoWxq5krCKKCclokYB4SxxyYsjupXDWyHzL7jmPk-1epZ8tKWw0xJWEFS0lTznDW5dcwp9A
rotadas/caja-16/011_AP1GczOzG9.jpg,Tiempo yRegión,Caja #16,caja-16,011_AP1GczOzG9.jpg,0,92.4,Tiempo / yRegión / Independencia y Revolución / Estudios Históricos y Sociales / Volumen III / A / Coordinadoras / Lourdes Somohano Martínez / Cecilia Landa Fonseca y / Margarita Espinosa Blas,https://lh3.googleusercontent.com/pw/AP1GczOzG9dSfQMaJOVElVkjf1u4eV7Bu0u7ihaKrUdY_Z3Khm9eCbcwl7QfYFOL3Iful4n38JVbpnW1VBq_-3vJVuFf61pv4A9vkehi9K72uzqCHckdB88
rotadas/caja-16/012_AP1GczP7kE.jpg,y estados militaristas,Caja #16,caja-16,012_AP1GczP7kE.jpg,0,99.1,Los señoríos / y estados militaristas / México / panorama histórico y cultural,https://lh3.googleusercontent.com/pw/AP1GczP7kEepGrawII3JmboeUqp_u_AvZfLKQGMokVyF9IVP5guyxNtx-EPoTLJGWmfW7lz0sg0hP81EuzZIkSV-JgtZEYkT9hzdacy8O6hQmsKbaP6jf0I
rotadas/caja-16/013_AP1GczNF6E.jpg,Los pueblos y,Caja #16,caja-16,013_AP1GczNF6E.jpg,0,99.1,Los pueblos y / señoríos teocráticos / El periodo de las ciudades urbanas / Segunda parte / México / panorama histórico y cultural,https://lh3.googleusercontent.com/pw/AP1GczNF6EbUO7KBKBuTjjItjxtP21a19XJ1S8fR4OhxqJePwgBqM2Ox3GlzX3V8N0_v0me7byeX27KSH-8jLDpwAbxHuA4Ocw-SlTy7XiDmgyOvpZqJ7sE
rotadas/caja-16/014_AP1GczOymY.jpg,DILEMAS DE LA CULTURA,Caja #16,caja-16,014_AP1GczOymY.jpg,0,96.3,Antropología / James Clifford / DILEMAS DE / LA CULTURA / Antropología literatura y arte / en la perspectiva posmoderna / gedisa editorial,https://lh3.googleusercontent.com/pw/AP1GczOymYsDY54WyQ_wD71GaJr1msXylkwgWwMutU95YTUft3rryw1HHkaJ-PpFrK9TTM8HdXEmjFlOZXHkKlBg041vtVPVg8233miUOtZyatt6Y46B3Ts
rotadas/caja-16/015_AP1GczPYxC.jpg,Antropologia económica,Caja #16,caja-16,015_AP1GczPYxC.jpg,0,97.5,Los NOVENTA / Antropologia económica / Stuart Plattner / Consejo para la Nacional AlianzA / Cultura y las Artes EDITORIAL,https://lh3.googleusercontent.com/pw/AP1GczPYxC7TtNjBFG5HazGaE9_9wuKezMVWyTOBRZF3FLcWwY8ImlilN0pMZLQlwD6SpxvXixzWlOrhFN4mLMIJ4aDBYKAWeMR5H1ojo7DuOGgI95I07Kw
rotadas/caja-16/016_AP1GczNjGJ.jpg,de lingüística general,Caja #16,caja-16,016_AP1GczNjGJ.jpg,0,99.2,Problemas / de lingüística general / Émile Benveniste 3a edición / 11 / siglo / veintiuno / editores / sa,https://lh3.googleusercontent.com/pw/AP1GczNjGJf_m3plXPFlEhJWCS1f_23SOLv__uZEtfyx8SS2GVn03QK89aJV4BCU0auBmyGV6r6z9HPDRFd_SRymt_3OXRIueidw3Wntv2myenvKkUjrF0c
rotadas/caja-16/017_AP1GczMi0L.jpg,Fe Robert Lowie HISTORIA DE LA ETNOLOGIA,Caja #16,caja-16,017_AP1GczMi0L.jpg,0,91.9,Fe Robert Lowie / HISTORIA DE / LA ETNOLOGIA,https://lh3.googleusercontent.com/pw/AP1GczMi0LoD2l7mIpuvamADfmrxgFlV7mH8ubkfmwQeIJQrmbf40s_FlsghVQ2iye9UWGiQ1lxUhRpDYMwnK7tRSVc-V41dgkfcSJFn7OTz-lNfTja7dBg
rotadas/caja-16/018_AP1GczOr-D.jpg,TRANSFORMATIONS OF KINSHIP,Caja #16,caja-16,018_AP1GczOr-D.jpg,0,97.1,TRANSFORMATIONS / OF KINSHIP / EDITED BY / MAURICE GODELIER / THOMAS R. TRAUTMANN / AND FRANKLIN E. TJON SIE FAT / O,https://lh3.googleusercontent.com/pw/AP1GczOr-DyjTbOsmS-V3wl0p-jvmTOnUc5mQvI8hIXQtL1kA--AYdvkwKKYtCWhrqdfijiW8mcoJ1NdHcaj3JnzEpaKs-Dj4sQicJ26J2dpbksz7X6g9wU
rotadas/caja-16/019_AP1GczPpwG.jpg,EVOLUCION Y CULTURA,Caja #16,caja-16,019_AP1GczPpwG.jpg,0,97.8,EVOLUCION / Y CULTURA / SERVICE,https://lh3.googleusercontent.com/pw/AP1GczPpwGZzyNbbZGpPs8pCssUNeV1cufj1ZUOsSBcpAM8djFQb7lISj8k-RwhuMXe61vADfOrPg5sV0uzslYnwRhjvyRTKW8OYXBps7_c9CSfpZf72FlA
rotadas/caja-16/020_AP1GczPfzE.jpg,CHARLES WiNick,Caja #16,caja-16,020_AP1GczPfzE.jpg,0,79.4,"No. 131 / CHARLES / WiNick / diCTIONARY HROPOL of / includes approximately / 10,000 entries / A Littlefield Adams Quality Paperback",https://lh3.googleusercontent.com/pw/AP1GczPfzEwUvgic-GfgDVWDqhhAh2NPP9TQtaVnhviaiK1cTvLfy5KDTJuEDuXbltd1ayqb0KwIRng43w1d8RQcqvuG6P44xWMD8mG0rGZq0etxJhr500M
rotadas/caja-16/021_AP1GczPn9l.jpg,Identidad ideología y ritual,Caja #16,caja-16,021_AP1GczPn9l.jpg,0,98.0,Identidad ideología / y ritual / José Carlos Aguado / y 9 / María Ana Portal / TEXTO Y CONTEXTO / M UNIVERSIDAD AUTONOMA METROPOLITANA / Casa abierta al tiempo UNIDAD IZTAPALAPA División de Ciencias Sociales y Humanidades,https://lh3.googleusercontent.com/pw/AP1GczPn9lDsStmsfuBZ_F2gv_M4NYBY-TE0C8S5MqUYPmcztmQDdW5QloJTrYfL_61hDT_bAyzec89YfdkhhfikG6gjffGX26_2RRKogGNWUgn_ubSd9F0
rotadas/caja-16/022_AP1GczO3sl.jpg,Francisco Sánchez Marco ACERCAMIENTO HISTORICO A LA SOCIOLINGUISTICA,Caja #16,caja-16,022_AP1GczO3sl.jpg,0,96.3,Francisco Sánchez Marco / ACERCAMIENTO HISTORICO / A LA / SOCIOLINGUISTICA / sep / inah,https://lh3.googleusercontent.com/pw/AP1GczO3slDsgObCHWCzZUDzHRyzEiI6lEtXgro-tjZWXYBFXTF7PM7ZtXM8u7jXVaj9_nBtpbd62cRFQzBJZB9_pJPPTd7EQGDAyBlE1SiGkpDhUkIhXRU
rotadas/caja-16/023_AP1GczPCCs.jpg,Edmund Leach Cultura y comunicación La lógica de la conexión de los símbolos,Caja #16,caja-16,023_AP1GczPCCs.jpg,0,98.0,Edmund Leach / Cultura y comunicación / La lógica de la / conexión de los símbolos / C / XXI / siglo / veintiuno / de españa / editores / S.a.,https://lh3.googleusercontent.com/pw/AP1GczPCCs7F3rVdj3kgh2cfh_ddaDUl2Yw7u9TvMfIt-UraQABMGrC3aDtH8Jwy7qkshnWv2bwjo4W2LEVYe6gvRezM1Ufv0jWDdvn3wgMJku1AHJ2Rt0Q
rotadas/caja-16/024_AP1GczOx-H.jpg,William T. Sanders Joseph Marino Prehistoria del Nuevo Mundo,Caja #16,caja-16,024_AP1GczOx-H.jpg,0,98.4,William T. Sanders / Joseph Marino / Prehistoria / del Nuevo Mundo / NCL,https://lh3.googleusercontent.com/pw/AP1GczOx-H3NLzaQphFtQZo4NU3Wfh6ZTP3JZNkBjIFe83gPcnBWqqHMJ9KZ0C7TmCrIxVrZFCf9ZSg2pneA92Ouj8_c-5O3t8mEh8IkVhpQq8GNLdLiELw
rotadas/caja-16/025_AP1GczM3rH.jpg,LA ARQUEOLOGIA COMO CIENCIA SOCIAL luis g lumbreras,Caja #16,caja-16,025_AP1GczM3rH.jpg,0,97.7,cuadernos culturales 3 / LA ARQUEOLOGIA / COMO / CIENCIA SOCIAL / luis g lumbreras / A Ediciones Librerias Allende S.A,https://lh3.googleusercontent.com/pw/AP1GczM3rHpzZM56kgXYGomxaQJ9qBlm81D15jrZ-iFXfseoihawXzLWKd-1inGVKYj3eWZsv9tnnFyv968rz46PMSyptzy5JvOA83IoGuMKW5BV_BPoJ0I
rotadas/caja-16/026_AP1GczNVZe.jpg,Lucy Main Introducción a la antropologia social,Caja #16,caja-16,026_AP1GczNVZe.jpg,0,95.9,Lucy Main / Introducción / a la antropologia social / Alianza / Universidad,https://lh3.googleusercontent.com/pw/AP1GczNVZeBsheNtMSIfaZzoS6gXKgvDRwpPS2czUW36f-8bRgd25d82z5AMacDSmR9-2-lKf7n2VZbzR-AidfrMJaq5RxG0K4jxCziE0nV3xyhUTLxMff4
rotadas/caja-16/027_AP1GczNpPw.jpg,LA ARQUEOLOGIA COMO CIENCIA SOCIAL luis g lumbreras,Caja #16,caja-16,027_AP1GczNpPw.jpg,0,96.4,cuadernos culturales 3 / LA ARQUEOLOGIA / COMO / CIENCIA SOCIAL / luis g lumbreras / Ediciones Librerias Allende S.A.,https://lh3.googleusercontent.com/pw/AP1GczNpPwvD3j2oeb6X0p-wt6DSyqzj1RCFaKG9xcWHxj5_rT11JacwMiy6zbojhMHHOQIStVB87G4VvlWEDqYADeWrfpBm7w_1zn3yjLjUbh8m00HRL6g
rotadas/caja-17/001_AP1GczPvq5.jpg,HISTORIA Y ACTUALIDAD DE LOS GRUPOS INDIGENAS DE QUERETARO,Caja #17,caja-17,001_AP1GczPvq5.jpg,0,98.7,HISTORIA Y ACTUALIDAD DE LOS / GRUPOS INDIGENAS DE QUERETARO / Carlos Viramontes coord / V CENTENARIO AMERICA EUROPA,https://lh3.googleusercontent.com/pw/AP1GczPvq5KNz8NTU7YmY2p_vHLp8q6ClT87nckQHdSQkt-2jIy2qFQaCMceMKns2Wfnl4bYnxwfXFJ7AGMXBLNxbHEmvWceQFdbMIQoYBvlM1kod3cpQiw
rotadas/caja-17/002_AP1GczO41d.jpg,PREHISTORIC,Caja #17,caja-17,002_AP1GczO41d.jpg,0,97.9,PREHISTORIC / AMERICA Betty J. Meggers / eg,https://lh3.googleusercontent.com/pw/AP1GczO41dSye7sqSPvPsf7986yW6O-j1_LrVjB1eJdFj5LKy5sFqdtIpHgrJKFrmNRLiBLZfbQRk5lBwz1H1RsrNnVUXpZS9do3BNf8_WBXDcMSpsPUyjI
rotadas/caja-17/003_AP1GczPwWH.jpg,MANII ANTROP akal ed,Caja #17,caja-17,003_AP1GczPwWH.jpg,0,96.4,Max Gluckman / Política derecho y ritual / en la sociedad tribal / MANII ANTROP akal ed / EDITOR,https://lh3.googleusercontent.com/pw/AP1GczPwWHVEGz-p24eeoKmYvD1vR_i3PqO3fVK-e-VHLksk0bAr_Kya-vJZYaelm6vTyS-hhn9wGe60xZFMQ50fm2FiBI38uvhZ0wZ2icDukHxrtL9pEM0
rotadas/caja-17/004_AP1GczPnpM.jpg,MEXICO Y EL CARIBE,Caja #17,caja-17,004_AP1GczPnpM.jpg,0,98.1,UNIVERSIDAD AUTÓNOMA DE QUERÉTARO / UNIVERSIDAD MICHOACANA DE SAN NICOLÁS DE HIDALGO / CENTRO DE INVESTIGACIONES SOBRE AMÉRICA LATINA Y EL CARIBE / UNIVERSIDAD NACIONAL AUTÓNOMA DE MÉXICO / SERIE HISTORIA / 30303 00000 / A / TANG / SEAND / RANCE Turks and / CUBA / Camaguey Great Ing Grand / Turk / Holguin / Manzanillo Santiago de Cuha Guantanamo / George Town Cayman Islands Guantanamo US Naval Base Bay Capcana Naaliag / HALTI DOPUNICAN / Port au Prince REPUBLIC / Alontego Bay / Navassa fe Cay Santo / Kigeston Island Domingo / U.S3 Puerto Rico / MEXICO Y EL CARIBE / VISIONES Y REFLEXIONES / ONDURAS / Caribbean Sea / Perta / Cabezas / COLOMBIAL / Aruba / Netherlands Antilles / NICARAGUA Isla de San Andrés / COLOMBIA Oranjestad s Curaçao / Managua / ISLAS / DEL MAIZ Willemstad / Santa / Marta / Barranquilla / Cartagena / COSTA RICA / Panama / Balboa Mantersa / PANAMA / S / VEN / COORDINADORAS / CLAUDIA GONZÁLEZ GÓMEZ / MARGARITA ESPINOSA BLAS,https://lh3.googleusercontent.com/pw/AP1GczPnpMgjcldMj4ZoHSjZK3Kt1tnXC10ueoyQVXyh2Sg1Vo-h0MqDElP921Pod__VLwR0Zj2GOrjCcbA6ymk5LMiQuYexTUmPalmCX9evHxWhWM253EA
rotadas/caja-17/005_AP1GczOf4o.jpg,Agua de las,Caja #17,caja-17,005_AP1GczOf4o.jpg,0,99.2,Agua de las / verdes matas / TEQUILA y MEZCAL / José Luis VERA CORTÉS Rodolfo FERNÁNDEZ / COMPILACIÓN,https://lh3.googleusercontent.com/pw/AP1GczOf4ofBiI_7FBM-v1mhKWeeGkQ6BsxYky0KEXvaKzwx16zIk_0j60UmxiHDjD3yDSyN6CcNCfkJVRlUz-Ht6IPNdIQXEKIhfQf0IqZOahN8Em8Kuqo
rotadas/caja-17/006_AP1GczMWFV.jpg,Plazuelas,Caja #17,caja-17,006_AP1GczMWFV.jpg,0,98.9,El mundo prehispánico / de Guanajuato / Plazuelas / lugar de la serpiente de fuego / MARÍA ELENA ARAMONI BURGUETE / INSTITUTO NACIONAL DE ANTROPOLOGÍA E HISTORIA / 75 ANIVERSARIO,https://lh3.googleusercontent.com/pw/AP1GczMWFVoagyhCpev3MZJ-DYv8CROjizB4EqDWJ8yUWRny112jgo0CpQNPmPIeRAjajFBxYGlVp1f-0JW7yyXf7XZPOUulTyOGrB5fhWCW8LrZGGILnoE
rotadas/caja-17/007_AP1GczP9UT.jpg,Anthony F Aveni 9201 OBSERVADORES DEL CIELO EN EL MEXICO ANTIGUO,Caja #17,caja-17,007_AP1GczP9UT.jpg,0,97.7,0149 / Anthony F Aveni 9201 / OBSERVADORES DEL / CIELO EN EL / MEXICO ANTIGUO / 30 CUS / im in a m / 1 / 8 81291 / 6-18 / 02:10:33,https://lh3.googleusercontent.com/pw/AP1GczP9UT4LR-cuPuDHKOF57qPp3PzyVlIPZyMfpAg3iexf1yvCSb0qMSsOt5rizH0_VpRwjwKhhnZWP1J3SvQqbYH5TPoTKJgRNkRs40lt08cUeaLTsco
rotadas/caja-17/008_AP1GczNDvW.jpg,OSM FUNDANTES LOS DOS REMEDIOSYGUADALUPE CULTOS 1521-1649 DOCUMENTAL HISTORIA,Caja #17,caja-17,008_AP1GczNDvW.jpg,0,92.5,DA / OSM FUNDANTES / LOS DOS REMEDIOSYGUADALUPE CULTOS 1521-1649 DOCUMENTAL / HISTORIA / FRANCIS CO / MIRANDA / EL COLEGIO DE / MICHOCAN / ZAMORA MICHOACAN / MEXICO 1998,https://lh3.googleusercontent.com/pw/AP1GczNDvW425DI7BMfPwtpJfQ2gsE4Yt_ENOlnaZTwIq1PSKXZzyc6fOToh1pBWBZAi3kglhqB21cnJwC37WHSvuV0_LMsEkr0p9AMCscqaQQcQKZmiTng
rotadas/caja-17/009_AP1GczNzUa.jpg,Una cueva ceremonial en Teotihuacan Enrique Soruco Saenz,Caja #17,caja-17,009_AP1GczNzUa.jpg,0,98.0,Una cueva ceremonial en Teotihuacan / Enrique Soruco Saenz / 3600,https://lh3.googleusercontent.com/pw/AP1GczNzUaRIKk9PwXVvzJhZE_qtwI-S4zlZzp8PNlfxIaxLJJqxuSr6m1vnvdXOYNVfw2zrNBnuWa7rn7sDO3nZLxYR4b_kSlHHPffjTMF4hEzN2AJB8BI
rotadas/caja-17/010_AP1GczMO5N.jpg,ESTUDIOS DE HISTORIA DE LA NUEVA ESPAÑA DE SEVILLA A MANILA,Caja #17,caja-17,010_AP1GczMO5N.jpg,0,98.3,ESTUDIOS DE HISTORIA DE / LA NUEVA ESPAÑA / DE SEVILLA A MANILA / Jean Pierre Berthe / COLECCIÓN DE DOCUMENTOS PARA LA HISTORIA DE JALISCO 3,https://lh3.googleusercontent.com/pw/AP1GczMO5Nv4j36qK_9DLKtBZVl30WBA1JmycXAOAUNLbyGszJh1Dc-efrLGHSepfT1alMJ-095oypyVmdgz0iv_s0Bo812rhHgwCOusTCUdh4FGxTrtfF0
rotadas/caja-17/011_AP1GczNBfW.jpg,La Explotación de la Costa del Pacífico en el Occidente de Mesoamérica y los Contactos con Sudamérica y con otras Regiones Culturales,Caja #17,caja-17,011_AP1GczNBfW.jpg,0,98.8,La Explotación de la Costa del Pacífico en / el Occidente de Mesoamérica y los / Contactos con Sudamérica y con / otras Regiones Culturales / Arqueólogo José Carlos Beltrán Medinal / Universidad Autónoma de Nayarit,https://lh3.googleusercontent.com/pw/AP1GczNBfWxq0cpRWmYdFJQfUJuZ_GnJUL_jksC9yfC0J-jv0DUT7HVI9QYsAnK29HRWLmJ8j-yex9OUqceWq75HRRV5nIrwpTBGOmn1Qrnb2bZmpAN51kA
rotadas/caja-17/012_AP1GczPMk0.jpg,Metrópolis en reestructuración Guadalajara y Monterrey,Caja #17,caja-17,012_AP1GczPMk0.jpg,0,98.7,Fernando Pozos Ponce / Metrópolis en reestructuración / Guadalajara y Monterrey / 1980-1989 / Universidad de Guadalajara,https://lh3.googleusercontent.com/pw/AP1GczPMk0ATHpGFCiEaFAMaYpgFPjWX8yLQaon8EbW0JnjgIvn958GaKgPJeQJX1moN_uVoxaUf3_2ejgkWrfycVyxfwCURhRX7GL9j0GsOBmAz7QWCTvY
rotadas/caja-17/013_AP1GczOwh1.jpg,CONSERVACION DEL PATRIMONIO CULTURAL EN MEXICO,Caja #17,caja-17,013_AP1GczOwh1.jpg,0,98.9,CONSERVACION / DEL PATRIMONIO / CULTURAL EN MEXICO / Salvador Díaz Berrio / Colección Textos Básicos y Manuales,https://lh3.googleusercontent.com/pw/AP1GczOwh1-nrm9TsrBCobWPIuCeM3fLxRnsRj0LABnPVzGuAc0YkI81Pm-MRXYtYID0TyLGkbwz0-Dw9yhBy-1uAtFOpHU_jUaBuDj3ZfMxkKpsAsRRb8g
rotadas/caja-17/014_AP1GczPSta.jpg,ALFONSO REYES PEDRO HENRIQUEZ UREÑA,Caja #17,caja-17,014_AP1GczPSta.jpg,0,97.0,ALFONSO REYES / PEDRO / HENRIQUEZ UREÑA / CORRESPONDENCIA / 1907-1914 / Edición de / José Luis Martínez / FHE / Biblioteca Fe Americana,https://lh3.googleusercontent.com/pw/AP1GczPStafGDhBBhIHakw0tYUsus7HDfjDseDPngjCRywNO4yRAAYiI1Ud__LK-1W8eT189gO1gxakjOCIH-G27xXN8DR05dmwmEBcwF0A8OZzQbjX-2i8
rotadas/caja-17/015_AP1GczPHoY.jpg,ESCUELA NACIONAL DE ANTROPOLOGIA E HISTORIA,Caja #17,caja-17,015_AP1GczPHoY.jpg,0,98.4,ESCUELA NACIONAL DE ANTROPOLOGIA E HISTORIA / I. N. A. H. S. E. P. / SOLARES PREHISPANICOS EN / LA PENINSULA DE YUCATAN / T E SI S / QUE PARA OPTAR POR EL TITULO DE / LICENCIADO EN ARQUEOLOGIA / PRESENTA / GUILLERMO ANTONIO GOÑI MOTILLA / DIRECTOR DE TESIS / Dr. Alejandro Martínez Muriel / México D. F. 1993,https://lh3.googleusercontent.com/pw/AP1GczPHoYeur9TiVlVmnvzy0uQCUtcQ97IvbrMICcYhaXFRM9xusG3vodVuVMpoxoVqjnIt_MRwdpnUBxRn0Q7G6Q3xID-C24wLW-hs28VregdyKOru-b0
rotadas/caja-17/016_AP1GczOrHy.jpg,ARQUITECTURA DE LOS COROS DE MONJAS,Caja #17,caja-17,016_AP1GczOrHy.jpg,0,99.1,ARQUITECTURA / DE LOS COROS DE MONJAS / EN MEXICO FRANCISCO DE LA MAZA / MARIN ME / UNIVERSIDAD NACIONAL AUTÓNOMA DE MÉXICO,https://lh3.googleusercontent.com/pw/AP1GczOrHy_JNXxrmcfmkfUx5bdTjTQsG6EFA-wsnDTw5m9XotTs--Vb4o0dFMomZhodFmqVqWks5xJrOmaIich5P-RIylH6nNQQrVx9M2lmqwuSnfDq3XY
rotadas/caja-17/017_AP1GczMX3O.jpg,FC.R.Hallpike FUNDAMENTOS DEL PENSAMIENTO PRIMITIVO,Caja #17,caja-17,017_AP1GczMX3O.jpg,0,95.7,FC.R.Hallpike / FUNDAMENTOS / DEL PENSAMIENTO / PRIMITIVO,https://lh3.googleusercontent.com/pw/AP1GczMX3OIfR_aLr4zNcEZu8OQDV0NUyEhCti_bMGwH0Ilv5RvV3stTx7_3Zdt5eB95NFevH1u5Uq42ASk_gijxIgZufN1JpnJF9LctU9QOi3NrH9SQc6w
rotadas/caja-17/018_AP1GczMgbq.jpg,J. ERIG S. THOMPSON GRANDEZA Y DECADENCIA DE LOS MAYAS,Caja #17,caja-17,018_AP1GczMgbq.jpg,0,92.8,J. ERIG S. THOMPSON / GRANDEZA Y DECADENCIA / DE LOS MAYAS / ed / SP,https://lh3.googleusercontent.com/pw/AP1GczMgbqIwzqGmYFTZZ-sZWnCkc2gDZUsJqk-pRYGGGlRV1pYhXD5YVXo2olVU7aOTRvHUU9eVco17J1O0PUwxItrNjK9jHm-6al24QKmhxOxGSh05CFw
rotadas/caja-17/019_AP1GczNYT8.jpg,CERÁMICA,Caja #17,caja-17,019_AP1GczNYT8.jpg,0,94.0,CERÁMICA / de Guanajuato,https://lh3.googleusercontent.com/pw/AP1GczNYT8uB3VyPCf-bfTJ7FzMw6qGbnpU9wYnJO1viVWlk6f5WCkAOmjomqYU4ZlaQcu1QoYteQE6meebsl6qGDxihCjOxs2jfqYE5gjmjtuTQmlm2biw
rotadas/caja-17/020_AP1GczP_Rz.jpg,NELLY GUTIÉRREZ SOLANA R,Caja #17,caja-17,020_AP1GczP_Rz.jpg,0,98.7,NELLY GUTIÉRREZ SOLANA R. / LAS SERPIENTES / EN EL ARTE MEXICA / UNIVERSIDAD NACIONAL AUTÓNOMA DE MÉXICO,https://lh3.googleusercontent.com/pw/AP1GczP_Rzprc23eTNp0HfVjsDBPFqJR6EACz1ucTwaVqvaZlA3EzE9smfBEdUiGveziRPIUHTmQ1DY4YN-kD9gcgptLKxkckDToawQCZgjLAQW6d_temfo
rotadas/caja-17/021_AP1GczOc1z.jpg,Sep Historia de Portugal,Caja #17,caja-17,021_AP1GczOc1z.jpg,0,98.4,A. H. de Oliveira Marques / Sep Historia de Portugal / I,https://lh3.googleusercontent.com/pw/AP1GczOc1zcKdB0hUb6mq5aEjkr_Z2O4u5VKGwQ0WQWCqC3CX5jUsKLljIwBpp-HEL9mN11Eulyo2houfgtKnyCs2cQwE7FAyP1AMv-hnuYSNbYAJfCzFqA
rotadas/caja-17/022_AP1GczOp5X.jpg,Sto e Enrique González Pedrero País de un solo hombre el México de Santa Anna,Caja #17,caja-17,022_AP1GczOp5X.jpg,0,98.5,Sto e Enrique González Pedrero / País de un solo hombre / el México de Santa Anna / Vol I. La ronda de los contrarios / 23 / Scener / R / GOLFE / DU / Coneer / 225 MEXIQUE / MEXIQUE CABLE / TAX / GRAND CARTE GANARAL / MEXICAINS / 0 / C st des / PROFINCAS EXIS / L'AMERIQUE CENTRALE / BOR,https://lh3.googleusercontent.com/pw/AP1GczOp5XITqF78CEiUQ5iXGxq2LZcXa1fr5wU3_vW9Ebhtvwe743iiPFxrziDR5RF-YbbUyatNMh7fmcBAmnNIOWpp_qLQBLTXwnSKPDDyl_RCgK0ZiVM
rotadas/caja-17/023_AP1GczMqmv.jpg,Fe Leopold Von Ranke Pueblos y Estados en la historia moderna,Caja #17,caja-17,023_AP1GczMqmv.jpg,0,98.1,Fe Leopold Von Ranke / Pueblos y Estados / en la historia / moderna,https://lh3.googleusercontent.com/pw/AP1GczMqmvozeCZP-tM9uULKMn4w7Hl5CS_1fH7GUiZRqnQDFKgbw0zHxua2Gy98T6F3gs3snfsiCBYjNfdXmcPQdbR0euMLocAT9WS-vH7kFCWmGFY6YQ0
rotadas/caja-17/024_AP1GczOVC2.jpg,Oscar Handlin sto La verdad en la historia,Caja #17,caja-17,024_AP1GczOVC2.jpg,0,96.9,Oscar Handlin / sto La verdad / en la historia,https://lh3.googleusercontent.com/pw/AP1GczOVC2xSkCae4ADf7FosDEH-hK7ytbJoU8Zw6MCMfTrdLe_qOxAh-q2zx0hiMy5GZFK91O7UXcUr8VkY9la9-DFPkLwJ3_BQGg1To5x3wrIed_W_xzc
rotadas/caja-17/025_AP1GczPw6Q.jpg,C Carl Ortwin Sauer Descubrimiento y dominación española del Caribe,Caja #17,caja-17,025_AP1GczPw6Q.jpg,0,97.3,C Carl Ortwin Sauer / e / Descubrimiento / y dominación española / del Caribe / KUMILHAN / ALA,https://lh3.googleusercontent.com/pw/AP1GczPw6QsrAwG2h94mNO5DwSJ2GkPWotNhBIEKGIQaNLt300-kO-bbtQhsq5HQh5EntR81_Ra7AjPAMSG9Gq9JTkKc_RlN_1iMGEE35yC_uwjfZrR6Lo0
rotadas/caja-18/001_AP1GczNhCJ.jpg,Publicaciones Antropológicas de Occidente 00,Caja #18,caja-18,001_AP1GczNhCJ.jpg,0,96.2,ROTOC No. 8 / JUNIO DICIEMBRE 1984 / INSIGNIAS DE OFICIO EN LA ICONOGRAFIA / DE TEOTIHUACAN / LAS MADRES DE SAN JUAN / AZTLAN MITO Y CONCIENCIA HISTORICA DEL CHICANO / RESEÑA SOBRE UN ESTUDIO DEL LENGUAJE / POLITICO MEXICANO / Publicaciones Antropológicas de Occidente 00,https://lh3.googleusercontent.com/pw/AP1GczNhCJv0ZjN4pp5B0GMl6MSOjOqHdeKVVY2ksm7Wy4ApcA1Qwxlh01bfXSPRV7ttndcc3nTZCIzjOoJTSmAUL2Dh_O5LaFPexvPHRuR4THCmvQNis80
rotadas/caja-18/002_AP1GczPTZx.jpg,ARQUEOLOGIA H,Caja #18,caja-18,002_AP1GczPTZx.jpg,0,89.5,COLECCION / DIVULGACION / ARQUEOLOGIA H / La arqueología / oficial mexicana / Causas y efectos / Manuel Gándara,https://lh3.googleusercontent.com/pw/AP1GczPTZxGxbU3JdmJi2AlVINv1hVuKvuh4o9OEwWV_7j_MrOJoViewAFDklbG6om791BIRAGfiyN31nuNZGfYHEF9_BkXudLx9IP9pBCl6j_VlbsIddIo
rotadas/caja-18/003_AP1GczNZLu.jpg,Oscar Schmieder GEOGRAFIA DEL VIEJO MUNDO,Caja #18,caja-18,003_AP1GczNZLu.jpg,0,98.1,Oscar Schmieder / GEOGRAFIA DEL / VIEJO MUNDO / Polus Artices / Groenlant / V5 / Mong / FORD SER Occ / morie / Tainte duc / lenderes Marv feet 80 / Battles / Mar / Force fam Halps / Mare / Bar scar / Mare r sala / Libe Conces / Tropicus / 616 Cochra AFRI retroc Deraile 0 Vols ben / AGY / lyin Golfe 0 / Acquiaochi abs / Acquator / Vereeplay / acad / 1631 / 5.Em US Negr Bama Beach / Luce Malete / 94 La Ra Tropicus / Laus nunor prod Capricorni / Fater Laurence / Pre Valima / Av Vartoman be le / rec / TERRA TRALIS / St,https://lh3.googleusercontent.com/pw/AP1GczNZLuenkMNavCIgi6w8iUrMjNpR6lESyy3P4soWv_IuLECMGAoo4zp7IKmsEERv5Iy9r4U9lN--7W11cMvn0DIla-QWssl8YenhM78R6ebkmuIgNhg
rotadas/caja-18/004_AP1GczO_Ro.jpg,Fernand Mediterráneo BRAUDEL mediterráneo de Felipe II,Caja #18,caja-18,004_AP1GczO_Ro.jpg,90,98.7,Escorial del Monasterio Mesina en Lepanto de vuelta de Naves / Fernand Mediterráneo BRAUDEL mediterráneo de Felipe II / y el El en mundo la época ECONOMICA / DE de CULTURA Obras de Historia / FONDO Seccion,https://lh3.googleusercontent.com/pw/AP1GczO_Ro0zAtL87eHYbklSy03WNIyJTXgwkR5zg42IX6EiRMeDUSQt3xOqDT_56TCVTrLREGxHBz9xsO2YuPdk8dt4SYHSbuAZUzu_VjGsJHcn_2UOZ6k
rotadas/caja-18/005_AP1GczN1gQ.jpg,William Tarn Stu G. T. Griffith La civilización helenistica,Caja #18,caja-18,005_AP1GczN1gQ.jpg,0,96.8,William Tarn / Stu G. T. Griffith / La civilización / helenistica,https://lh3.googleusercontent.com/pw/AP1GczN1gQGAe8arPWDFGONoWvv1Q-kpSayRGjxoDuPpcEH-mdcH7LdBXKgFjNH5P0WbMK0Ng2zdtiKH6giVtjbzo3o2DsoJecObxwFzuyD1fXF8s6VaVww
rotadas/caja-18/006_AP1GczPxiU.jpg,Cueva de los Portales,Caja #18,caja-18,006_AP1GczPxiU.jpg,0,99.0,Cueva de los Portales / Un sitio arcaico del norte / de Michoacán México / Brigitte Faugère / Coordinadora / COLECCIÓN CIENTÍFICA / INSTITUTO NACIONAL DE ANTROPOLOGÍA E HISTORIA / CENTRO DE ESTUDIOS MEXICANOS Y CENTROAMERICANOS,https://lh3.googleusercontent.com/pw/AP1GczPxiUc-r211g3WL7NoxxY15AkIUSZ9U_yux9khZBkzRhSJC_GK0rESqVqw-ph5Z6N0zTUxLBcPDPm5ESAGQ9f4i7xvxXlJs9hNTWTG89sgTao7DU80
rotadas/caja-18/007_AP1GczO7Aw.jpg,Cuthá el cerro de la máscara Arqueología y etnicidad en el sur de Puebla Blas Román Castellón Huerta,Caja #18,caja-18,007_AP1GczO7Aw.jpg,0,98.8,Cuthá el cerro de la máscara / Arqueología y etnicidad / en el sur de Puebla / Blas Román Castellón Huerta / 2 / COLECCIÓN CIENTÍFICA / INSTITUTO NACIONAL DE ANTROPOLOGÍA E HISTORIA,https://lh3.googleusercontent.com/pw/AP1GczO7AwrHvxaku5gaot-DGhyLhcoghQ3GqKzyOcw8-nF3JYu9CvG9JXiex57kPHN69Ss6cQAvs-vsxen3tVAg1kreoh8C0fSJ9oaji2IlZK8JMUiedf8
rotadas/caja-18/008_AP1GczPfGD.jpg,La distribución de la obsidiana de la Triple Alianza en la Cuenca de México Alejandro Pastrana Cruz,Caja #18,caja-18,008_AP1GczPfGD.jpg,0,99.0,La distribución de la obsidiana / de la Triple Alianza / en la Cuenca de México / Alejandro Pastrana Cruz / COLECCIÓN CIENTÍFICA / INSTITUTO NACIONAL DE ANTROPOLOGÍA E HISTORIA,https://lh3.googleusercontent.com/pw/AP1GczPfGDN7sEHqXjlAcgMER9mCXM8-KQyXKtZSIUkPlmfqqC4v6LkqWG6hWnZJgOhJiCkxyuZO4YsmPA0uLIJ0wOqm6Xo94DwLKj2FC8NwQJH05sXOrh8
rotadas/caja-18/009_AP1GczOZ-n.jpg,La producción alfarera en el México antiguo IV,Caja #18,caja-18,009_AP1GczOZ-n.jpg,0,98.3,La producción alfarera / en el México antiguo IV / Beatriz Leonor Merino Carrión / Ángel García Cook / Coordinadores / COLECCIÓN CIENTÍFICA / INSTITUTO NACIONAL DE ANTROPOLOGÍA E HISTORIA,https://lh3.googleusercontent.com/pw/AP1GczOZ-nchUZRUDeTXGWfBsFnQoqiUdrMYJRi0Jtf4pBJfc3x_irmuFDWicTOuIw1XG3SAZpJjWbD9iITuw0d_2sBhepS-wOO4WsFiSiyQnkC1JQ-EkM8
rotadas/caja-18/010_AP1GczOoEo.jpg,La producción alfarera en el México antiguo V,Caja #18,caja-18,010_AP1GczOoEo.jpg,0,98.4,La producción alfarera / en el México antiguo V / Beatriz Leonor Merino Carrión / Ángel García Cook / Coordinadores / COLECCIÓN CIENTÍFICA / INSTITUTO NACIONAL DE ANTROPOLOGÍA E HISTORIA,https://lh3.googleusercontent.com/pw/AP1GczOoEoDSEKIQKi4beUHaidpTf1t7JtFrL6vnK6duDzUd3M-iF8db7riBAWkK4nwHtElVfpd4N6ToVq7GptAIb4TFxdstMLb4AIakL_vL7dhvljaX9Q4
rotadas/caja-18/011_AP1GczOX7I.jpg,Xochimilco y su patrimonio cultural,Caja #18,caja-18,011_AP1GczOX7I.jpg,0,98.1,Xochimilco / y su patrimonio cultural / Memoria viva de un pueblo lacustre / Araceli Peralta Flores / COLECCIÓN CIENTÍFICA / INSTITUTO NACIONAL DE ANTROPOLOGÍA E HISTORIA,https://lh3.googleusercontent.com/pw/AP1GczOX7IVR5FzNV5MCza-Apmd34wqRNl60EOlQPk1jlOsOc4iBkxdKRy_05wCZiDcbJwzD-kKWC8w5z7vSW4WSHm12mQaBZoiVMBbV8y5lQj1pPWW9_a8
rotadas/caja-18/012_AP1GczPgWd.jpg,Entierros de Teotihuacan explorados de 1980 a 1982,Caja #18,caja-18,012_AP1GczPgWd.jpg,0,99.0,Entierros de Teotihuacan / explorados de 1980 a 1982 / Luis Alfonso González Miranda / CATÁLOGOS / INSTITUTO NACIONAL DE ANTROPOLOGIA E HISTORIA,https://lh3.googleusercontent.com/pw/AP1GczPgWdHF471jar1c9iAR2NbBtkAr-17TVqPxl7m_n0LIbNZyqXyayaeZf8NgOtG1p4ujJ8lIYhzTrS5PbgCTKfv8sE0qNR5WPl9sIj7fGmmc8NCx4bo
rotadas/caja-18/013_AP1GczNEfW.jpg,Gregorio Anguiano Tafolla,Caja #18,caja-18,013_AP1GczNEfW.jpg,0,98.2,COLIMA / PRECOLC BINO / 86 br / Gregorio Anguiano Tafolla / COLIMA / MANZANILLO / JORGE PORRUA SA / Brasil 10 México 1 D.F.,https://lh3.googleusercontent.com/pw/AP1GczNEfW01d7y5N8q-sEL5wLphgXu_vgRb63vyZo0YxwKAe2tau8htD15nL05DUUazGNQfGW4vhUsXqpItgKRrdVjfZJwzsqIO82ezlbUUX0qi-oY7t7g
rotadas/caja-18/014_AP1GczNwSc.jpg,Literaturas de Mesoamérica Miguel León Portilla,Caja #18,caja-18,014_AP1GczNwSc.jpg,0,98.8,Literaturas / de Mesoamérica / Miguel León Portilla / Sep / CULTURA,https://lh3.googleusercontent.com/pw/AP1GczNwScb9YmdEZ3Df1mVSO8CyAra9iMmyN4lRz7ytvOGAj6AjxB4JthKpDghxz9al8PhsSzwYwhOElHsX8bpD4h0SOwYk2pux1nqNNwWOVpZAM8KKFFo
rotadas/caja-18/015_AP1GczOKsV.jpg,INTRODUCCIÓN AL DIAGNÓSTICO DE LA EDAD Y DEL SEXO EN RESTOS ÓSEOS PREHISTÓRICOS,Caja #18,caja-18,015_AP1GczOKsV.jpg,0,97.0,INSTITUTO DE HISTORI A / SANTIAGO GENOVÉS T. / INTRODUCCIÓN AL DIAGNÓSTICO / DE LA EDAD Y DEL SEXO EN RESTOS / ÓSEOS PREHISTÓRICOS / YNIVERSIDAD XAQONAL DMWOOD / UNIVERSIDAD NACIONAL AUTÓNOMA DE MÉXICO,https://lh3.googleusercontent.com/pw/AP1GczOKsVF66M96YK6yUGtBGjZszXk5MuBrdrATYFXY16UKvXpwuPtWPzKHRBZz1nKGrLglGv5dvhh0vUpmMBfhGOUjXofdyOZur7RUnxVb1iNztKIvhJg
rotadas/caja-18/016_AP1GczNQzV.jpg,IMAGEN DE TLÁLOC,Caja #18,caja-18,016_AP1GczNQzV.jpg,0,98.7,RODEN BONIFAZ NUNG / IMAGEN DE TLÁLOC,https://lh3.googleusercontent.com/pw/AP1GczNQzV3E89DDyfKJoYphadIodH84E_qCp6OW1IvY6bR_BtZOv_HcZ1aNRpkKzms5Cv_4VhY9hhtueF744OTO8B49d_ZHR7pD8MJc2-OwjTQ9h5EqZyU
rotadas/caja-18/017_AP1GczNosR.jpg,ROMAN PIÑA CHAN,Caja #18,caja-18,017_AP1GczNosR.jpg,0,99.3,HOMENAJE A / ROMAN PIÑA CHAN / 500000 / 000 / DOT / Janssen / UNIVERSIDAD NACIONAL AUTONOMA DE MEXICO,https://lh3.googleusercontent.com/pw/AP1GczNosRQcJbCzt9NgnNa1hPIWLEpmTvsZSUb4p6O3KVd4oS1T3TbeqWIHjNu4b2qzXMk97nKhva5e8LZRBAD-d_RGhei2YTxFuZyqqgfu2SZ-91o3qhM
rotadas/caja-18/018_AP1GczMDLz.jpg,TOC,Caja #18,caja-18,018_AP1GczMDLz.jpg,0,90.4,TOC / No. 9 JULIO DE 1985 / LOS OLMECAS / ARCHAEOLOGICAL REPORTS SHORES OF LAKE / CHAPALA JALISCO No. 3 / EN TORNO A LOS HOSPITALES NEOGALLEGOS / PARA INDIOS / Joo / Publicaciones Antropológicas de Occidente,https://lh3.googleusercontent.com/pw/AP1GczMDLzR1NimuV40gFRcPmYjW8K7-ik62Dq_1g9e3SYwl65B22NujkEjLwl1-ZgC_NVtCXVzTv3QKOFjhaSe8tl-6m2IO-NqIgYa1CFIHQ8lXZaFPJ4o
rotadas/caja-18/019_AP1GczOFtO.jpg,Publicaciones Antropológicas de Occidente Joo,Caja #18,caja-18,019_AP1GczOFtO.jpg,0,97.3,POTOC / No. 6 / DICIEMBRE 1983 / LA NUMERACION MAYA / TEXTILES PREHISPANICOS DEL / OCCIDENTE DE MEXICO / ARCHAELOGICAL REPORTS OF SHORES / OF LAKE CHAPALA JALISCO No. 2 / Y QUE HAY DE LA DEFENSA DEL / ESPAÑOL / THE MARGINALIZATION OF THE EJIDOS / OF THE MAGDALENA ETZATLAN UNIDAD / DE RIEGO JALISCO / Publicaciones Antropológicas de Occidente Joo,https://lh3.googleusercontent.com/pw/AP1GczOFtOoTK9LOewtVwvUIt_LTZ5qqIvALORXAInFYWkngZPpMRtIYjG6YJPRm7smZ2kM1xHSW7ZwPhdXgOXO6klH-PapPWXh_2xdP3CbF-ZhdIkNdVoY
rotadas/caja-18/020_AP1GczMT2D.jpg,Hombre en América,Caja #18,caja-18,020_AP1GczMT2D.jpg,0,96.3,INSTITUTO NACIONAL DE ANTROPOLOGÍA E HISTORIA / COORDINACIÓN NACIONAL DE ANTROPOLOGÍA / DIRECCIÓN DE ANTROPOLOGÍA FÍSICA / Temprano / Hombre en América / 7 / IVSimposio / Internacional / Del 18 al 22 de Agosto de 2008 / PROGRAMA,https://lh3.googleusercontent.com/pw/AP1GczMT2D2hbJiu_FvHCSNQmwj07U26UTQtx1XMh86ROtcXfnRqmvfYfefLdSnXEEAclandGds2nsadz9qVuygEm5VyXAY3CrSmiH_3kk30nR6V_fQAYRU
rotadas/caja-18/021_AP1GczO1K-.jpg,HISTORIA Y ACTUALIDAD DE LOS GRUPOS INDIGENAS DE QUERETARO,Caja #18,caja-18,021_AP1GczO1K-.jpg,0,97.7,HISTORIA Y ACTUALIDAD DE LOS / GRUPOS INDIGENAS DE QUERETARO / Carlos Viramontes coord / 00172 / 219.1 / 7 / 92 / V CENTENARIO AMERICA EUROPA,https://lh3.googleusercontent.com/pw/AP1GczO1K-piPW-M38hiJiO0gfOfCRssWPAeuaKkywge-rbVvZKmNXVoJoe9D59QG5LIJqxLPmRX4SboB7Tcd-oKnUlDd5sQlH7ovdmA7nnEH5etVKIhlhg
rotadas/caja-18/022_AP1GczNurA.jpg,ESTUDIO STUDIOS JALISCIENSE S,Caja #18,caja-18,022_AP1GczNurA.jpg,0,96.7,CUADERNOS / de / ESTUDIO STUDIOS JALISCIENSE S / 4 / Sociedad mesoamericana / y pensamiento europeo / JOSÉ MARÍA MURIÀ / Instituto Nacional / El Colegio de Jalisco de Antropología e Historia,https://lh3.googleusercontent.com/pw/AP1GczNurAJHOwDd82JXH5bq7uM9auiUuorFRIjE3UN7HuTiYw3mzKeFPFWuY9HbABsDLx52tNLJswq4GXL8IR3tRPJjShurmGsA0ahs9frEDbQ6S9q0T8M
rotadas/caja-18/023_AP1GczNcnt.jpg,La Explotación de la Costa del Pacífico en el Occidente de Mesoamérica y los Contactos con Sudamérica y con otras Regiones Culturales,Caja #18,caja-18,023_AP1GczNcnt.jpg,0,98.8,La Explotación de la Costa del Pacífico en / el Occidente de Mesoamérica y los / Contactos con Sudamérica y con / otras Regiones Culturales / Arqueólogo José Carlos Beltrán Medina / Universidad Autónoma de Nayarit,https://lh3.googleusercontent.com/pw/AP1GczNcnttftU76JQgN0sRQ1-G3gJoMl5YGKkEAzVgh5fb2P9aOoK_e-GiQ52qVJIBxp9x4gMeAVROW3K6PELsgmfQ5seWdJq1_X8deAtY2ceXR-fetwP8
rotadas/caja-18/024_AP1GczPiQw.jpg,CUSE,Caja #18,caja-18,024_AP1GczPiQw.jpg,0,69.8,ARQUEOLOGIA E HISTORIA / ANTIGUA DE QUERETARO / CUSE / Ana María Crespo / Carlos Viramontes / Alberto Herrera / V CENTENARIO AMERICA EUROPA,https://lh3.googleusercontent.com/pw/AP1GczPiQwlFyueDGtalOTs65deVXsKRTSi2igADFCfe2I9BOry1MYxA9YMpXcq0eBP5Xozpf4dmdXQRdr3sxM4_s7zp9JeUGzZmt8-rj0scglR_mh6KaKM
rotadas/caja-18/025_AP1GczM1iV.jpg,ARQUEOLOGIA del VALLE del RIO CAUCA Asentamientos Prehispánicos en la Suela Plana del Río Cauca,Caja #18,caja-18,025_AP1GczM1iV.jpg,0,98.6,ARQUEOLOGIA del VALLE del RIO CAUCA / Asentamientos Prehispánicos / en la Suela Plana del Río Cauca / JULIO CESAR CUBILLOS CH / 400 11-25-84 / 1000365 / Fundación de Investigaciones Arqueológicas Nacionales / Banco de la República Bogotá 1984,https://lh3.googleusercontent.com/pw/AP1GczM1iV5LpJha0UX-csZQUL50HgRfNCkH9q1eRDfWis5_BA8ZJQwHNOtUTDpH-vCYOhVPqPWTXUx5DIE3ZzON0nkgLLqgxyKIW3krpI6VEQu5bneXy3s
rotadas/caja-18/026_AP1GczNX6d.jpg,EL MEXICO FUL wwww wwww ANTIGUO,Caja #18,caja-18,026_AP1GczNX6d.jpg,0,93.6,EL MEXICO FUL wwww wwww ANTIGUO / REVISTA INTERNACIONAL DE ARQUEOLOGIA / ETNOLOGIA FOLKLORE PREHISTORIA / HISTORIA ANTIGUA Y LINGUISTICA MEXICANAS / Editada por la SOCIEDAD ALEMANA MEXICANISTA / MEXICO D. F. / FUNDADA POR HERMANN BEYER / TOMO IX / 1961 / TOMO ESPECIAL DE HOMENAJE CONSAGRADO A HONRAR / LA MEMORIA DEL ILUSTRE ANTROPOLOGO / DR HERMANN BEYER / EN EL 400 ANIVERSARIO DE LA FUNDACION DE / EL MEXICO ANTIGUO / EL MEXICO ANTIGUO / MEXICO D. F.,https://lh3.googleusercontent.com/pw/AP1GczNX6dgP-yu1km8ab79SETbP4U6nV4nNwHDZrcmd8zuC-cqv7x-WK3BbD5SkyIdiD9a1dQCRNhkKPeRmj_h67TYBuMi5sL3L_H5K97f-PvxlxlzzzM8
rotadas/caja-18/027_AP1GczOvR7.jpg,EN ARQUEOLOGIA,Caja #18,caja-18,027_AP1GczOvR7.jpg,0,97.0,S BROTHWELL / Y ERIC DON HIGGS compiladores CIENCIA / EN ARQUEOLOGIA,https://lh3.googleusercontent.com/pw/AP1GczOvR7IX8qjgX1rir53ROveZOz-YyD5r2IpUBj9WHI5f2mmLdL2qWti_7j24snCE0Xvk5p_g5ei6XEpjWrYFVuOYZUmPZ8WoYZSq68vgmdLZL9Sc8N0
rotadas/caja-18/028_AP1GczOCef.jpg,Los toltecas en tierras chichimecas,Caja #18,caja-18,028_AP1GczOCef.jpg,0,99.1,Marie Areti Hers / Los toltecas / en tierras / chichimecas / UNIVERSIDAD NACIONAL AUTÓNOMA DE MÉXICO,https://lh3.googleusercontent.com/pw/AP1GczOCefBoNsvM5rHy8ohHZel_dx5s63ocrnGcVuV9marXNiaPYV0SF9j_EjPpvrRU1hmALmg-6qK2jzn0FfK5hrOG0TnuhQ3Qq2HeKoVbCRJD93Y7viE
rotadas/caja-19/001_AP1GczMIWl.jpg,E STUDIOS,Caja #19,caja-19,001_AP1GczMIWl.jpg,0,91.5,E STUDIOS / REVISTA DE ANTROPOLOGÍA ARQUEOLOGÍA E HISTORIA / AGOSTO 2001 3 A. ÉPOCA / MIGUEL ANGEL ASTURIAS recuento de ediciones guatemaltecas L ASENTAMIENTO / Prehispánico en un área crítica La Sabana Seca del municipio de Santa Ana Petén⚫ OS ARTEFACTOS / de sílice de la Vega de Cobán UNA PROPUESTA metodológica para el estudio de figurillas A / ANTROPOLOGIA de la ciudad de Guatemala POBREZA de Cultura o Cultura de la Pobreza,https://lh3.googleusercontent.com/pw/AP1GczMIWlKthjNvIWkIh5Bd-sI4Bt0ODeZfnKEz6TE9oEHBJQHheiKFKeATd2gIPpdnfGfYF1Exw-Oi852CooOcPsLPVaQBrsL7nNofvdAY6Ht5ThLrfm0
rotadas/caja-19/002_AP1GczOtJS.jpg,Clara Luz Díaz Oyarzábal Colección de objetos de piedra obsidiana concha metales y textiles del Estado de Guerrero Museo Nacional de Antropología,Caja #19,caja-19,002_AP1GczOtJS.jpg,0,98.6,Clara Luz Díaz Oyarzábal Colección de objetos de piedra / obsidiana concha metales y / textiles del Estado de Guerrero / Museo Nacional de Antropología / Colección Catálogos de Museos / Instituto Nacional de Antropología e Historia,https://lh3.googleusercontent.com/pw/AP1GczOtJSmc1GG7QGwBOcvcT8rnu2n-alLlVoBhpjyFSM0JV9jD4D6AHbRij0HL9g2DSfG74BHuZS7n7VAhFsgeGV--Lk_ev7XThbIGrmPPSy79AXWx0lc
rotadas/caja-19/003_AP1GczNkbG.jpg,INVESTIGACIONES RECIENTES EN EL AREA MAYA,Caja #19,caja-19,003_AP1GczNkbG.jpg,0,97.8,INVESTIGACIONES / RECIENTES / EN EL AREA MAYA / XVII / MESA / REDONDA / TOMO I / SOCIEDAD MEXICANA DE ANTROPOLOGIA / Sn.Cristobal de las Casas Chiapas / 1984 21-27 Junio 1981,https://lh3.googleusercontent.com/pw/AP1GczNkbGTjS2Mv_zeGO0T7cgNcU9F2iBumWy7x_JJ6D6X2S1t97t0aJ-s_UgIL6voH9smq-6sVhzj5cy5pOaiKYfLSIFVOy-LMwWE86onduLhT8gSfa3Q
rotadas/caja-19/004_AP1GczPQa4.jpg,BIBLIOGRAFIA NOVOHISPANA DE ARTE,Caja #19,caja-19,004_AP1GczPQa4.jpg,0,95.8,BIBLIOGRAFIA / NOVOHISPANA / DE ARTE / PRIMERA PARTE / IMPRESOS MEXICANOS / RELATIVOS AL ARTE / DE LOS SIGLOS XVI Y XVII / Guillermo / Tovar de Teresa / Biblioteca Fe 1001492 Americana,https://lh3.googleusercontent.com/pw/AP1GczPQa4QyRbgpq77JshnGqY2fSQPlOR1lQjo-xVl1TTfKIyCf6hvzx3tDJyGEqikNRO5ef53IoyjBDhNNC4zo6kAfCYoBUAmShEacNBU28206FKdUcqk
rotadas/caja-19/005_AP1GczPeHx.jpg,BIBLIOGRAFÍA NOVOHISPANA DE ARTE,Caja #19,caja-19,005_AP1GczPeHx.jpg,0,97.2,BIBLIOGRAFÍA / NOVOHISPANA / DE ARTE / SEGUNDA PARTE / IMPRESOS MEXICANOS / RELATIVOS AL ARTE / DEL SIGLO XVIII / Guillermo / Tovar de Teresa / 2 / AWAN / Biblioteca Americana,https://lh3.googleusercontent.com/pw/AP1GczPeHxeMFgMrqpeCOq8g20fd-Br8YfQQsSIvgmMxOpL8MFgEZ0gYby0BDAh-YoSFcRw8jh959bjteMF2bYkSccoUwfzL9NT_GopE1VNQLXBNo9l8YDQ
rotadas/caja-19/006_AP1GczN5tP.jpg,Antonio dez Luis Perera Cardoza Peláez Luis y Zapata Carlos Aragón Monsiváis Alejandro José Gómez Joaquín Arias Blanco Andrés Manuel Henestrosa Fernán,Caja #19,caja-19,006_AP1GczN5tP.jpg,0,97.9,Lola Recuento fotográfico Mhanez Biard / TEXTOS / Antonio dez Luis Perera Cardoza Peláez Luis y Zapata Carlos Aragón Monsiváis Alejandro José Gómez Joaquín Arias Blanco Andrés Manuel Henestrosa Fernán-,https://lh3.googleusercontent.com/pw/AP1GczN5tPWlB5vyp31WiG-hdO6s1Tv33GBJ1S18HzvOjSubvAFLE6xylmc34DieopxmuQ-uhEMewgXdgsFzkz7NMZ1IXqXfQzSGhvSf747X7UC07uDZyBc
rotadas/caja-19/007_AP1GczPN0Z.jpg,EMILIA ORTIZ,Caja #19,caja-19,007_AP1GczPN0Z.jpg,0,93.5,Corty / EMILIA ORTIZ / PINTORA NAYARITA,https://lh3.googleusercontent.com/pw/AP1GczPN0ZRfR1hs1qJvwHwRubOrGYhitf62SwhFs5-BqKotP0jbL_D5zK3933pRJbllN1nGnbp6rCTc4STO_VXkS_8yuQwitmbTkji0UvH3DGW79Z2uCCU
rotadas/caja-19/008_AP1GczNWc0.jpg,DOD,Caja #19,caja-19,008_AP1GczNWc0.jpg,0,67.3,DOD / los / señores / del maíz / tecnología / alimentaria / en / mesoamérica / VIRGINIA / GARCÍA ACOSTA,https://lh3.googleusercontent.com/pw/AP1GczNWc0Ju8iXNSHDne0zsbM_nOl7GFX8dqkLEuTfuFUlw9xnhl-b4Hv5FrJVE_JGw9pRFAqjBC1ri1XPjvcgpIe8jrFpJpM2Wedi1FQn1Zlalldcsujk
rotadas/caja-19/009_AP1GczMP4r.jpg,los señores del metal minería y VOO,Caja #19,caja-19,009_AP1GczMP4r.jpg,0,93.6,14 / los / señores / del metal / minería y VOO / metalurgia / MEDION WOUNDW en / mesoamérica / DORA M. K. DE GRINBERG,https://lh3.googleusercontent.com/pw/AP1GczMP4rHTqCY8b4s8SMXoJtNhfIwcEKbTmjfWiEPeklL_LV3ktB-3aJHgBXw2dQ4lpTmD8JSt0NvcdAUEn8-0TKiRvSGZodfKha9L76bV_u_WwkcGb7c
rotadas/caja-19/010_AP1GczO2Hh.jpg,,Caja #19,caja-19,010_AP1GczO2Hh.jpg,0,0.0,,https://lh3.googleusercontent.com/pw/AP1GczO2Hh6Sa_23Dq6201udgq6PHQNR5eYDibVAAVuObrFI430CpjB4eKY6VWsPa_V9Y-7SfS6_DIxwcofTbZ7Ctlb5tuXIXm79Ezf6eqCfkqW1ZEM-3Ig
rotadas/caja-19/011_AP1GczOawj.jpg,WINKILISO'OB KAMBALIL WINIKO'OB ESQUEMAS ANTROPOLÓGICOS,Caja #19,caja-19,011_AP1GczOawj.jpg,0,98.2,JUN LAJUN TU KAN K'AL P'EL JA'AB TI AKA'AN TI INAH 1939-2010 / SETENTA Y UN AÑOS DE FUNDACIÓN DEL INAH 1939-2010 / WINKILISO'OB KAMBALIL WINIKO'OB / ESQUEMAS ANTROPOLÓGICOS / Jaime Garduño Argueta,https://lh3.googleusercontent.com/pw/AP1GczOawjtws6lH5SIaxY4e9Ip3qG_URNbP4_Xepp_9zAVzjDeMw9V7FxkRshNvDYe8DKjQ3ule6JU_Xh1Pdw8ABYdAvcf5hQm440veCu8EUPkQDPasZ9Q
rotadas/caja-19/012_AP1GczOkF7.jpg,FAMSI,Caja #19,caja-19,012_AP1GczOkF7.jpg,0,99.0,FAMSI / FUNDACION PARA EL FOMENTO DE ESTUDIOS / MESOAMERICANOS INC / Crystal River Florida / 2003 / Ediciones Previas son invalidas,https://lh3.googleusercontent.com/pw/AP1GczOkF7oA7JdWthEmAQwI2s_aUev0Ialn_pP8mVM9vTDOJLje2OoCwALxhhofndlLMIkrFuAv-vw4lLxAyq9V-dcZbI70XbO3pTzcsJ73_4qBwI6Esgo
rotadas/caja-19/013_AP1GczNJ2_.jpg,Convenio de prestaciones socioeconómicas bienio 2013-2015 para los profesores de investigación científica y docencia D II IA 1,Caja #19,caja-19,013_AP1GczNJ2_.jpg,0,98.8,Convenio de prestaciones / socioeconómicas bienio 2013-2015 / para los profesores de investigación / científica y docencia D II IA 1 / y para los profesionistas arquitectos / conservadores del patrimonio / cultural D II IA 2 ambos / de la sección X del SNTE / INSTITUTO NACIONAL DE ANTROPOLOGÍA E HISTORIA,https://lh3.googleusercontent.com/pw/AP1GczNJ2_-cxTurj6PPGUFQKDupu63lEBMoKLi84KHL5p93MeY7KsBwOOVGHwYFbzytAAC1lwFET7HaTTJerrhJflNtrcCcSb8BNaZp2sNl7KsDEPiB5RE
rotadas/caja-19/014_AP1GczM409.jpg,PATRIMONIO CULTURAL,Caja #19,caja-19,014_AP1GczM409.jpg,0,99.0,Reunión internacional / sobre / PATRIMONIO CULTURAL / POLÍTICA CULTURAL ple / Y PATRIMONIO / DOCUMENTO DE DISCUSIÓN COLECTIVA,https://lh3.googleusercontent.com/pw/AP1GczM4099CJ-VxRRT21MX7o4cPYlk4vlp8SNXrUdXAN8KNiKb8Jg2gKZ_eGM2Mc91YKseLQr-CQHo6fMKLGBKKr3821vQXNjqQKkVnes44YzW7tfPZj1k
rotadas/caja-19/015_AP1GczMkv1.jpg,INSTRUCTIVO PARA EL CUIDADO DEL PATRIMONIO CULTURAL,Caja #19,caja-19,015_AP1GczMkv1.jpg,0,98.8,INSTITUTO NACIONAL DE ANTROPOLOGÍA E HISTORIA / INSTRUCTIVO PARA / EL CUIDADO DEL / PATRIMONIO CULTURAL / PARA SU PROTECCIÓN Y CONSERVACIÓN / Basado en la / Ley Federal sobre Monumentos y / Zonas Arqueológicos Artísticos e Históricos,https://lh3.googleusercontent.com/pw/AP1GczMkv175oGFL8pY62-KLqnY5YKtGzpYIgrJVcJH85uvTzA4BHMDegNzuTX78AjyEbrlgvEwL0rMFghIv1ghxi9v9kjUCzGwwYDsXwYyvyWEV-3NdSH4
rotadas/caja-19/016_AP1GczPSxs.jpg,INSTRUCTIVO PARA EL CUIDADO DEL PATRIMONIO CULTURAL,Caja #19,caja-19,016_AP1GczPSxs.jpg,0,99.0,INSTITUTO NACIONAL DE ANTROPOLOGÍA E HISTORIA / INSTRUCTIVO PARA / EL CUIDADO DEL / PATRIMONIO CULTURAL / PARA SU PROTECCIÓN Y CONSERVACIÓN / Basado en la / Ley Federal sobre Monumentos y / Zonas Arqueológicos Artísticos e Históricos,https://lh3.googleusercontent.com/pw/AP1GczPSxsYnZsf4FquDWyIAUaXPU4N4kTPsIoxqtQC-5kQKHfNuw_jI6D4WkSp_YiRbsyeZ9t-AF0_T9RqH6FcPixCJqbozbBl4bBoNDCerAqm1Usn7lGI
rotadas/caja-19/017_AP1GczMdvo.jpg,LA CONSTRUCCIÓN DE WAL MART EN TEOTIHUACAN,Caja #19,caja-19,017_AP1GczMdvo.jpg,0,97.5,LA CONSTRUCCIÓN DE / WAL MART EN / TEOTIHUACAN / Francisco Beristain Bravo Aldir González Morelos Z. / Cuauhtémoc Velasco Ávila María Irma López / Razgado Iván Franco Cáceres María del Carmen / Lechuga García María del Rayo Mena G. / DELEGACIÓN DIL IA 1 / SECCIÓN 10 SNTE,https://lh3.googleusercontent.com/pw/AP1GczMdvotYeAZb8TyBakvT6sTdiAGPnaOPZhy6GmnWqbMS0YyFlGxwmPm-Vz-fkZr64F2t2e3h1wpytIDpMTCW7As8E-pYAP4lK3pFPXMIDEPCajJrNrs
rotadas/caja-19/018_AP1GczMdIp.jpg,ENTORNO,Caja #19,caja-19,018_AP1GczMdIp.jpg,0,99.2,ENTORNO / LAVERDAD NOS HARA LIBRES / INSTITUTO NACIONAL DE UNIVERSIDAD / IBEROAMERICANA / ANTROPOLOGIA E HISTORIA PLANTEL LEON / SITIOS / ARQUEOLOGICOS / DEL MUNICIPIO / DE LEON / Jorge Ramos De La Vega / Amalia Ramírez Garayzar / 3,https://lh3.googleusercontent.com/pw/AP1GczMdIpE77xCSVoYmMCQknEqNwYV2IIWG8teBNYt3yiDn_f-ERDWeVF-YiOJmE1m-KTNOvYHpQz91Zy4w5BnKXdcQLwc8OTWULv1sJqPJvCamEwDLaVY
rotadas/caja-19/019_AP1GczPfgT.jpg,ENTORNO,Caja #19,caja-19,019_AP1GczPfgT.jpg,0,99.3,ENTORNO / LAVERDAD NOS HARA LIBRES / UNIVERSIDAD / INSTITUTO NACIONAL DE / IBEROAMERICANA / ANTROPOLOGIA E HISTORIA PLANTEL LEON / SITIOS / ARQUEOLOGICOS / DEL MUNICIPIO / DE LEON / Jorge Ramos De La Vega / Amalia Ramírez Garayzar / 3,https://lh3.googleusercontent.com/pw/AP1GczPfgTyaREyuGGDbVhpQ-OXtfD19-mCWhGQ-favI2IfILFgV36d2uL1fxa3uQ4fwgCx7_Zbder4qWYP3C4dRTuZjOEPxxXh0M4FKaL4IXlV3jG_wto8
rotadas/caja-19/020_AP1GczO6eO.jpg,ENTORNO,Caja #19,caja-19,020_AP1GczO6eO.jpg,0,99.1,ENTORNO / LAVERDAD NOS HARA LIBRES / UNIVERSIDAD / INSTITUTO NACIONAL DE IBEROAMERICANA / ANTROPOLOGIA E HISTORIA PLANTEL LEON / SITIOS / ARQUEOLOGICOS / DEL MUNICIPIO / DE LEON / Jorge Ramos De La Vega / Amalia Ramírez Garayzar / 3,https://lh3.googleusercontent.com/pw/AP1GczO6eOosGQSiEdCYCptHaANvm2OCaNJt0kxi2ASKzxjrqcDyXv9Vg94_DTfXTXFf11P5DLd7UdlJ91f0Pi-LzO5jSinvDRoQF35uLx-01a6zCJL_5fQ
rotadas/caja-19/021_AP1GczO_B2.jpg,Profesores de Investigación Científica y Docencia Bienio 2017-2019,Caja #19,caja-19,021_AP1GczO_B2.jpg,0,98.4,Convenio de Prestaciones Socioeconómicas / Profesores de Investigación / Científica y Docencia / Bienio 2017-2019 / Sindicato Nacional de Profesores / de Investigación Científica y Docencia / del Instituto Nacional de Antropología / e Historia / Instituto Nacional de Antropología e Historia,https://lh3.googleusercontent.com/pw/AP1GczO_B2KEfAO1Q0yGqgMGkKvWNom0frZNxnJwOByatGr7EQMVmwHRZkmMHzW5KHVNZjPlObpSCILMgq_OPwglktcGEO5pP892vgPaLxMvvKyOaXlDzwE
rotadas/caja-19/022_AP1GczM2_s.jpg,Convenio de prestaciones socioeconómicas bienio 2009-2011 para los profesores de investigación científica y docencia D II IA 1 y los profesionistas arquitectos,Caja #19,caja-19,022_AP1GczM2_s.jpg,0,98.9,Convenio de prestaciones socioeconómicas / bienio 2009-2011 para los profesores / de investigación científica y docencia / D II IA 1 y los profesionistas arquitectos / conservadores del patrimonio / cultural D II IA 2 / INSTITUTO NACIONAL DE ANTROPOLOGÍA E HISTORIA,https://lh3.googleusercontent.com/pw/AP1GczM2_svXq30dqdPICBHW2lYUTTXtpMXUujBm2-U5b1-RA201vOKCiNybtVKnQf9vO2GSqJUnHhzk6CRb1hf1VQY4ZCBj96APy4zOXOoXhp2Qy_BjHMw
rotadas/caja-19/023_AP1GczO25S.jpg,LA CONSTRUCCIÓN DE WAL MART EN TEOTIHUACAN,Caja #19,caja-19,023_AP1GczO25S.jpg,0,98.0,LA CONSTRUCCIÓN DE / WAL MART EN / TEOTIHUACAN / Francisco Beristain Bravo Aldir González Morelos Z. / Cuauhtémoc Velasco Ávila María Irma López / Razgado Iván Franco Cáceres María del Carmen / Lechuga García María del Rayo Mena G. / DELEGACIÓN DII IA 1 / SECCIÓN 10 SNTE,https://lh3.googleusercontent.com/pw/AP1GczO25SICgqH31cXM3_5qtcVu5VSOKf0w8Rq08DCtXzOvXTV1NtB5GH4YZLo7rBlH5jSdYPVC8GIUDtCahEU00bS6MWZc9d35VHxdjYWh0Gm3zmBY2QY
rotadas/caja-19/024_AP1GczOZWq.jpg,LEY FEDERAL SOBRE MONUMENTOS Y ZONAS ARQUEOLOGICOS ARTISTICOS E HISTORICOS,Caja #19,caja-19,024_AP1GczOZWq.jpg,0,98.2,INAH / LEY FEDERAL / SOBRE MONUMENTOS / Y ZONAS ARQUEOLOGICOS / ARTISTICOS E HISTORICOS / REGLAMENTO DE LA LEY / FEDERAL SOBRE / MONUMENTOS / Y ZONAS ARQUEOLOGICOS / ARTISTICOS E HISTORICOS / LEY ORGANICA DEL / INSTITUTO NACIONAL / DE ANTROPOLOGIA / E HISTORIA,https://lh3.googleusercontent.com/pw/AP1GczOZWqwnGVmqgEvxzljT-31XF-wjoWUzbv51djkfzcqwf3u6wIF8WXZUEcAF7zqKyaddIQVChknYmoHefrQIkdAxT9qkTLlwhmmoQPJoxwx8Xw7nE7E
rotadas/caja-19/025_AP1GczMQOa.jpg,obsidiana concha metales y textiles del Estado de Guerrero Museo Nacional de Antropología,Caja #19,caja-19,025_AP1GczMQOa.jpg,0,99.0,Clara Luz Díaz Oyarzábal / Colección de objetos de piedra / obsidiana concha metales y / textiles del Estado de Guerrero / Museo Nacional de Antropología / Colección Catálogos de Museos / Instituto Nacional de Antropología e Historia,https://lh3.googleusercontent.com/pw/AP1GczMQOaQW0YkPzUfeSxyspHOk4ivhtW4QAoXLXMBlOyZT3RjhzYuSvcRANEwB9tqKkwPG-ehqCUZ31dohUrGt5gWhw-p1amHOsH90Zg2dnqkGySEW9QY
rotadas/caja-19/026_AP1GczOSXc.jpg,LAS PRIMERAS ALDEAS EN MEXICO,Caja #19,caja-19,026_AP1GczOSXc.jpg,0,97.6,LAS PRIMERAS ALDEAS EN MEXICO / El Horizonte Preclásico / Coordinadora / Martha / Carmona / Macías / Colección / Catálogos / de / Museos,https://lh3.googleusercontent.com/pw/AP1GczOSXc-buB10lJN9jR-Bk_AKI8KKOm-dFOU0_rD5-Wq4sBL29s8LXQgluRBnq1QTR_JX4wSFRcFTg3BBOxkYedULAM11kq6Uycxv4IWc9qXcN-SjPnU
rotadas/caja-19/027_AP1GczNT7Q.jpg,JIQUILPAN PREHISPANICO,Caja #19,caja-19,027_AP1GczNT7Q.jpg,0,91.2,JIQUILPAN / PREHISPANICO,https://lh3.googleusercontent.com/pw/AP1GczNT7QeYA9U3ybgkpuvB_bkYT4XIz2JaZ-T326EpHBQfWLVBY78usN-E27PwuFbhrneZz2OeyKq93lrIKRn7h-u1ZFPknK--3LQWuJ4QAq7oac8am7Q
rotadas/caja-19/028_AP1GczPhRC.jpg,Colima,Caja #19,caja-19,028_AP1GczPhRC.jpg,0,90.3,LEY G / Sobre Protección y / Conservación de Monumentos / Y / Bellezas Naturales / Colima / 1931 / be,https://lh3.googleusercontent.com/pw/AP1GczPhRC8jGFY55PlQfhnjjIvtzZpNg48uCCO214PosC9u5azQgLtsqdM7ySTK2v35M9LPXsDuZML1KXrZg5YNitpgnSkE4NUvyNHsmqh-Cl5lkvow2Gw
rotadas/caja-19/029_AP1GczN0wI.jpg,Ley Federal de Tierras Ociosas,Caja #19,caja-19,029_AP1GczN0wI.jpg,0,98.7,Ley Federal de Tierras Ociosas / Ley Reglamentaria / de los Artículos 50 119 y 18 / de la Ley de Tierras / Ociosas de Fecha 23 de Junio / de 1920 / Ley para el Establecimiento de / Fundos Legales / para los Campesinos del Estado / de Colima / O / 1938,https://lh3.googleusercontent.com/pw/AP1GczN0wIYR61n0RxgRcjLOxmsTb7JoqNaxEQtrd_MCmphfZALd56e-xTjX5v8nrj6zOLaVhaXdAc-cA-VvkXvkjoFpiLX5P9urOagakaNvUWi-PrbWkDQ
rotadas/caja-19/030_AP1GczM7fm.jpg,LAS COMUNIDADES Y SU DESARROLLO,Caja #19,caja-19,030_AP1GczM7fm.jpg,0,97.7,T. R. BATTEN / LAS / COMUNIDADES / Y SU / DESARROLLO / FONDO DE CULTURA ECONOMICA,https://lh3.googleusercontent.com/pw/AP1GczM7fmooYMdoN1XFTWAG0pjDeC7H_cTgSTC2R1H9bqX5Qdf1TN0VxN2wErzhu97hTrVk5mHD9HAMs3hMYuVJW--ChDwYyeteq0n1Xx7SgJVr-hJLFyQ
rotadas/caja-19/031_AP1GczNbCC.jpg,Recetario indígena de Guerrero Cocina Indígena y Popular,Caja #19,caja-19,031_AP1GczNbCC.jpg,0,98.2,Recetario / indígena de / Guerrero / Cocina Indígena y Popular / 36,https://lh3.googleusercontent.com/pw/AP1GczNbCCDMxFsW8SyyqXGwZwNF2X6iQNfAzLwpzFO65vTI79zwflaQLd2wLdwNOHwoHs9ZqmcLJOqXMXwaEKwwPAoS--3bhmnV2FqcJxBHCGlb92FDbFo
rotadas/caja-19/032_AP1GczO5rs.jpg,La flor del aguardiente,Caja #19,caja-19,032_AP1GczO5rs.jpg,0,98.6,La flor del aguardiente / Sergio Navarrete Pellicer / Colección Regiones de México / Instituto Nacional de Antropología e Historia,https://lh3.googleusercontent.com/pw/AP1GczO5rsI6XdsHD4NGF5DTwZkGGEwsRfbJz2Y7SC7jvDhJW513SbprBICqsREV2zoqxhODbAhutiNH9orjxUNevQwenl4hHNgoK9AhiJ4ttt5V8liQfJw
rotadas/caja-19/033_AP1GczPSx-.jpg,ARQUEOLOGIA DE MESOAMERICA,Caja #19,caja-19,033_AP1GczPSx-.jpg,0,95.9,ARQUEOLOGIA / DE MESOAMERICA / EDUARDO NOGUERA / Textos / Universitarios / S. A.,https://lh3.googleusercontent.com/pw/AP1GczPSx-AtTnWB9EhtG4SmVRn6PAScVDyIQncF7xCm_Ei0dMlzFiKjs-XjWhWm0MaMqrQDb5QlzJ-hJdVzx8Yc47ymzPK0z9fISJ0SsRZR0Jv7fQuxN08
rotadas/caja-19/034_AP1GczOiXn.jpg,Historia de la agricultura Epoca prehispánica- siglo XVI,Caja #19,caja-19,034_AP1GczOiXn.jpg,0,98.6,Historia de la agricultura / Epoca prehispánica- / siglo XVI / Libro 4 / 3.zenia Halli auh inpixca / que inquirixquilia quo / chavia quinocholtia quims / chocoscatio mocharia.mo / chalta mocholoscati.mai / cos caña in pixcaque nie- / pixquinque aith coquin enne / mi mortixique quiniohitixia / quymoquicuilis jymoet / molia in can oilcacalac anti / anoco molquitoont in / amo quicuicuique pixca / que Juz hacen colloca quipa / nocvitivi Ha Hacxitemotin / ino caquahtitlan isouti / Han totemacht Han icmo / xixiquirilquentia yainsi / tix au inmile catapan / cueshme Hacuecucs / contemo Hacue3comate / ma ymiapuh.ymchic / ymieuh achtopa quidiz / aui quitectia quitad / hiia quita cuicuilia / tana qucheca queso / que atochia quite con / inpolocar quittaga ye / xotlacolli catepa Hacos / tema quicocotema.quife / repechos inicix quich is / nacaiouh ata / Teresa Rojas Rabiela William T. Sanders / Colección Biblioteca del INAH / Instituto Nacional de Antropología e Historia,https://lh3.googleusercontent.com/pw/AP1GczOiXnN3AdOloKjaYGa-XVX6MRbfj8josVJiMnH3_FGa8VOpGLGW5rByKjuXTeVM6GhVryqmu6DuMWeLOf-OXoEbILfa2jqp3xNhkEaGoNx1P2zJwKY
rotadas/caja-19/035_AP1GczMQ07.jpg,PEDRO intelectual La aventura de 1 RMILLAS,Caja #19,caja-19,035_AP1GczMQ07.jpg,0,97.8,PEDRO intelectual La aventura de 1 RMILLAS / Retro Ama Na / EL COLEGIO DE MICHOACAN,https://lh3.googleusercontent.com/pw/AP1GczMQ07dG4igOJziBL5KwemNmP2TVSOJphlkLMW25I_KFgvbLwBl-q5G2l2gv5wSNO1Gup0sXVAdeNVQtP9mB3CToNdCYDZm2_tz74kR-hg407BfeFL8
rotadas/caja-19/036_AP1GczNLNN.jpg,Códice Ramírez,Caja #19,caja-19,036_AP1GczNLNN.jpg,0,96.6,Códice / Ramírez / 9 / u v v v v i v i v vv vv / SSSSSSSSSSSSSSSSSSSSSSSSSSSSSSS / XXXXXXXXXXXXXXXXXXXXXXXXX / SSSSSSSSS IIIIII / 0 0 0 G / editorial innovación s.a.,https://lh3.googleusercontent.com/pw/AP1GczNLNNeAPXll1eVrCtbOSDXSKQjh35SZSuJBJ1Rx8sAx1B8S-C8utgFJIPyzqVCbmxKsUlcKjSa9kToKwxcJl0hvP7ARq0vGMvClEcwrq8TfbDwIINw
rotadas/caja-19/037_AP1GczNzTX.jpg,Generalidades históricas sobre la fundación y los primeros años de Guadalajara,Caja #19,caja-19,037_AP1GczNzTX.jpg,0,98.6,Generalidades históricas / sobre la fundación y los / primeros años de Guadalajara / Lecturas históricas de Guadalajara I / José María Muriá Jaime Olveda / compiladores / Febr / DE 1542 / UCARE / Colección Regiones de México,https://lh3.googleusercontent.com/pw/AP1GczNzTXNAwWuT0BXEX36VMsWhUYVxX5kWIiS2VOxD6dsUcCG3YFJ2kUo6dHO1lZ2YY1ENpIQu1Gv1FPMjk0eD_FQbiPxORIGwOUWMXtUrGhTfjwgvEE4
rotadas/caja-19/038_AP1GczPxDy.jpg,JUAN COMAS INTRODUCCION A LA PREHISTORIA GENERAL,Caja #19,caja-19,038_AP1GczPxDy.jpg,0,98.3,JUAN COMAS INTRODUCCION / A LA PREHISTORIA GENERAL / textos universitarios / UNIVERSIDAD NACIONAL AUTÓNOMA DE MÉXICO,https://lh3.googleusercontent.com/pw/AP1GczPxDyw2DRrjDqw6OJEd2tY-ElLF0Dpx02MOuiBenB4wV1G0hUo8Nwg_h32QwAn06YGNbPk8LRyqVqdA9MnJ8q09J8XC4tADdZtDtnQCv_lFv19x414
rotadas/caja-19/039_AP1GczMUNK.jpg,Los tarascos y los tarascos uacúsecha Diferencias sociales y arqueológicas en un grupo,Caja #19,caja-19,039_AP1GczMUNK.jpg,0,98.2,Los tarascos y los tarascos uacúsecha / Diferencias sociales y arqueológicas en un grupo / Salvador Pulido Méndez / Divulgación / INSTITUTO NACIONAL DE ANTROPOLOGIA E HISTORIA,https://lh3.googleusercontent.com/pw/AP1GczMUNKjLMfWRI-hCxlNNwUeL-GxP67oxVfsj952_Ua_FmUlM4w9t4sV7fBt9CjbYCpzzqVIZQneL24V_ktlGuP9YWjcOsWzLNi9S_nmqrqNFk_Acdts
rotadas/caja-19/040_AP1GczN-P7.jpg,Recetario del nopal de Milpa Alta D.F. y Colima,Caja #19,caja-19,040_AP1GczN-P7.jpg,0,99.1,Recetario del / nopal de Milpa / Alta D.F. y Colima / Cocina Indígena y Popular / 48,https://lh3.googleusercontent.com/pw/AP1GczN-P75SMxCFx-sIe_YjfvcfNODIF4KFwCgP9QV64pej0rq6JS4aIA2K_C39Yc_3AHZd_CDWWxYJKw5zkzRt-fXuy3kty4G9WdVTgjbaS7s0yn2HcUM
rotadas/caja-19/041_AP1GczNCV9.jpg,Recetario de la Sierra Gorda de Querétaro,Caja #19,caja-19,041_AP1GczNCV9.jpg,0,98.5,Recetario de la / Sierra Gorda de / Querétaro / Cocina Indígena y Popular / 52,https://lh3.googleusercontent.com/pw/AP1GczNCV9md1HHc5Dq5YNns-hTKjDZ0-BC6jOMac0z3v1jk3K0znphrWhmtCtsMAxn9aqcrhtEKdcaR6d47yTJ7ZXC1DQ0PkTzhn7xsbvo-IcR6ta4_smM
rotadas/caja-19/042_AP1GczOzxB.jpg,Alfredo López Austin LA EDUCACION DE LOS ANTIGUOS NAHUAS 1,Caja #19,caja-19,042_AP1GczOzxB.jpg,0,98.9,Alfredo López Austin / LA EDUCACION / DE LOS ANTIGUOS / NAHUAS 1 / Eve / EE / Sep Ediciones / CULTURA El Caballito,https://lh3.googleusercontent.com/pw/AP1GczOzxBxb_cnwPUCOUZ0lRBumhT5jqy0ycQdHvxe6wrHRSEZhd63upPKxoPS-azNpulgTXlVzmfmU7-lVWj37l8JDLAMZ4-xuQd7lHnhq1nlZBByTL3o
rotadas/caja-19/043_AP1GczNz7P.jpg,CRUZ MESIANICA,Caja #19,caja-19,043_AP1GczNz7P.jpg,0,96.0,LA / CRUZ / MESIANICA / UNA APROXIMACION AL SINCRETISMO / CATOLICO INDIGENA / 29 29 / QUINTO CENTENARIO / DE LA CONQUISTA DE ENRIQUE / CGAMERICA / PALABRA EDICIONES MARROQUIN / I.I.S.U.A.B.J.O.,https://lh3.googleusercontent.com/pw/AP1GczNz7PNt1PwshslqsJtlm1R6PlIqxsDXV3EyQPMDnbY6Vw8Ni0gsftAqRI_1pZnOPRkq0JIhSzUKivi4t14HzAZgxe19s6SISFFvjgMfnm4yf2NuoEw
rotadas/caja-19/044_AP1GczM_f5.jpg,Pedro Armillas Vida y obra,Caja #19,caja-19,044_AP1GczM_f5.jpg,0,99.1,I / Pedro Armillas Vida y obra / Teresa Rojas Rabiela ed / TI,https://lh3.googleusercontent.com/pw/AP1GczM_f5fJpCzSHYDf7UXG6YPlqkaAemDgRwxQ-VN-7crrMQfXgKyrFlz13piiqdhsFYSd2pb4exahLtZRi6RDA_Ys_jRWuxTeqYXwQNbBlYIMfBjuQWg
rotadas/caja-19/045_AP1GczNXpW.jpg,Los pueblos y,Caja #19,caja-19,045_AP1GczNXpW.jpg,0,98.6,Los pueblos y / señoríos teocráticos / El periodo de las ciudades urbanas / Primera parte / México / panorama histórico y cultural,https://lh3.googleusercontent.com/pw/AP1GczNXpW0daGNrZz3Kl3sIoU9RRIjjtuEVBOinBUBTg7UO4Rc2HHYkYwYcHXrKD5Mbv-MlfJID5s6NVww5peDn-2XOtN3OkEzk8MVEziIywnzymUE7stQ
rotadas/caja-19/046_AP1GczPHKm.jpg,Lenguaje,Caja #19,caja-19,046_AP1GczPHKm.jpg,0,97.8,Roger Fowler Bob Hodge / Gunther Kress Tony Trew / Lenguaje / y control / EL NACIONAL STOU MARVIL / PRISUSTIPRESENTED BAY CHOCO MILK TELAGGS FERRECOTOS Y PUNTO PLAGAS TE / CANADA / PRES / Lengua y estudios literarios / Je,https://lh3.googleusercontent.com/pw/AP1GczPHKmYJ2zYvVpUNrIBvHz_UVAjPZXz51_pv3q40F5PC_j8vTqMuXLUoWHgvnKvK5UK-UGhvOdwKbKATWnWVwt0tSg5Fk3LFUOdwDSbh45b1RH9GXwA
rotadas/caja-20/001_AP1GczMRk1.jpg,CHAMETLA SINALOA,Caja #20,caja-20,001_AP1GczMRk1.jpg,0,98.8,ISABEL T. KELLY / EXCAVACIONES EN / CHAMETLA SINALOA,https://lh3.googleusercontent.com/pw/AP1GczMRk1QCcLMy274BZKDThSNtKClPIg6dVs2orKorzEewTEdWhz2HFRD8U2fCsyhtt6DMYXlVNqHvxacYHyPfC79dYvIHpFrPFgWqhdeH-bsL9Ox9eIg
rotadas/caja-20/002_AP1GczObFb.jpg,Fe Doris M. Ladd La nobleza mexicana en la época de la Independencia 1780-1826,Caja #20,caja-20,002_AP1GczObFb.jpg,0,99.0,Fe Doris M. Ladd / La nobleza mexicana / en la época de la / Independencia 1780-1826,https://lh3.googleusercontent.com/pw/AP1GczObFbLn14jg8VWCkmd1tTatQN5JsztDc9Z9Y0l5WOY1qUAga82ZMvnw6xkQIEwDzIfA_80MXVPD6Y05xvaIz6Ityw9q5Dx93m-Ri-9Y8piY_2Skhbw
rotadas/caja-20/003_AP1GczNdir.jpg,Nueva Antropología,Caja #20,caja-20,003_AP1GczNdir.jpg,0,97.7,ISSN 0185-0636 / Nueva / 20 / Antropología / REVISTA DE CIENCIAS SOCIALES / ETNIA Y NACION / ANDRES MEDINA HERNANDEZ Los grupos étnicos y los sistemas tradicio- / nales de poder en México FRANCISCO JAVIER GUERRERO El anticapita- / lismo reaccionario en la antropologia MANUEL ORTEGA HEGG JAIME VE- / LEZ Y ECKART BOEGE El conflicto etnia nación en Nicaragua LUIS CA- / RRION Etnia y conflicto en Nicaragua DOCUMENTOS Palestina y Guatema- / la dos pueblos victimas del genocidio Reunión sobre la cuestión étnica y nacio- / nal celebrada en el CEESTEM y otros,https://lh3.googleusercontent.com/pw/AP1GczNdir8LQV-53YI3naV2FkWrcTTo5uPjJi247cXb5ZO5QodgLb_DposaAugpV9eS-5qEKos71P1im7JnggSTu4fbOQg-vTvludV1cHfA81dDs49K7tE
rotadas/caja-20/004_AP1GczPq9D.jpg,EL OFICIO DE SOCIOLOGO,Caja #20,caja-20,004_AP1GczPq9D.jpg,0,96.8,EL OFICIO / DE SOCIOLOGO / Pierre Bourdieu / Jean Claude Chamboredon / y Jean Claude Passeron / leditores siglo veintiuno 19a edición,https://lh3.googleusercontent.com/pw/AP1GczPq9DN2WF0_pmxQV4g6b9vRWioB8oJD5GLyUK3d4cevqnON3sr-zUL5MBIVvi16GDbdlTcGuKZ-Z1yxEEZP7UNylZHrQ04UorbciNo_c16i7Jryygc
rotadas/caja-20/005_AP1GczNWjb.jpg,RELIGIÓN MAGIAY,Caja #20,caja-20,005_AP1GczNWjb.jpg,0,96.9,RELIGIÓN / MAGIAY / FRAZER / LA RAMA / DORADA / FONDO DE CULTURA / ECONÓMICA,https://lh3.googleusercontent.com/pw/AP1GczNWjbD81Ksunf1HY9PRODY0hZZVHH9vp2ACAW1I1ZsqBL83caXNrD6uqRWR0EbyAMIp5HRpbqkQUF6Z8DA73Z8PrGpRX5azMXI0_0g7hWQTMTvlLpo
rotadas/caja-20/006_AP1GczPM-Z.jpg,TOLTECAYOTL,Caja #20,caja-20,006_AP1GczPM-Z.jpg,0,96.4,MIGUEL LEON PORTILLA / TOLTECAYOTL / aspectos de / la cultura náhuatl C e / 3,https://lh3.googleusercontent.com/pw/AP1GczPM-ZbXIS1T_0xCBaujGVJ6zSA_D5zPhW8LVGj-vZwsjdz7kU8m9TkTZ1xQcvS8vaPZASr4NVIXyY4eq91Aqkrp-uLBqHbgHfE4CZIon6NppBcM978
rotadas/caja-20/007_AP1GczOALb.jpg,La jícara huichola,Caja #20,caja-20,007_AP1GczOALb.jpg,0,97.0,ESTUDIOS / MONOGRAFI / La jícara huichola / Un microcosmos mesoamericano / Olivia Kindl / ETNOGRAFÍA DE LOS PUEBLOS / INDÍGENAS DE MÉXICO,https://lh3.googleusercontent.com/pw/AP1GczOALb90EgWHO4YPgeDrTiDLDjGK8h1WogDLrsvL8fXMGufmoCZKX7Plq7VLxpOlEJTV6nIP5oC50tHa60G_l-k4gnlPGsmSYQxjas4DP7eCyRZZv8Y
rotadas/caja-20/008_AP1GczNNNY.jpg,DON LEONARDO CASTELLANOS DE ECUANDUREO,Caja #20,caja-20,008_AP1GczNNNY.jpg,0,97.3,DON LEONARDO / CASTELLANOS / DE ECUANDUREO / FRANCISCO MIRANDA,https://lh3.googleusercontent.com/pw/AP1GczNNNYmnHKkbyVAAQaQF2MvMlgKL0TJ9P69PD3cBMh-7GgpWLTTuHu_Axq05-ZlySpHvAQRknhdI_RMk4SuUOYRnntvxR9z6GJ-A1PoxV7vNqkTgN2g
rotadas/caja-20/009_AP1GczPTYA.jpg,dialéctica Federico de la Engels naturaleza CIENCIAS ECONOMICAS,Caja #20,caja-20,009_AP1GczPTYA.jpg,0,97.7,dialéctica Federico / de la Engels / naturaleza CIENCIAS / ECONOMICAS / y SOCIALES / JUAN GRIJALBO / JS / EDITOR,https://lh3.googleusercontent.com/pw/AP1GczPTYA4nOIBRtX55FZA4fWy2OuEh1gWV34MNHrJJ3Qq4xF7x0GLyJkRme-YTcWLeLQpGUfwCaZz3OunZAcnFm7QV8_3_Jj7XSZqxVjwJGTzkK1mJ0mE
rotadas/caja-20/010_AP1GczNrYO.jpg,ESTUDI STUDIOS de JALISCIENSE ES,Caja #20,caja-20,010_AP1GczNrYO.jpg,0,97.5,CUADERNOS / ESTUDI STUDIOS de JALISCIENSE ES / 14 / La batalla de La Mojonera / BERNABÉ GODOY / El Colegio de Jalisco Antropología Instituto Nacional e Historia de,https://lh3.googleusercontent.com/pw/AP1GczNrYO5-s_RC7oqEd9PXkHd_2vYgaVD4YhfgUICKG0CfSfwpLED5H8CqOF4QdErU5vsZnEPk-RrV_0OhmYAs1qpaOtlESwz4kgl8CY0r6AwcAzmaOFY
rotadas/caja-20/011_AP1GczNmgX.jpg,JA ALISCIENSE ESTUDIOS 11 S,Caja #20,caja-20,011_AP1GczNmgX.jpg,0,95.5,JA ALISCIENSE ESTUDIOS 11 S / Febrero de 1993 / SUMARIO / INTRODUCCIÓN / ANTONIO IBARRA / La minería local y el comercio colonial / el Real de San José de Aranjuez 1801 1803 / VÍCTOR MANUEL CASTILLO GIRÓN / Tecolotlán en la Revolución Mexicana / GREGORIO RIVERA MORÁN / El ejido en las redes del poder local Ayutita / Municipio de Autlán Jalisco / BLANCA LORENA BAÑUELOS VARELA / Tierra y bosque el ejido forestal / El Rosario Ayutla Jalisco / MARÍA RODRÍGUEZ BATISTA / Los pueblos de la carretera Cambio social y desarrollo / regional en la zona Centro Costa de Jalisco,https://lh3.googleusercontent.com/pw/AP1GczNmgXVjw_zIHkxiVMp3KwyFPMxa-9y1VI5YKpJZfceyut65W-p4DVPfE3V4FC1Crwsw5gUwtx-1HQVukcWCgDn-GdlhkuaLJH05PvE3FQ3sBqqHbTI
rotadas/caja-20/012_AP1GczPLP3.jpg,JAL ALISCIENSE ESTUDIOS S,Caja #20,caja-20,012_AP1GczPLP3.jpg,0,98.0,JAL ALISCIENSE ESTUDIOS S / 9 / Agosto de 1992 / Sumario / INTRODUCCIÓN / HERMES RAFAEL / La cuna del mariachi por excelencia / RAMÓN MATA TORRES / El mariachi multinaciente / IGNACIO GUZMÁN BETANCOURT / Mariachi en busca del étimo perdido / ALVARO OCHOA SERRANO / Mariache a tres voces,https://lh3.googleusercontent.com/pw/AP1GczPLP3nC1OgeadZg9H8b-Nar0wLfVQK1FZ1k0qEUwayncbRtertXQCKjfnR9SCIFp8h2S50gezZZTOtjsEaAta0M1wG6EBt4MUnwY8LBU3INWeX1G-k
rotadas/caja-20/013_AP1GczOu27.jpg,Nueva Antropología 3,Caja #20,caja-20,013_AP1GczOu27.jpg,0,97.4,Nueva / Antropología 3 / 5 / www / ESCUELA NACIONAL DE ANTROPOLOGIA E HISTORIA,https://lh3.googleusercontent.com/pw/AP1GczOu27MP_dzJWV9S0Z9n9XoyTPJOEibbQoLinSXOzlKCqL1FzaT_mH-66gL_GoZfM9POkI_wbyReekv6cR1ePWp_MaqHIv80bPMyDcuV8eIJHoKkzq4
rotadas/caja-20/014_AP1GczNZGh.jpg,La ciencia del texto Teun A. van Dijk Paidós Comunicación,Caja #20,caja-20,014_AP1GczNZGh.jpg,0,98.2,La ciencia del texto / Teun A. van Dijk / Paidós Comunicación / CHARLASAH ZHP / ZOUL DIARIO OA / MEMPITETSAJI / ESEU AOLETPAD / TTNENSAYOSAO / OROS DIKRITS / DUNDIRCRITIC / OCIENCIAA OPR / STELARDMCTIE / TUSGRAMATICA / CREAOZTEXTOR / PALDPRENSASN / 4a / edición,https://lh3.googleusercontent.com/pw/AP1GczNZGhdkF-kj7eBE84OpSkwRgXXq_ZbyrJECd2z9uemj7uVtw7E3YeK_ampRSs7h3uztaZsgw4F9r-OWNIAOHtYNCgS_HaDzCYh4kJyQ43lU6_eOJH4
rotadas/caja-20/015_AP1GczMvjy.jpg,Antropología e Historia del Occidente de México,Caja #20,caja-20,015_AP1GczMvjy.jpg,0,98.6,Antropología e Historia / del Occidente de México / XXIV Mesa Redonda de la Sociedad / Mexicana de Antropología / I / Sociedad Mexicona Antropologia / Universidad Nacional Autónoma de Mexico,https://lh3.googleusercontent.com/pw/AP1GczMvjy8Y-MneWonj9iWLEcItOwDYNkmzX9gDewodq57cr0sae5GgU0Q6ekvsvzksuHGBDLhYN3ZDKXkKS6xAOhgygORr0V4NZMeOYBsDI7VPuzbTa6Q
rotadas/caja-20/016_AP1GczO0yz.jpg,antropo logía física,Caja #20,caja-20,016_AP1GczO0yz.jpg,0,92.1,antropo / logía / física / el hombre / y su / medio / ANTONIO J. / MARTINEZ FUENTES,https://lh3.googleusercontent.com/pw/AP1GczO0yzyuV0667nNf-O_6-l5MtIRDwsP6k3XIeqmFxLFgORd_sJkA0RwyDUgT3L0wpoB3AuqFQNkObmxxYsuEe8tFmr8fylwObxotmWvVhGWWyVuNdB8
rotadas/caja-20/017_AP1GczPClM.jpg,LINGÜÍSTICA,Caja #20,caja-20,017_AP1GczPClM.jpg,0,94.2,REVISTA MEXICANA / DE ESTUDIOS ANTROPOLOGICOS / TOMO XXXV 1989 / LINGÜÍSTICA,https://lh3.googleusercontent.com/pw/AP1GczPClME-sn1yqHx3VTEHADTqV6oF4J9cCeUYxVxNWAVfLjoemOtFo4yqhuXjKpLg8xD6hUuD466jrMEeoAr1OLNQO2mTq7U28-9sHW-DghiKvQvdol0
rotadas/caja-20/018_AP1GczN5yL.jpg,El Bajío,Caja #20,caja-20,018_AP1GczN5yL.jpg,0,92.2,Sociedad Mexicana de Antropología / SMA XXX Mesa Redonda / El Bajío / y sus regiones / vecinas / ACERCAMIENTOS / HISTÓRICOS / Y ANTROPOLÓGICOS / Santiago de / Querétaro / Del 3 al 8 de agosto de 2014 Querétaro / Sedes Teatro de la República Universidad Marista de Querétaro Museo Regional de Querétaro INAH / PROGRAMA,https://lh3.googleusercontent.com/pw/AP1GczN5yLBTdH2ztKN0Rod140a5iP2Tt4ZQOWkB5ItThbEnwL7Lw0WK96fbgt2OsyxnFNIefsu6DmFicxVaPWErJ2CmI88gYhDnKzpYtD2kZWYWPTo3OFY
rotadas/caja-20/019_AP1GczNFhc.jpg,el OCCIDENTE de MEXICO en el TIEMPO,Caja #20,caja-20,019_AP1GczNFhc.jpg,0,97.9,el OCCIDENTE / de MEXICO en el TIEMPO / Ricardo Avila Palafox coordinador / 01 EcPedro Geta Sta Vorte Passo KamodyxxI58jg del Nor / Parbla Callorca Maria Tafe re / 0 Arispe Presa / ninge Toca Sonda / Fran Fastres plodes Santos Shimahua / Gertrudis / S CS.Lazare SFrancisce aliforn Par / Todas Santues / Lueris / S. / UNIVERSIDAD DE GUADALAJARA,https://lh3.googleusercontent.com/pw/AP1GczNFhciuNzXq50aZ3TbWpD28atJ8NQ2h3_Agz6s894w2PCDHM2eUaY9mkFYft8wCGiNGd6hEG4gZG4nOqXb-pxv4PLGFjPOGFBTHP4Myyw-R5p08Rcg
rotadas/caja-20/020_AP1GczPxSU.jpg,ETNOHISTORIA,Caja #20,caja-20,020_AP1GczPxSU.jpg,0,99.2,REVISTA MEXICANA / DE ESTUDIOS ANTROPOLOGICOS / O / 202 / TOMO XL 1994 / ETNOHISTORIA,https://lh3.googleusercontent.com/pw/AP1GczPxSUrukOA8fLPTemMPHQx6di9-glQ2RyU0Yafj4hJx6jhwCTFmJCImcg17B2BTKjoaNACwVqSOaziMoNnbhC-1OVsWK8HtH3GuQnMRZyRAo_r-Y3I
rotadas/caja-20/021_AP1GczMQ9k.jpg,José Corona Núñez,Caja #20,caja-20,021_AP1GczMQ9k.jpg,0,94.1,José Corona Núñez / Origen Histórico de los Tarascos / Nuevos elementos de la / cultura Valdivia / Emilio Estrada / SAN / VALDACANA VICLES / Universidad Michoacana de San Nicolás de Hidalgo,https://lh3.googleusercontent.com/pw/AP1GczMQ9k97dCbpq_zMC_z8k1Vqs1tDxYPyFBS5tZxBfsAoL3TTfsp-55_srgR4ZnClO1cfLPoI-Wm-dpgZ9O_byt0vsDTeziL-2vduec9BtB3YT46u2S8
rotadas/caja-20/022_AP1GczPc2R.jpg,PATRIMONIO INMATERIAL ámbitos y contradicciones,Caja #20,caja-20,022_AP1GczPc2R.jpg,0,98.9,PATRIMONIO INMATERIAL / ámbitos y contradicciones / Carmen Morales Valderrama y Mette Marie Wacher Rodarte / coordinadoras / INSTITUTO NACIONAL DE ANTROPOLOGÍA E HISTORIA,https://lh3.googleusercontent.com/pw/AP1GczPc2RSO625V8OI4uyPRDOmIoji5OToLpjvzf5dce4ECRwNrpOl0bpTNyCHtLwi56c_GZFACL8V3wrG7b1LcGR4UzbOonJFTbqoDArCKBL3c-WJJ9tY
rotadas/caja-20/023_AP1GczOFQR.jpg,El Busión,Caja #20,caja-20,023_AP1GczOFQR.jpg,0,70.9,El Busión / Valdés QUIEN TEME A LA CRISIS / LA Bellingeri CLASE OBRERA EL ULTIMO NO VA ZAPATISMO AL 3 / canta PARAISO SUNA Victor CANCION González Roura REZO Rojo POR TI MARL 1983 ABRIL / SAN JUAN / PARANGARICUTIRO / Un ensayo testimonio / inédito de / VICTOR / SERGE / GRAFICA APLAUDIDOS / LA COCINA / Y HUMILLADOS / por / VAZQUEZ MOLINA GUTIERREZ / L. AZCARATE SOLER LOPEZ Adolfo CASTAÑON / CAROLIA PAN 3 dibujos / y un texto de COMESAÑA Y AGUA,https://lh3.googleusercontent.com/pw/AP1GczOFQRm9xD94VsoQ3ajLOhbFqe6SlyLtaH6_WXl-dw0dvDffOOWesux7t46hmeu4x4FfjAiOa7AzGPM1zSLcqmLXlZjCCtki14XL_spHz01-P2L0vTM
rotadas/caja-20/024_AP1GczPFn_.jpg,ESCULTURA DEL CASTILLO DE TEAYO VERACRUZ MÉXICO,Caja #20,caja-20,024_AP1GczPFn_.jpg,0,96.8,ESCULTURA DEL CASTILLO / DE TEAYO VERACRUZ / MÉXICO / CATÁLOGO / FELIPE SOLÍS / UNIVERSIDAD NACIONAL AUTÓNOMA DE MÉXICO,https://lh3.googleusercontent.com/pw/AP1GczPFn_A4JLZG7zDp__GhETCRx_EXmmi947AmnE7eEhcNbyLSSeN8MfReuceQQLUF-39n5B17VF3pYwEGjHMSTgMmXKaa1cS57A44J8mbHKSCOh0yG9w
rotadas/caja-20/025_AP1GczMT8j.jpg,CULIACÁN SINALOA,Caja #20,caja-20,025_AP1GczMT8j.jpg,0,96.5,ISABEL T. KELLY / ZA / EXCAVACIONES EN / CULIACÁN SINALOA,https://lh3.googleusercontent.com/pw/AP1GczMT8j4J2bOro40UwM1L0LZFAw78_yBWNEtUe6nLsRB1wszRhZMDKFHlJyfvbYJhasxEpSUJ7G-bOsXsVbhq9kE80B77CPnaN_hLbBCtwUJeEKb8BU4
rotadas/caja-20/026_AP1GczMX8j.jpg,sus,Caja #20,caja-20,026_AP1GczMX8j.jpg,0,84.9,obras J. MELVILLE HERSKOVITS / sus / Y / HOMBRE www ww / EL CULTURA FONDO DE / ECONOMICA,https://lh3.googleusercontent.com/pw/AP1GczMX8jwZCP3LTBvy-T6mTCNk4eBTVzZNVnqHdq6t5illsxQ0w5LT7eL5RDi3qEcGgeGkcyd5x1gM_Yp48F36iqVJunddY86wjO0xiXgmuOpF50dKZn8
rotadas/caja-20/027_AP1GczMlOF.jpg,ALTEPETL,Caja #20,caja-20,027_AP1GczMlOF.jpg,0,97.5,TERRITORIALIDAD Y PAISAJE EN EL / ALTEPETL / DEL SIGLO XVI / Coordinado por / FEDERICO FERNÁNDEZ CHRISTLIEB / ÁNGEL / JULIÁN GARCÍA ZAMBRANO SP,https://lh3.googleusercontent.com/pw/AP1GczMlOFVu6YljUFr-O3wb8yIjPA-LrRe6KELqUdAUab3vq12hOn2MqQPHL0mc3_BE87J4UL-Q623T5Kuf3SpxETUsr4Bu51lB6lyqn_4gTkWoWISMv30
rotadas/caja-20/028_AP1GczNjW0.jpg,VAIVENES DE LA HISTORIA EJIDAL,Caja #20,caja-20,028_AP1GczNjW0.jpg,0,98.4,VAIVENES DE LA / HISTORIA EJIDAL / Dolores Hidalgo CIN Guanajuato 1900-1970 / 1930 / I / 1960 / 1900 / 1940 / Manola Sepúlveda Garza / 1970 / INVESTIGACIÓN PROA,https://lh3.googleusercontent.com/pw/AP1GczNjW0GCTfeT47m0UqVLQJbUOtSIIFPYxV1KDUQ2Ya8txMJAB7AVsa0bGTmXvxertsPna0jJN6syNg2pL7u2TBB-GHG2LTiezM1HSkpxZ03nt86feIU
rotadas/caja-20/029_AP1GczOt0W.jpg,LA ETNOLOGIA TEMAS Y TENDENCIAS,Caja #20,caja-20,029_AP1GczOt0W.jpg,0,98.9,LA ETNOLOGIA / TEMAS Y TENDENCIAS / I COLOQUIO / PAUL KIRCHHOFF / UNIVERSIDAD NACIONAL AUTONOMA DE MEXICO,https://lh3.googleusercontent.com/pw/AP1GczOt0WPsXG7MkFufe0AsN9zjgfh0UsYQ9LpAFCTuxnu8Vx_lWpCM52PNya81e_l8Lmg5mAjrMmFQONb-H1TCJMR90-k9cl3Bc5h9fcqiCi7YkeWvPgI
rotadas/caja-20/030_AP1GczPndh.jpg,Etnoarqueología,Caja #20,caja-20,030_AP1GczPndh.jpg,0,98.3,Etnoarqueología / Primer Coloquio Bosch Gimpera / Yoko Sugiura Y. Mari Carmen Serra P. / Editoras / UNIVERSIDAD NACIONAL AUTONOMA DE MEXICO,https://lh3.googleusercontent.com/pw/AP1GczPndhTgOZi14o9Qi6dg81T0fpPR1Axz6862WeDuWVOdFzeAdnfDUKj0zPwfnsVKIy9eC3Es_3-x84E72AqIo7HhhQP3rwJMU_0GYp2yZnJiRxo1bvo
rotadas/caja-21/001_AP1GczPdVm.jpg,SALVAMENTO ARQUEOLOGÍA,Caja #21,caja-21,001_AP1GczPdVm.jpg,0,97.4,REVISTA MEXICANA / DE ESTUDIOS ANTROPOLOGICOS / TOMO XXXVIII 1992 ARQUEOLÓGICO OSTEOLOGÍA / SALVAMENTO ARQUEOLOGÍA,https://lh3.googleusercontent.com/pw/AP1GczPdVm-qPkl4MW1h3Q_DIplBPMB_Tb0djPPq--hXOE-u2SdzTava82ZtXavnO3WNKw-8c3A6qgKM5xmVTS67-qllPBDPPmO1tbISqGCW3yChTnADtcM
rotadas/caja-21/002_AP1GczMUTd.jpg,Nueva 19 Antropología,Caja #21,caja-21,002_AP1GczMUTd.jpg,0,97.3,Nueva 19 / Antropología / REVISTA DE CIENCIAS SOCIALES / LOS MERCADOS EN EL CONTEXTO / URBANO Y RURAL / Sistemas de mercado interno como mecanismos de articulación social / SIDNEY MINTZ El estudio económico de los sistemas de merca- / deo modelos de la geografía económica CAROL A. SMITH Un / carnero por un saco de papas aspectos del trueque en la zona de Chaupi- / waranga Pasco ENRIQUE MAYER Productos agrícolas y el / tianguis en Ciudad Guzmán Jal VERONICA VEERKAMP EI / proceso de diferenciación social y económica entre los comerciantes de / un mercado municipal urbano SILVIA LAISON Y JOSEFINA / ARANDA Consumo y cooperación doméstica en los sectores popu- / lares de Guadalajara Jal PATRICIA ARIAS Bibliografía sobre / mercados con especial referencia a la comercialización de productos / agrícolas VERONICA VEERKAMP / DOCUMENTOS / Acerca de la medicina tradicional,https://lh3.googleusercontent.com/pw/AP1GczMUTddfDMMf1T_z0E2Ld473IvXRqy73i7aMOdobWJuOQEgYYRYQJDUQgwE7SGjK0uRKek43OWihY-1mQ8I5XPST1cwFdcM44vIEoke3o8iAmBuD1yY
rotadas/caja-21/003_AP1GczOrdm.jpg,Antropología 29,Caja #21,caja-21,003_AP1GczOrdm.jpg,0,97.2,ISSN 0185-0636 / Nueva / Antropología 29 / REVISTA DE CIENCIAS SOCIALES / ANTROPOLOGIA Y CLASE OBRERA / FRANCISCO ZAPATA Hacia una sociología del trabajo / latinoamericano RAUL NIETO CALLEJA El oficio de / zapatero antecedentes y tendencias EDUARDO L. / MENENDEZ Modelo médico salud obrera y estrategias / de acción del sector salud VICTORIA NOVELO et al / Propuestas para el estudio de la cultura obrera / ENRIQUE DE LA GARZA et al La investigación sobre / la base obrera en México un balance preliminar / ELLA FANNY QUINTAL Sindicato empresa y familia / los espacios de la reproducción de la fuerza de / trabajo petrolera DOCUMENTOS RESEÑAS / BIBLIOGRAFICAS,https://lh3.googleusercontent.com/pw/AP1GczOrdml-R7TA_ovl2L9x4svc_D11UNfvZRWjBCXqHw4kxtfwH_I8UipHe9VF41TcNwb7m3P5JKoCZGxSADMXe1t9qdkdCUKoZXAgqRZr-err9b6dQU4
rotadas/caja-21/004_AP1GczMIwN.jpg,Nueva 28 Antropología,Caja #21,caja-21,004_AP1GczMIwN.jpg,0,96.1,ISSN 0185-0636 / Nueva 28 / Antropología / REVISTA DE CIENCIAS SOCIALES / ANTROPOLOGIA MEDICA / EDUARDO L. MENENDEZ Aproximación crítica al des- / arrollo de la antropología médica en América Latina / ALBERTO YSUNZA OGAZON Polarización alimentaria / y nutricional de México INGRID ROSENBLUETH / Envejecimiento salud y enfermedad patrones diferen- / ciales LUIS YARZABAL La tortura como enfermedad / endémica en América Latina sus características en / Uruguay RAUL MIRANDA O. y MAURICIO ORTEGA / G. Economía y oncocercosis en la región cafetalera del / Soconusco Chiapas SAUL FRANCO La apoteósis del / DDT y el problema de la erradicación del paludismo en / América Latina JEANNETTE ULATE J. y BENNO DE / KEIJZER Sistemas de salud y participación popular / los casos de Nicaragua y México / DECIMO ANIVERSARIO,https://lh3.googleusercontent.com/pw/AP1GczMIwNYsOkW0-zu-cme3tkX61vk0vYChbXJ-Z4zKEJ-_00xBoK3BaNWrRVdSIt_mXFu-y1P2EWo-OFwtvqQQFxjJADw3x-Q8__xxYbd-fp6HW0E2bcg
rotadas/caja-21/005_AP1GczPhAP.jpg,REVISTA MEXICANA DE ESTUDIOS ANTROPOLOGICOS,Caja #21,caja-21,005_AP1GczPhAP.jpg,0,98.6,REVISTA MEXICANA / DE ESTUDIOS ANTROPOLOGICOS / TOMO XXXVI 1990,https://lh3.googleusercontent.com/pw/AP1GczPhAPB8oVpRhXwZpq2SLK5JEcQQiistA31D8EwuVgMBXB3AWeaZqW41DmAMzU2QbF8FUQiJLlrZyun-08NcRWDzRiHWs7R7LNDMwQ56Yq-jrtnbOJM
rotadas/caja-21/006_AP1GczMxUA.jpg,REVISTA MEXICANA DE ESTUDIOS ANTROPOLOGICOS,Caja #21,caja-21,006_AP1GczMxUA.jpg,0,97.5,REVISTA MEXICANA / DE ESTUDIOS ANTROPOLOGICOS / TOMO XXXIX 1993 FÍSICA CONSERVACIÓN LINGÜÍSTICA ESTUDIOS / ANTROPOLOGÍA SOBRE MUSEOGRAFÍA LA MUJER Y,https://lh3.googleusercontent.com/pw/AP1GczMxUA69ogsIg9DvBDG5JBl5Ld6s9bNRmo_TsOHVx-XFf6ZSYUkBSospsZ-q2wrHNGR0J9Twg0Tf7CTRvdF2_abuHaZdzkF9po8zAiKdIMmbGhYAh34
rotadas/caja-21/007_AP1GczMS7v.jpg,EL ARTE OFICIAL TENOCHCA SU SIGNIFICACION SOCIAL,Caja #21,caja-21,007_AP1GczMS7v.jpg,0,98.4,CARMEN AGUILERA / EL ARTE OFICIAL TENOCHCA / SU SIGNIFICACION SOCIAL / COS / INTAN / COD / naki en Asligno / Quanto mes / UNIVERSIDAD NACIONAL AUTONOMA DE MEXICO,https://lh3.googleusercontent.com/pw/AP1GczMS7vQ7nvzMo215YJaREYnp5mhScVAsnmiMkj-Jx5AYT6BATpQw-oq74ftnn5f1jiroNs5deN-u3WgnW4vwo5u7M0UcqvrFRLfjWYZ7dYna719-Eio
rotadas/caja-21/008_AP1GczPNrg.jpg,ANTROPOLOGÍA HISTORIA,Caja #21,caja-21,008_AP1GczPNrg.jpg,0,96.0,ANTROPOLOGÍA / HISTORIA / UD / 229 / ar 000 / PATRIMONIO Y SOCIEDAD,https://lh3.googleusercontent.com/pw/AP1GczPNrgbisV-HabnQFAd5oUomOboiv3SUy-8a_E0FxxtAHrym-nZrDU3yATXSPrEdEzoE36EOaHhmwEdhucIENR-fkZhslYg1DlGrnJem2AEi-o-FDHg
rotadas/caja-21/009_AP1GczNl5Z.jpg,cultura y creación intelectual en américa latina pablo gonzález casanova,Caja #21,caja-21,009_AP1GczNl5Z.jpg,0,98.2,cultura y creación / intelectual / en américa latina / pablo gonzález casanova / coord / kinhide mushakoji anouar abdel malek / jorge graciarena carlos monsiváis / julio le riverend locksley edmondson / jean casimir luis cardoza y aragón / marcos kaplan celso furtado / mario benedetti guillermo bonfil batalla / theotonio dos santos manuel maldonado- / denis gabriel garcia márquez / germán carrera damas j leite lopes / hugo zemelman leopoldo zea / emilio de ipola francisco miró quesada / rené zavaleta mercado / rodolfo stavenhagen roberto fernández / retamar ariel dorfman / jean léopold dominique / division coediciones veintiuno editores siglo INSTITUTO DE INVESTIGACIONES SOCIALES DE LA UNAM / UNIVERSIDAD DE LAS NACIONES UNIDAS,https://lh3.googleusercontent.com/pw/AP1GczNl5ZphBg8prAh7eshbl2afH_ky9GzVYYBwSFwBGweTX2FwH_cqxIj3WNFw3-2jGYmCbWSkJjR_fmKyxaGOlZ_sXO9iNp0gxEDiuIf_08Lqrpri3_M
rotadas/caja-21/010_AP1GczNot9.jpg,LAS CATEDRALES DE SANTIAGO DE LOS CABALLEROS DE GUATEMALA,Caja #21,caja-21,010_AP1GczNot9.jpg,0,97.0,MARÍA CONCEPCIÓN AMERLINCK / LAS CATEDRALES DE SANTIAGO / DE LOS CABALLEROS DE GUATEMALA / A / UNIVERSIDAD NACIONAL AUTÓNOMA DE MÉXICO,https://lh3.googleusercontent.com/pw/AP1GczNot9ovU0IuReqt3a90W5RK5HSD1xYhmaSH9_gLKQEpCJn0HTFuMqBBqcUmv4t0ljYeY6yWdkMvzMWL-AEpJYaONI5VI4IU9UbOUsduA5j5JVAcUh8
rotadas/caja-21/011_AP1GczOOuo.jpg,UICUILCO Daniel Schavelzon,Caja #21,caja-21,011_AP1GczOOuo.jpg,0,92.6,LA sti / PIRAMIDE DE / UICUILCO / Daniel Schavelzon / ALBUM FOTOGRAFICO 1922-1980,https://lh3.googleusercontent.com/pw/AP1GczOOuo59xte_N2ogfYA1tFznK36EWf-xbtfRrQ-OKYDzlr-RdNxgaIvMDq7lptRu8F7s2S5wT9uL820q8G67KawdGcTsKk6ufFGcpWZw4FgbAR9cjKg
rotadas/caja-21/012_AP1GczNYxy.jpg,José María Muriá Breve historia de Jalisco,Caja #21,caja-21,012_AP1GczNYxy.jpg,0,97.6,sto e M C REIMPRESIÓN / 1995 / José María Muriá / Breve historia / de Jalisco / Fideicomiso Historia de las Américas / Serie Breves Historias de los Estados de la República Mexicana,https://lh3.googleusercontent.com/pw/AP1GczNYxysRyHQB5QvMQ8DdExkcc24TBjUNj69YwREcqVHi9yCcScaOrIwOBjIfYmu1N19YGjmPdtwXCNEfbqB5TQJxwJUAWMwbpsvWV58_qJP3mXK2yI0
rotadas/caja-21/013_AP1GczOVYm.jpg,ABRAM KARDINER EL INDIVIDUO Y SU SOCIEDAD sto,Caja #21,caja-21,013_AP1GczOVYm.jpg,0,97.3,ABRAM KARDINER / EL INDIVIDUO / Y SU SOCIEDAD / sto,https://lh3.googleusercontent.com/pw/AP1GczOVYmoiwMNmq8McCK9rOOUGBX4SGtT8BbRQ3TguEQwsaUOl3Xb2xB5h5HIZVNX4OoPkFP17ERuuIRy5yXSonLKDaANn6LWm6LyI7aHncRPoUbs5Db8
rotadas/caja-21/014_AP1GczO-ER.jpg,LA NUEVA ESPAÑA,Caja #21,caja-21,014_AP1GczO-ER.jpg,0,96.1,DESCRIPCION / DE / LA NUEVA ESPAÑA / EN EL SIGLO XVII / POR EL / PADRE FRAY ANTONIO VAZQUEZ DE ESPINOSA / Y / OTROS DOCUMENTOS DEL SIGLO XVII / FOLIA / INTER TRYCT / EDITORIAL PATRIA S. A. / AVENIDA URUGUAY 25 / MEXICO D. F. / 1944,https://lh3.googleusercontent.com/pw/AP1GczO-ERH3xRPCtJAyGdT_wmboCbodJUWdzdwWmxw3RZhNIJ11OUR33KCY6zde8JwK_Q2fJuTgHFi-nLGvjr_T9mYcpCpHX---jQt0N2AmJ6yk6u3gIFM
rotadas/caja-21/015_AP1GczPfse.jpg,TIERKA Y ERTAD,Caja #21,caja-21,015_AP1GczPfse.jpg,0,77.8,TIERKA Y ERTAD / DICCIONARIO / HISTÓRICO Y BIOGRÁFICO / DE LA / REVOLUCIÓN MEXICANA / TOMO / 0 / IV / JALISCO MORELO MORELOS / MICHOACAN NAYARIT / INSTITUTO NACIONAL DE ESTUDIOS HISTÓRICOS / DE LA REVOLUCIÓN MEXICAN / o / 000,https://lh3.googleusercontent.com/pw/AP1GczPfseEd0-eyLaGF9ULniVBxL23d_-LKjjqbkljSB5kn35uhjmLzHVAPGAtD8LRif8BrwW3jTYzf4J98yqAHHgLQqiC_I319m9jnWs0UmnYnq33xTX8
rotadas/caja-21/016_AP1GczOUWK.jpg,SPIRITV POR MI RAZA AL UNIVERSIDAD ESCUELA NACIONAL NACIONAL DE AUTONOMA TRABAJO SOCIAL DE MEXICO,Caja #21,caja-21,016_AP1GczOUWK.jpg,0,97.3,UNIVERSIDAD NACIONAL AUTONOMA B MEXICO / SPIRITV POR MI RAZA AL UNIVERSIDAD ESCUELA NACIONAL NACIONAL DE AUTONOMA TRABAJO SOCIAL DE MEXICO / EL RESCATE DE LA CULTURA / EN LOS MUSEOS COMUNITARIOS / HACIA UN TRABAJO SOCIAL ALTERNATIVO / TESIS PROFESIONAL / RODRIGUEZ RAMOS FRANCISCO / MEXICO D. F. ABRIL 1990,https://lh3.googleusercontent.com/pw/AP1GczOUWKwMGeEIbqj8CBuMiqTm07Y7a2i7-m6-7X1JjMsDhcIiCg0nx9liphImONCaMeshmS6rSEPlU10lEx846yEV_luRTd_Htq5-li-yQGjhnHqlKDs
rotadas/caja-21/017_AP1GczPJ_a.jpg,EL HOMBRE DESNUDO,Caja #21,caja-21,017_AP1GczPJ_a.jpg,0,98.9,EL HOMBRE / DESNUDO / P. DELVAUX / MITOLOGICAS IV / siglo / veintiuno CLAUDE / editores LEVI STRAUSS / sa,https://lh3.googleusercontent.com/pw/AP1GczPJ_aa08cncriZXNVqpVN7e8FaQXD2vxiBkGgzjJvc5DP2KwAPsNa_fu6FcEKdBsJmzKzKenaR1mAkLXSRDP9i8itYsyC161ZpoIt37neI1iOGK2Z8
rotadas/caja-21/018_AP1GczNAt3.jpg,TLALOCAN,Caja #21,caja-21,018_AP1GczNAt3.jpg,0,97.3,TLALOCAN / Revista de Fuentes para el Conocimiento / de las Culturas Indígenas de México / Volumen VII 1977 / na / INSTITUTO DE INVESTIGACIONES HISTORICAS / INSTITUTO DE INVESTIGACIONES ANTROPOLOGICAS / UNIVERSIDAD NACIONAL AUTONOMA DE MEXICO,https://lh3.googleusercontent.com/pw/AP1GczNAt3qqqIcMBoW-Wj6Ax9HPvZCyY_tFBd2x47MgmdgytCE-vw9Ddy3z93y1TzN82-CYbaswT5fmtjmfMyETjKuJbrW8wG3uK963zV65zPjpGSZbvMY
rotadas/caja-21/019_AP1GczMTjj.jpg,Cien años de Congresos Internacionales de Americanistas Juan Comas,Caja #21,caja-21,019_AP1GczMTjj.jpg,0,98.3,Cien años de Congresos / Internacionales / de Americanistas / Juan Comas / INSTITUTO DE INVESTIGACIONES HISTORICAS / AM INSTITUTO DE INVESTIGACIONES ANTROPOLOGICAS,https://lh3.googleusercontent.com/pw/AP1GczMTjjhrX85EjYPYDGw0zVDCcEXEa-sbQawRFT1nU76boaqVcfcjWqOeUK3SfPAdubp3a9CUUbarCLpiHIg5YUSUOgMvFpcezbthZ7wI1UiIdSqMUA8
rotadas/caja-21/020_AP1GczNcqW.jpg,Bienes estratégicos,Caja #21,caja-21,020_AP1GczNcqW.jpg,0,98.5,Bienes estratégicos / del antiguo occidente de México / Eduardo Williams / Editor / El Colegio de Michoacán,https://lh3.googleusercontent.com/pw/AP1GczNcqWcqznkjgiHu9gvyxBFzNNQki7dFAtCust6PrmUDFiy6V63gcEPbKaWfl0psVL9bTpL76QRfBArIXoLVrFzdBzrFS7scSsm7gd_idDiZp_oXloc
rotadas/caja-21/021_AP1GczOJa7.jpg,sp Benjamin Keen La imagen azteca,Caja #21,caja-21,021_AP1GczOJa7.jpg,0,97.8,sp Benjamin Keen / La imagen azteca,https://lh3.googleusercontent.com/pw/AP1GczOJa7iKJIxzgdim6H2Rjx7PtaURsNj5NqP3te1-l0e3NBvfzqUSx4Kcv-xpCALvQNAiHkfRf7eBooHZt3H3v4pgmbc1TGCMSgpeNztm3eW-TV7pud4
rotadas/caja-21/022_AP1GczN12E.jpg,México,Caja #21,caja-21,022_AP1GczN12E.jpg,0,89.9,México / en la cultura / médica / Ignacio Chávez / Biblioteca de la Salud / INSTITUTO NACIONAL COFONDO DE CULTURA / DE SALUD PUBLICAE,https://lh3.googleusercontent.com/pw/AP1GczN12E0F4xdLykbpmut40zOV3k9rZZseGw4bhy_S1SUE_mRYRkhTyls5etr5X08_Zn2455t6NLuunI6hGsnSM4622YvfMpXOu6LSOmAKyyPdd29BFXU
rotadas/caja-21/023_AP1GczME7m.jpg,Cinco Miradas,Caja #21,caja-21,023_AP1GczME7m.jpg,0,97.5,Cinco Miradas / MEMORIA / Primer Encuentro de / Estudios Queretanos / Balance y perspectivas / HISTORIA ARQUITECTURA URBANISMO HISTORIA DEL ARTE / ANTROPOLOGIA PSICOLOGÍA CIENCIAS POLÍTICAS Y SOCIALES,https://lh3.googleusercontent.com/pw/AP1GczME7mJJdNZcd5fD1ir6BkaZ0lozCWldd5KfY8V_6Mkn3t0WBuX3JhdtrKdbaH5zKikZnAEJ5Inaaaj_xeZRK23mi8nyrFxEkyflU9GxMGedMlK2sGU
rotadas/caja-21/024_AP1GczM42_.jpg,ARTESANÍA EN PIEL,Caja #21,caja-21,024_AP1GczM42_.jpg,0,95.2,escuela de artesanía / ARTESANÍA / EN PIEL / CUERO ARTESANO / QUORUM,https://lh3.googleusercontent.com/pw/AP1GczM42_kyoq2d90tcReQT5sYr4Kaukz25dAdIWXrh-nUSQB9d77QxsmbeqLgSMSE6LBl3-3XhJr2QRP0geMaj8KcwzN49fIsGZ4oV-6r3LUopa3hFppk
rotadas/caja-21/025_AP1GczPoTX.jpg,Arqueología e historia del Centro de México Homenaje a Eduardo Matos Moctezuma,Caja #21,caja-21,025_AP1GczPoTX.jpg,0,98.6,Arqueología e historia del Centro de México / Homenaje a Eduardo Matos Moctezuma / Leonardo López Luján David Carrasco y Lourdes Cué Coordinadores / Instituto Nacional / de Antropología e Historia,https://lh3.googleusercontent.com/pw/AP1GczPoTXcHWhS7mlgOgomnUToiF1BuiKJ5gYW_og0uqUdtwwmy6iJ399Hty-1wxMabKyVchRAMmSywkjyn280DYTW9ncXE8xEeCyPm_F_eqjwUa0x8EEE
rotadas/caja-22/001_AP1GczPyVq.jpg,Arte indígena desde México hasta Perú,Caja #22,caja-22,001_AP1GczPyVq.jpg,0,96.8,Luiz Boglár Tamás Kovács / Arte indígena / desde México / hasta Perú,https://lh3.googleusercontent.com/pw/AP1GczPyVqS5gc4WkTxnmLKo6WRI0mFBoxQ7TdKXJG0Dj0oy3Mmf0khdw-ZsyA2KVategKmCuW33DCpVIiOnrl75sluX7RdR5F96MBxy-t1JqKOttdGJOLM
rotadas/caja-22/002_AP1GczOlsX.jpg,CHIAPAS Cambio de máscara,Caja #22,caja-22,002_AP1GczOlsX.jpg,0,97.3,Ofarasca marzo 1994 número 30 / CITEM / N 85 / CHIAPAS Cambio / de máscara / El efecto EZ / en el país / pesos / nuevos / 10,https://lh3.googleusercontent.com/pw/AP1GczOlsX33h8m90wjGAztrYAaZ1MJ1t4CIaRLOTZDMl2eBG1fJN-AnqrWiXHHQr-d9P96otdved0irfky8ZIPAHP0s9QmMz5XlsRJMeTz0z7KbpKZohf8
rotadas/caja-22/003_AP1GczN79N.jpg,El Salvador,Caja #22,caja-22,003_AP1GczN79N.jpg,0,82.3,Revista mensual es marzo 1992 número 6 / El Salvador / La guerra / ha / El Pacífico / de los terminado / encuentros / pesos Enrique Florescano / Tiempo y espacio / mil / 8 Eduardo Subirats / La conquista,https://lh3.googleusercontent.com/pw/AP1GczN79Nw7yKVJGRKVEbGEuJ0WtN6vqzqeMM9YtoZbF9NckeFr9I91WLs_T88cJyooUq_j8ZsqMAG8oOrItXKQyi8SoTGRI0MvddLe5NcXgLldWPQ6tms
rotadas/caja-22/004_AP1GczPHgt.jpg,Ofarásca Revista mensual diciembre 1992 enero 19931 me 14-15,Caja #22,caja-22,004_AP1GczPHgt.jpg,0,78.1,Ofarásca Revista mensual diciembre 1992 enero 19931 me 14-15 / 143293 / 2.00 / Carlos Chimal / la raza va / Jos Vicente Anaya / guerra apache / Isaías Vázquez Pimentel / Luis Humberto Crosthwaite / Lo que estará en mi corazón / Fotografía / Mariana Rosenberg / Milorad Pavić / pesos Ajedrez con piezas / nuevos mexicanas / 10 / mil pesos Eduardo Subirats / 10 La pérdida de América,https://lh3.googleusercontent.com/pw/AP1GczPHgtpnW0UuhcbHjy441EMZTTRKIPK_SYIBnSkM-n-Q5mx7twLTaBUwC0U_8l3WwUK3wTLMxaZSIIgAI969GRfIQNEtMFix5UBqaFMtT2Q8U3QTpNM
rotadas/caja-22/005_AP1GczN9uJ.jpg,NEW MEXICO MAGAZINE 47858,Caja #22,caja-22,005_AP1GczN9uJ.jpg,0,98.8,INDIAN COWBOYS PECOS RUINS DUKE OF DUCKS / NEW MEXICO MAGAZINE 47858 / Native AUGUST 1989 2.25 / American / special / 08 / 0 71896 47858,https://lh3.googleusercontent.com/pw/AP1GczN9uJ2mmzv7kEg7K0KBbZEsKmVz6A_5nkg9nKRUZDbZ6pW0hwMXAXx6G9sPHIiVQdmbrMoYE5XF1ZUZqlle3l1cFHuyztLmWwFsOw5hBkO5ZkWyLA0
rotadas/caja-22/006_AP1GczMn_Q.jpg,AYNI,Caja #22,caja-22,006_AP1GczMn_Q.jpg,0,96.1,AYNI / CARLOS MILLA VILLENA,https://lh3.googleusercontent.com/pw/AP1GczMn_QICg6rYjwZz9HxJg-xbIYoWLe5DwHuECjjgHXIs2GbuO9-7zyA2bgsVHEuu-G771JnVfA18hjLvOiLfwLQUlvrF4bGrOJSW_gm_dS4QXOnP3xo
rotadas/caja-22/007_AP1GczMA9O.jpg,HUEHUEHTLAHTOLLI,Caja #22,caja-22,007_AP1GczMA9O.jpg,0,98.8,HUEHUEHTLAHTOLLI / TESTIMONIOS DE LA ANTIGUA PALABRA / MIGUEL LEÓN PORTILLA LIBRADO SILVA GALEANA / SECRETARÍA DE EDUCACIÓN PÚBLICA / FONDO DE CULTURA ECONÓMICA,https://lh3.googleusercontent.com/pw/AP1GczMA9OnZ4-Xk9OmjdRAXwCgMArvbp4Wr766tmBlao1jXFCDBV_Zea-iJYloHKWIW8fhcWcQBYqy9ZCKf-hGxp3IazfvY_LUnRky4LWp-pjWU7VsGihg
rotadas/caja-22/008_AP1GczOI5X.jpg,Pasajes de la Historia,Caja #22,caja-22,008_AP1GczOI5X.jpg,0,97.9,Pasajes de / la Historia / 44 / OO / O / O / Tomo 1,https://lh3.googleusercontent.com/pw/AP1GczOI5XlFewiI3CSiRnVZUppsA376SLkcO2ComHh_l1_Onx0WFfBBkwZX79M2CKYApIEMHwfxV7HeMtAC4gepvMjv9NOwGZ_K-RPWHTRdO6Vm1D3GhXQ
rotadas/caja-22/009_AP1GczNJdE.jpg,Caso Cañada de la Virgen,Caja #22,caja-22,009_AP1GczNJdE.jpg,0,98.9,Participación del arquitecto restaurador / en la conservación y restauración de la arquitectura prehispánica / Caso Cañada de la Virgen / San Miguel de Allende Guanajuato / Trabajo de titulación en la modalidad de Ejercicio / profesional que para obtener el grado de Maestro en / Restauración de Sitios y Monumentos presenta / Universidad División Campus de Guanajuato Arquitectura Arte y Diseño / Guanajuato / Claudia Patricia Arteaga Nieto,https://lh3.googleusercontent.com/pw/AP1GczNJdESy2V8JsyEzSJ7jmWWz6xCK0ojRZmjmbUGooPvXyLj8dDIgB6XFx8MUQnihr--q6310BYyBHAUMf1b1qG9lBcEIjAWUynt4mXgxEshCDQc1Ji0
rotadas/caja-22/010_AP1GczMxrI.jpg,SIPAN,Caja #22,caja-22,010_AP1GczMxrI.jpg,0,91.1,SIPAN / DESCUBRIMIENTO E INVESTIGACIÓN / O / 660 / Walter Alva / El más importante descubrimiento arqueológico de los últimos años / QW Editores S.A.C.,https://lh3.googleusercontent.com/pw/AP1GczMxrIHHd9zaeayUhc9BF-NombqnVDew50rFV4vlKsabQezdh1WBN4hghdG3qlh9zv9OJYxqtJkuX7mXxi_ixzG34vot-gCXT-8KJ4JGMFhzeMm7eTU
rotadas/caja-22/011_AP1GczPIWz.jpg,CULTURAS DE LA AMERICA INDIGENA MESOAMERICA Y AMERICA CENTRAL Wolfgang Haberland,Caja #22,caja-22,011_AP1GczPIWz.jpg,0,98.9,CULTURAS DE LA AMERICA / INDIGENA MESOAMERICA / Y AMERICA CENTRAL / Wolfgang Haberland / FONDO DE CULTURA ECONÓMICA,https://lh3.googleusercontent.com/pw/AP1GczPIWzzLXH6WNwuRp13TUkJoOAeI_L2yJvwmnvgT6aTnexiTN9aTXNFev0PBptFedfQaVQ71CRzEvsRor7ZXDwySGki7yvoRa0K076Rwa62yrQg5URA
rotadas/caja-22/012_AP1GczPv0E.jpg,INTRODUCCION A LA PALEOGRAFIA,Caja #22,caja-22,012_AP1GczPv0E.jpg,0,98.9,ARCHIVO DE LA NACION GENERAL / INTRODUCCION A LA PALEOGRAFIA / Feb Cones.e renes renes Le Proponez aztifulso en / Preven eusz tubs negme poner / loseste Wen Znezgr sportb / Bonz mies klasseziz 12 conseben / tery nohtamentos renz et to entamine catas / Cronow loo ongos delas tasd / Festos exbomz ons cotyss gr / gamz yuz H / no covered to / Amy oners verage mezgtes convangion 220 grobrogenes call accop emm 6 / Conveyz e / INFORMACION DE ARCHIVOS 12,https://lh3.googleusercontent.com/pw/AP1GczPv0EhHNS-N_CDdN4EJbYEHiW8ryIM9FzkDv5XvBVpMmQhD1BiCLrPOK9Dj3X1q48xbSAuE-UGiR8r1OK7enNcNF8RSsHIBNZ5IYgaMSPZTifYE31Y
rotadas/caja-22/013_AP1GczNBrW.jpg,EL OCCIDENTE DE MEXICO,Caja #22,caja-22,013_AP1GczNBrW.jpg,0,97.4,SOCIEDAD MEXICANA DE ANTROPOLOGIA / EL OCCIDENTE / DE MEXICO / Cuarta Reunión de Mesa Redonda sobre Problemas / Antropológicos de México y Centro América / MEXICO / 1948,https://lh3.googleusercontent.com/pw/AP1GczNBrW-8WnsmlyWsbfyrTv9dVKxDxv7H2x0WzPkG8A5Yf_sQcLPSyYD33w5oLjg38Tirvx7kmwI_sDvcqYDfHWhpm7ssx-Ys8gOUluGu0ACHJT0XE8g
rotadas/caja-22/014_AP1GczOTrA.jpg,FSilvanus Morley LA CIVILIZACION MAYA,Caja #22,caja-22,014_AP1GczOTrA.jpg,0,95.8,FSilvanus Morley / LA CIVILIZACION / MAYA,https://lh3.googleusercontent.com/pw/AP1GczOTrA6Oh1m2sVlUhMfa0WpBeW98720P3wE6Ovj06bvv-JaD6qFXc47jFt1R3rHAsNArB2q32I9WftQxdhaAZ4UVnEZCD1iCTL2k1HvGwPl92lxp770
rotadas/caja-22/015_AP1GczPdpJ.jpg,VERALA ARTER CHATH,Caja #22,caja-22,015_AP1GczPdpJ.jpg,0,87.3,UNIVERSIDAD VERACRUZANA / FACULTAD DE ANTROPOLOGIA / UNIVERSIDAD / S / DE / VERALA ARTER CHATH / LA PRESENCIA TARASCA EN EL ESTADO DE / GUANAJUATO FLUCTUACION DE FRONTERA / T E S S / QUE PARA OBTENER EL TITULO DE / LICENCIADO EN ANTROPOLOGIA / CON ESPECIALIDAD EN ARQUEOLOGIA / P R E SE N T A / JOSE ANTONIO CONTRERAS RAMIREZ / XALAPA VER 1985,https://lh3.googleusercontent.com/pw/AP1GczPdpJIDhZFateBCWWhduw5U6CbWY00Oo8A04SYE_qJpS9ETviQ8wk_sI66UQjJD8EE_-7IaFNo1NOH_V40lQR-lz86CxA9a6rm6-69ah2B3v8IoL6Y
rotadas/caja-22/016_AP1GczPSdJ.jpg,PALENQUE,Caja #22,caja-22,016_AP1GczPSdJ.jpg,0,98.1,PALENQUE / 1926-1945 / Roberto García Moll / Compilador / ANTOLOGIAS / SERIE ARQUEOLOGIA,https://lh3.googleusercontent.com/pw/AP1GczPSdJHyJ6lW3454h_JBmb9KlnJhABZg_zfHzevtxgZgkNnl3Y8kY_6gSt3x_PZGO2u7fkBZDHz8sfIgDrjrIzUQoxdzF9jYR39vLJ-FKNqAbKvf4mw
rotadas/caja-22/017_AP1GczPSSN.jpg,Carlos Chanfón Olmos,Caja #22,caja-22,017_AP1GczPSSN.jpg,0,97.6,Fundamentos teóricos / de la restauración / Carlos Chanfón Olmos / 10 / 96 / FACULTAD DE ARQUITECTURA / UNIVERSIDAD NACIONAL AUTÓNOMA DE MÉXICO,https://lh3.googleusercontent.com/pw/AP1GczPSSN-7GU8pS7EQFEh6CJ5WhqLojxdVANMmzrg0CJ0d8UsnKXUMCKCQVIIhdhgJmJKW9G4Y_EhQ44qZ5uvCkGN9-gamUxtn5sYAXhmAxqzQYXRAwLA
rotadas/caja-22/018_AP1GczPzPI.jpg,templo mayor,Caja #22,caja-22,018_AP1GczPzPI.jpg,0,99.2,11 If part comple / una 304600 / visita al CONIO / templo mayor / eduardo matos moctezuma / 60000 / A / 888 / C / Instituto Nacional de Antropologia e Historia,https://lh3.googleusercontent.com/pw/AP1GczPzPIyuUZLQkDgn4VX1X-ZqpOEcAJ08bIdzrU7k8AQckY-EbDGtG9srgE1TgEnVZ3lp_JvH0N-xwpvSBlFCgLInta4no8G82l8DVtxt5o86Kts27Ps
rotadas/caja-22/019_AP1GczMWGm.jpg,Sep El Eduard historiador Meyer y la Historia antigua,Caja #22,caja-22,019_AP1GczMWGm.jpg,0,97.9,Sep El Eduard historiador Meyer / y la Historia antigua,https://lh3.googleusercontent.com/pw/AP1GczMWGmhz9OnQyxtZUx1-TnhoLRFnLC4lsBiCTnR5miKmSZCEuogwjXu_Za3yZ43XvxgI51Ri3cezFzVmry8wUL2UnqYrmyLe24GRUkaCVY0F4SiBhPw
rotadas/caja-22/020_AP1GczNq3L.jpg,HISTORIA,Caja #22,caja-22,020_AP1GczNq3L.jpg,0,93.0,EFREN NUÑEZ MATA / J / MEXICO / enla / HISTORIA / EDICIONES BOTAS MEXICO,https://lh3.googleusercontent.com/pw/AP1GczNq3LOaK5PAU5Jrvy6nunwos0hZw76YxNw3bCezO_9Z5yngpQCbFxHSGLWjdCkRPUEQ6dSxpyLKBUsCEljyxBe4G2Y5_Qzt2sQaHjpU3o4nJN9O3JI
rotadas/caja-22/021_AP1GczMTXg.jpg,NACIONAL DE ANTROPOLOGIA,Caja #22,caja-22,021_AP1GczMTXg.jpg,0,80.3,ESCUELA NACIONAL DE ANTROPOLOGIA E HISTORIA / I. N. A. H. S. E. P. / NACIONAL DE ANTROPOLOGIA / INSTITUTO HISTORIA / 03 SEP / EL ARTE RUPESTRE EN MEXICO / TESIS PROFESIONAL / QUE PARA OPTAR POR EL TITULO DE / LICENCIADO EN ARQUEOLOGIA / PR RESEN T A / DANIEL JUAN VALENCIA CRUZ / DIRECTOR DE TESIS ARQLGO JOAQUIN GARCIA BARCENA / MEXICO D. F. / 1992,https://lh3.googleusercontent.com/pw/AP1GczMTXgpnG2MD6JYFa_7CixP0G_nAmXPvPMYMFQ94v-TaK5qK6JNDxk3GD5XhauNzQCpDC6PNGdEq13RLgsZ3L-tZJVUKN8vLxOsMPq1EzDoxLqq2L7A
rotadas/caja-22/022_AP1GczNZRW.jpg,Los concheros del puerto de Salagua Playa del Tesoro,Caja #22,caja-22,022_AP1GczNZRW.jpg,0,99.1,ESCUELA NACIONAL DE ANTROPOLOGIA E HISTORIA / S. E. P. / I. N. A. H. / Los concheros del puerto de Salagua / Playa del Tesoro / TOMO 1 / QUE PARA OBTENER EL TITULO DE / LICENCIADO EN ARQUEOLOGIA / PRESENTA / JOSE CARLOS BELTRAN MEDINA / DIRECTOR DE TESIS MTRO OTTO SCHONDUBE / MEXICO D. F. AÑO 1991,https://lh3.googleusercontent.com/pw/AP1GczNZRWq9NUs-kdAIOs78OQf6MpSRVkOIfpNbKXBdb2xRGRGgyOw6IUr8yWJbqCMLfxiYwQ2f3NLY5agpo1cEuYl9uYZj5V8po3STjmhizlbKLwqyH9A
rotadas/caja-22/023_AP1GczMnTO.jpg,distincion oc castas que quedan aboh- das I pasa que todo tonga su puntual,Caja #22,caja-22,023_AP1GczMnTO.jpg,0,79.8,HISTORIA DE LA ERNESTO VILLAR TORRE / DOCUMENTAL GONZALEZ NAVARRO MOISES / DE MEXICO STANLEY TOMO ROSS 11 / Naciendas com 12 sirvientes an / distincion oc castas que quedan aboh- / das I pasa que todo tonga su puntual / y Devido complimiento mando a C Los In / tendenter 9 wit specesa / xias / m / Secreta / instruc / en / esta / Sinco / ve Octave it Ochocumos trece / Jose Ma / Moxclos / 55 HMINIVERSIDAD INSTITUTO UNIVERSIDAD DE NACIONAL NACIONAL INVESTIGACIONES AUTONOMA HISTORICAS DE MEXICO,https://lh3.googleusercontent.com/pw/AP1GczMnTOeYwKVATgGwURjQfkinMNeFGvvFG9p0wF8mNlJDNy9wHEdRGFz363RrbHuRXE56_L-15jKspzZ7Q9tj_-Wnf-DjwqDaORqo80YrR9Sjh_J4V64
rotadas/caja-22/024_AP1GczOEno.jpg,Antropología Social Ya hnini ya jä'itho Maxei Los pueblos indios de Querétaro,Caja #22,caja-22,024_AP1GczOEno.jpg,0,98.3,Antropología Social / Ya hnini ya jä'itho Maxei / Los pueblos indios / de Querétaro / Diego Prieto Hernández / Beatriz Utrilla Sarmiento / Coordinadores,https://lh3.googleusercontent.com/pw/AP1GczOEnoq5QyCTu5_XPg1Pcgflb0NvcjZFJi-wRFhyY-FqmSeLxqNpyEo99DbLPryAVvGg7_ErUwpBn_EhINnwNBRyRKXvQZabBK-7JPoO81XooCoHzxs
rotadas/caja-22/025_AP1GczN8LN.jpg,ANALISIS DE LAS ESTRUCTURAS TERRITORIALES,Caja #22,caja-22,025_AP1GczN8LN.jpg,0,98.5,ANALISIS DE LAS / ESTRUCTURAS / TERRITORIALES / UNIVERSIDAD NACIONAL AUTONOMA DE MEXICO / Escuela Nacional de Economía / DEPARTAMENTO DE DIFUSION 1978,https://lh3.googleusercontent.com/pw/AP1GczN8LNfDiQcanH3mlpiCA5mezhX3FW0agTDe8jYS8uqYQknbQM07z6s9Tgezh6vEUCIf3gVPHhq_dM7W1cxsi3cSmlzSX38rcPfaHbVO7_i7Iq-JgbQ
rotadas/caja-23/001_AP1GczNiln.jpg,ESCUELA NACIONAL DE ANTROPOLOGIA E HISTORIA,Caja #23,caja-23,001_AP1GczNiln.jpg,270,98.3,ESCUELA NACIONAL DE ANTROPOLOGIA / E HISTORIA / I.N.A.H. S.E.P. / LAS TUMBAS DE TIRO UN SISTEMA DE / ENTERRAMIENTO PREHISPANICO / QUE TE PARA OPTAR S POR EL 1 TITULO SE DE / LICENCIADA EN ARQUEOLOGIA / PRESENTA / VERONICA JOSEFINA RODRIGUEZ ALMAZAN / DIRECTOR DE TESIS / MAESTRA MA DE LOS DOLORES SOTO Y ALVAREZ / MEXICO D. F. 1996,https://lh3.googleusercontent.com/pw/AP1GczNiln79qimOF2Zt6eOPHO10e6_VwZ5A2BmGJoSjK4bojvTngLLipr5CJ92dKV9Y7zPBiEIkKMx9u8srnUaUYHFc3JMSgpNAmztnXyrP_dMrYZuV6Ng
rotadas/caja-23/002_AP1GczPNIG.jpg,OBRAS COMPLETAS,Caja #23,caja-23,002_AP1GczPNIG.jpg,270,97.9,Miguel Othón de Mendizábal / OBRAS COMPLETAS / TOMO QUINTO / MEXICO D. F.,https://lh3.googleusercontent.com/pw/AP1GczPNIGqCLqUXdDx66Sm6dFyCy24GIFrJkWTZ8vAdn97b1E2ZpHU4b2fJ0Il_clsI92RwvYDb0ByRJeWjySLIQZ-n4_nO8kP8lJjVh5su3Fxk60Wd4pc
rotadas/caja-23/003_AP1GczM-_s.jpg,DE TLACUILOS Y ESCRIBANOS,Caja #23,caja-23,003_AP1GczM-_s.jpg,270,97.8,DE TLACUILOS / Y ESCRIBANOS / Xavier Noguez / Stephanie Wood / Coordinadores / carpiling igomo / tocino om mio a lignitat in pac ngoctoratele 90 um a Rotacaxiaso / n.??loctocilately / Exal Yan / EL COLEGIO DE MICHOACÁN / EL COLEGIO MEXIQUENSE,https://lh3.googleusercontent.com/pw/AP1GczM-_s4kfpEN6QJujrcnr-r4uCvWL_GNa4J-TLJTFYM5iPUld6W9yt2zY-VQdBVjNNXsJ_puL3YdiD2dFarTk-igmZlgHj76UEvJ4CmI4dBEDot3mpQ
rotadas/caja-23/004_AP1GczPBq7.jpg,LA ARQUITECTURA DEL SENTIDO II,Caja #23,caja-23,004_AP1GczPBq7.jpg,270,98.7,LA ARQUITECTURA DEL SENTIDO II / La producción y reproducción / en las prácticas semiótico discursivas / JULIETA HAIDAR / GRACIELA SANCHEZ GUEVARA / EDITORAS / INVESTIGACIÓN PROA,https://lh3.googleusercontent.com/pw/AP1GczPBq7nG2wkRi_KdqEfZzKTrRRq9NjCtqCeAHzl7swa_IG6COES9TYZLD16otOO3isvnsMLhfnh5L3r1E1PCXCjw0WKhv1enHvR6tzEJb5l3cMr_sMk
rotadas/caja-23/005_AP1GczPM67.jpg,ACIONAL DE ANTROPOLOGIA,Caja #23,caja-23,005_AP1GczPM67.jpg,270,93.3,ESCUELA NACIONAL DE ANTROPOLOGIA E HISTORIA / I. N. A. H. S. E. P. / ACIONAL DE ANTROPOLOGIA / INSTITUTO HISTORIA / SEP / TRABAJOS DE SALVAMENTO ARQUEOLOGICO EN LAS / CUENCAS DE CUITZEO PATZCUARO Y ZIRAHUEN UN / INTENTO DE INTERPRETACION CULTURAL / TE SI S / QUE PARA OPTAR EL TITULO DE / LICENCIADO EN ARQUEOLOGIA / PRESENTA / MA ANTONIETA MOGUEL COS / MEXICO D. F. 1987,https://lh3.googleusercontent.com/pw/AP1GczPM67R-Sj-DiJBeIilimJh-RNNnGsvzcShyfcHccoT3sEmMYN-qh5udGLbdlyiQ6Yun_PAHUcjiP_HM06Oma9Qh_v3YIrUz8YVE-o0saexxD0FOoRM
rotadas/caja-23/006_AP1GczOmQl.jpg,Biología ecología y conservación del género Zea,Caja #23,caja-23,006_AP1GczOmQl.jpg,270,96.9,Biología ecología / y conservación / del género Zea / Bruce F. Benz / compilador / UNIVERSIDAD DE / GUADALAJARA,https://lh3.googleusercontent.com/pw/AP1GczOmQlVPeOUefC0e8UxIgN4OvvahjvvJjGvirGW4oHXP8M-hIsNb5Q0WB_BArqUAwsajDe2jVRQwoZzMdq87q1eoU9vyh7p9eIB3XO1iCrkeeiZp1W8
rotadas/caja-23/007_AP1GczOeyz.jpg,UICUILCO Daniel Schavelzon,Caja #23,caja-23,007_AP1GczOeyz.jpg,270,94.3,LA sti e / PIRAMIDE DE / UICUILCO / Daniel Schavelzon / ALBUM FOTOGRAFICO 1922-1980,https://lh3.googleusercontent.com/pw/AP1GczOeyzNjJGiV_TrkRPRJZOfiXnE4Fc7GB87DAdQVw4Qq6D50gKG4YW3Fuc0UjOc-JLyEw2FwaN6sbozBPOaQkAXnTJpXSwHbTLaVWaJ0m9nYpAkmNWE
rotadas/caja-23/008_AP1GczMZVT.jpg,Leviatan,Caja #23,caja-23,008_AP1GczMZVT.jpg,270,92.7,SOCIEDADES HISTORIAS LENGUAJES / Antropología de una / ELT tradición científica en México / Leviatan / arqueológico / Luis Vázquez León / TAGE / PORKES / CIESAS GRUPO EDITORIAL / A,https://lh3.googleusercontent.com/pw/AP1GczMZVTZPjLUkpRI3XwMiScChSzQBr-pH9mGIoF47Il2TYbjlnaS-VTFtoWRu4yifkQDrtCMmuwEd-E7248QVgYo4hhx3mi_LiDPcvIjdnouVwc_eIhM
rotadas/caja-23/009_AP1GczNaD8.jpg,INVESTIGACIONES RECIENTES EN EL AREA MAYA,Caja #23,caja-23,009_AP1GczNaD8.jpg,270,98.0,INVESTIGACIONES / RECIENTES / EN EL AREA MAYA / XVII / MESA / REDONDA / TOMO I / SOCIEDAD MEXICANA DE ANTROPOLOGIA / Sn.Cristobal de las Casas Chiapas / 1984 21-27 Junio 1981,https://lh3.googleusercontent.com/pw/AP1GczNaD8yNu63por8MZt3SLOAI2iBWMardAGDxloN22Qbz1-Eya2btKMq-zGrYme9Zy8TXI6dQQ-9iObpobPDmBRl_CFdKxoxZG1ELU7msp9Mk8qouTA0
rotadas/caja-23/010_AP1GczPPrk.jpg,INVESTIGACIONES RECIENTES EN EL AREA MAYA,Caja #23,caja-23,010_AP1GczPPrk.jpg,270,97.6,INVESTIGACIONES / RECIENTES / EN EL AREA MAYA / XVII / MESA / REDONDA / TOMO IV / SOCIEDAD MEXICANA DE ANTROPOLOGIA / Sn.Cristobal de las Casas Chiapas / 1984 21-27 Junio 1981,https://lh3.googleusercontent.com/pw/AP1GczPPrk6PqGfEwbracyyBFeU-sRqoahT_9OwUibCii_eW8eNX4K1hpQmzbOsrSStbki15hzPwmGcBBedysqJdZmME2DoUvSnF2332UVG1ioldHnBgxdQ
rotadas/caja-23/011_AP1GczOah3.jpg,ARQUEOLOGIA DE SAN AGUSTIN Pautas de asentamiento en el cañón del río Granates Saladoblanco,Caja #23,caja-23,011_AP1GczOah3.jpg,270,98.9,ARQUEOLOGIA DE SAN AGUSTIN / Pautas de asentamiento en el cañón / del río Granates Saladoblanco / HECTOR LLANOS VARGAS / 400 30 / 1000 438 / Fundación de Investigaciones Arqueológicas Nacionales / Banco de la República Bogotá 1988,https://lh3.googleusercontent.com/pw/AP1GczOah3RTFIRPZcoY1FPxPKxqFbw09WL71FmEXnXQFWNJxiTQCkyAh1mPpb_zqTrqfvGeZKVrf3cg48DEhUimwhdY_8ty8GHiEm-1yjxHZGVPUiD821I
rotadas/caja-23/012_AP1GczODQM.jpg,MESOAMERICA,Caja #23,caja-23,012_AP1GczODQM.jpg,270,98.9,MESOAMERICA / The Evolution of a Civilization / WILLIAM T. SANDERS BARBARA J. PRICE / C / DCXX 33 / 800 / AS 9,https://lh3.googleusercontent.com/pw/AP1GczODQMviigsJ1D1NQm7acu8vOX9hpy7BNB_ETDibYM00pfvFKf-FP5yChFxwNi_E97FoNxb4QOWoui5LMrRpCXsOXGw1tgGLMBJD4CP2JNsAeXftfsU
rotadas/caja-23/013_AP1GczNJFi.jpg,EL INDIO CRONISTA DIBUJANTE,Caja #23,caja-23,013_AP1GczNJFi.jpg,270,97.3,I wonten to alco comin re wywn / to lefuelguelcom LUD / ynfank Rey to thena preso / tan martin garuaro yo / Ik / HUAMAN / 149211992 / 000 000 000 010101010 00000000 1000 1000 000 POMA / EL INDIO / CRONISTA / DIBUJANTE / ABRAHAM / PADILLA / BENDEZU / TIERRA FIRME fe,https://lh3.googleusercontent.com/pw/AP1GczNJFiVw4Sny-9MPczLt4WUiJ32VnwocqA8oj0mqwISvZ1Ls3dSifSwuCNbdJ1t_YyqQa9kd-OuJm-IPglscQl4BpIWbu3fQ7X5-myBUDYH5EvdLAxA
rotadas/caja-23/014_AP1GczMCTP.jpg,Las patas limpias,Caja #23,caja-23,014_AP1GczMCTP.jpg,270,98.9,Las patas limpias / Mitos otomíes del sur de Querétaro / Marcelo Abramo / REGIONES DE MÉXICO / INSTITUTO NACIONAL DE ANTROPOLOGÍA E HISTORIA,https://lh3.googleusercontent.com/pw/AP1GczMCTPyOGfYcS6ZZJHoXXThxwQ4maQg5Tp2W_clUKKMeS9iKTyEIoG0F5yuQR6PqElVypOow9ih6FkOSmyWYMcCjMFQhwWSVXHlKE3z6HU69MMtyxfQ
rotadas/caja-23/015_AP1GczPmgg.jpg,Un Censo una Historia,Caja #23,caja-23,015_AP1GczPmgg.jpg,270,93.2,Un Censo / una Historia / NHW / La Villa de Colima / a fines del Siglo XVIII / Rosa Margarita Nettel Ross,https://lh3.googleusercontent.com/pw/AP1GczPmggGBkipvP50x3DrHVSCnDZv5eCGbVB_l895-UT7ZjbDLjsdFVPSmsOPQlOS6TafQptlN9Mz8DHOu2WzXJ82XVZJVa1iFI7JQC0otIg9cdkFpTpE
rotadas/caja-23/016_AP1GczNbQn.jpg,EARLY UTAH FURNITURE,Caja #23,caja-23,016_AP1GczNbQn.jpg,270,98.4,EARLY UTAH / FURNITURE / BY CONNIE MORNINGSTAR,https://lh3.googleusercontent.com/pw/AP1GczNbQneEU8eTerrPp7NVmnKk1wS6-wab4dGjAjMCcFBnFfNIQUtooT3RDSd1AkSwh1hUc0xRh0_qXuxX26Bm4YOv0jWJMgDf614PAL_3XGnMQkPq-ak
rotadas/caja-23/017_AP1GczOoyE.jpg,boletín,Caja #23,caja-23,017_AP1GczOoyE.jpg,270,98.8,boletín / 14 / Aniversario / EL COLEGIO DE MICHOACAN / Zamora Michoacán / 1989,https://lh3.googleusercontent.com/pw/AP1GczOoyEDUc1Z4-9B8Ujx1awt75auATsKmRQdURucpaWbY1_ceeJ7pTUMg-LTaO36ULyp_DfCW8DEZgwblKrNuVIOSyog1wEaxlCUGfXFFrLOVXE4s7oQ
rotadas/caja-23/018_AP1GczNrdE.jpg,EL INSTITUTO NACIONAL DE ANTROPOLOGÍA E HISTORIA FRENTE AL SIGLO XXI Memoria del IV Congreso de,Caja #23,caja-23,018_AP1GczNrdE.jpg,270,98.4,EL INSTITUTO NACIONAL DE / ANTROPOLOGÍA E HISTORIA / FRENTE AL SIGLO XXI / Memoria del IV Congreso de / Investigadores del INAH / C / BC / Tomo I / CARMEN MORALES VALDERRAMA / MARÍA DEL CARMEN LECHUGA GARCÍA / LAURA ADRIANA CASTAÑEDA CERECERO / MARÍA IRMA LÓPEZ RAZGADO / COORDINADORAS / Delegación de / Instituto Nacional / Profesores e / de Antropologia / Investigadores / Historia / D IN A 1 S,https://lh3.googleusercontent.com/pw/AP1GczNrdE5HgmJxcUtQj-cCykXZE_69l-WAjmfFz1fBhb6RZh8oaFiNJH8lM5Mm7CZwFNUqK-Con3cqTL8UmplOmVCALytDx_Ed93QHWY4ez5yaDdDVgms
rotadas/caja-23/019_AP1GczPWs4.jpg,EL INSTITUTO NACIONAL DE ANTROPOLOGÍA E HISTORIA FRENTE AL SIGLO XXI Memoria del IV Congreso de,Caja #23,caja-23,019_AP1GczPWs4.jpg,270,98.1,EL INSTITUTO NACIONAL DE / ANTROPOLOGÍA E HISTORIA / FRENTE AL SIGLO XXI / Memoria del IV Congreso de / Investigadores del INAH / BC P / Tomo II / CARMEN MORALES VALDERRAMA / MARÍA DEL CARMEN LECHUGA GARCÍA / LAURA ADRIANA CASTAÑEDA CERECERO / MARÍA IRMA LÓPEZ RAZGADO / COORDINADORAS / Delegación de / Instituto Nacional Profesores / de Antropología EHO Investigadores e / e Historia / D II IA 1,https://lh3.googleusercontent.com/pw/AP1GczPWs4Cj6mnBCcqMyndQysazeQMaFGPKEdT0P3MTQz3bmbrXE2TJV2niGhSM44mkiCdqGgZn2OqpgqZ_BPI29qZl28HhxoGJgXfD7GvnoSuWM4AmNUQ
rotadas/caja-23/020_AP1GczP1N8.jpg,DICCIONARIO ENCICLOPEDICO HACHETTE CASTELL,Caja #23,caja-23,020_AP1GczP1N8.jpg,270,97.9,DICCIONARIO / ENCICLOPEDICO / HACHETTE / CASTELL / rejón / 10 tablear,https://lh3.googleusercontent.com/pw/AP1GczP1N8i3N5Ny5diF_o5flJ33JFAgbWxM74qDBQ7sYpy_9q8jfULaHYKJBUJ4BmfvwTaBYUMJT4O9G57Eq9qhnQtB0IK2MV4QjjSRZWQmpi-pP1FkElo
rotadas/caja-23/021_AP1GczMnoG.jpg,HACHETTE CASTELL 7 MLM,Caja #23,caja-23,021_AP1GczMnoG.jpg,270,96.6,DICCIONARIO / ENCICLOPEDICO / HACHETTE / CASTELL / 7 MLM,https://lh3.googleusercontent.com/pw/AP1GczMnoGoNU1cV8CzNrXz50SGa7saQBF0FXFX-_vB_7wO9B8wI7PfEEonmFCDLDqiJL4W5qQW9ixOMQwKudW37n3M1SnG5Mgkx70qKjNSnKGXHdFB6URc
rotadas/caja-23/022_AP1GczN1sK.jpg,HACHETTE,Caja #23,caja-23,022_AP1GczN1sK.jpg,270,99.1,DICCIONARIO / ENCICLOPEDICO / HACHETTE / 0 CASTELL / Vitte / 12 Z,https://lh3.googleusercontent.com/pw/AP1GczN1sKXp13qRDEduDZ2-3jpgxr1BydGZy7zA3zElRZsdXJxK_v9FGSicngn5CugI5VDOFTryHXW3ORPP4CUI8bvdWUuEe4K6RbXUjuldmkdKyXWeXDY
rotadas/caja-23/023_AP1GczNJC3.jpg,HACHETTE CASTELL,Caja #23,caja-23,023_AP1GczNJC3.jpg,270,97.5,DICCIONARIO / ENCICLOPEDICO / HACHETTE / CASTELL / tablera / 11 Vitry,https://lh3.googleusercontent.com/pw/AP1GczNJC3TNTqHLPbzTh4s2fAzmWnDQS9D9VLH7WVJRZwsLuzMnQItnnb0CL3bv6RUNWpXmRC38EDHslw5nErS4uDxIuHO_GhLPcb4Q08aYNHwuuKoxGuk
rotadas/caja-23/024_AP1GczOEtC.jpg,ARQUEOLOGIA,Caja #23,caja-23,024_AP1GczOEtC.jpg,270,97.1,ARQUEOLOGIA / Revista de la Coordinación Nacional de Arqueología del Instituto Nacional de Antropología e Historia Segunda época / Los artefactos multiperforados de ilmenita en San Lorenzo / La Yerbabuena Veracruz un monumento olmeca / en la región de Pico de Orizaba / Llano del Jícaro Un taller de monumentos olmeca / Xochitécatl Tlaxcala en el periodo Formativo 800 a.C. 100 d.C. / Los cuatro tiempos de la tradición Chupícuaro / Análisis de objetos de concha de Rancho Ina Quintana Roo / Investigaciones arqueológicas en El Japón / sitio chinampero en Xochimilco / El Japón Xochimilco análisis arqueozoológico / de un sitio en la época de la Conquista / Algunos artefactos cerámicos de Tlatilco Estado de México / Entrevista a Colin Renfrew / José Luis Lorenzo Bautista 1921-1996 / 16 / JULIO DICIEMBRE 1996,https://lh3.googleusercontent.com/pw/AP1GczOEtCbipgWbwxa_tq69YZCwZKSAP2HgAWsLjX2e00CRYEDF8sJkOKj7ADoyW_TiYFq3bBp_uf5bLtLVRbFIVHTW7nN_hPZ_FfJamDam6IuruJ62Vnw
rotadas/caja-24/001_AP1GczPfmc.jpg,MESOAMERICA,Caja #24,caja-24,001_AP1GczPfmc.jpg,0,98.8,MESOAMERICA / TIGACIONES / INVE DE LECIONALES / CENTRO YOUNG CIRMA WORKS DE Publicación de Mesoamérica del Centro y Plumsock de Investigaciones Mesoamerican Regionales Studies 33 / NÚMERO ESPECIAL / Aspectos étnicos y religiosos,https://lh3.googleusercontent.com/pw/AP1GczPfmcgUtCGxS1FhZbjzBp-TentECv2fBNlxepSAe29DY8_WKU42TZO0p5mH0kdTCHwTPS2t9vJsMDIi8CrsyGi0aSyzqkYkq-S8LJMQZQmHBJsAyWM
rotadas/caja-24/002_AP1GczMfhw.jpg,Cinco Miradas,Caja #24,caja-24,002_AP1GczMfhw.jpg,270,93.8,Cinco Miradas / MEMORIA / Primer Encuentro de / Estudios Queretanos / Balance y perspectivas / HISTORIA ARQUITECTURA URBANISMO HISTORIA DEL ARTE / ANTROPOLOGIA PSICOLOGIA CIENCIAS POLÍTICAS Y SOCIALES,https://lh3.googleusercontent.com/pw/AP1GczMfhwUNMOqbM3mZIMxcGzpuLRlq356Rbf5kEEPyjYJTn9Y4Ujw7K8VTtzeGtQ5lCsdPMw6ZACMEQwmRlLDayRLnAkvxn7hm2olp66lraZHXBjl8ryo
rotadas/caja-24/003_AP1GczN3VP.jpg,SOCIALES,Caja #24,caja-24,003_AP1GczN3VP.jpg,270,86.0,h / SOCIALES / 970-18-6919-2 VIVERDAD AVINMA SSVERSIDAD NACIONAL DE NACIONAL MEXICO MEK INSTITUTO DE TUTO CIENCIAS UAP HUMANIDADES / ACONACULTA INAH / ISBN ESCUELA NACIONAL DE ANTROPOLOGÍA E HISTORIA,https://lh3.googleusercontent.com/pw/AP1GczN3VPFmDDv6V8KNv_nInGJMElWf7eG1oiAGeu1c-PNsJcOPmuIGb8pljwmZVeWF5BGjMIxMoF81O9ux6hHEMr-ShN-ZJ4pTF3jReFAaj9g85865-Kw
rotadas/caja-24/004_AP1GczOPvl.jpg,ZITARROSA,Caja #24,caja-24,004_AP1GczOPvl.jpg,270,98.2,EDITORES MEXICANOS UNIDOS / ALFREDO / ZITARROSA / y sus canciones,https://lh3.googleusercontent.com/pw/AP1GczOPvlV_WvhlKOCElFZX4oV_lZYS_vBqZCVkry7jBTxpyCc7Lk4Vnu-wHN9KUaUPF6VUxO7n7CfbRt5CQG_NoMg_Ne64PatZMi948sfUJLzjjpTfXZo
rotadas/caja-24/005_AP1GczNN7f.jpg,Breve bosquejo histórico descriptivo de la ciudad de ACAPONETA,Caja #24,caja-24,005_AP1GczNN7f.jpg,270,98.5,Breve bosquejo / histórico descriptivo / de la ciudad de / ACAPONETA / y de los pueblos y lugares circunvecinos / del norte del Estado de Nayarit / CA NESTOR CHAVEZ GRADILLA,https://lh3.googleusercontent.com/pw/AP1GczNN7fZFWKNjR3mqvoQIvkjztehH-Qp4jMzp8UuQEk802dutnQWpgYz3WigmSL347xD-ZaEWRDlHvi-jbMd1QfuM7DLC97vgM7A4p6iet0xrPLcYcEs
rotadas/caja-24/006_AP1GczPkVC.jpg,DEPARTAMENTO DE PREHISTORIA,Caja #24,caja-24,006_AP1GczPkVC.jpg,270,98.6,DEPARTAMENTO DE PREHISTORIA / Richard S. MacNeish / El origen de la civilización / mesoamericana visto desde / Tehuacán / INSTITUTO NACIONAL DE ANTROPOLOGIA E HISTORIA / MEXICO 1964,https://lh3.googleusercontent.com/pw/AP1GczPkVCgH7mg-vbBJLI9YgAKxJkch7bIai3hU9sikhx-5RbDYkWMa6UtQa54rAKWluUlkpLbPfuFOXvr9cvEhs3zmR6YXC_fEe0Oqr1as68pGiAbwxIM
rotadas/caja-24/007_AP1GczPk6j.jpg,AMÉRICA,Caja #24,caja-24,007_AP1GczPk6j.jpg,270,91.6,AMÉRICA / TIERRA DE MONTAÑAS / Y VOLCANES -I / Huellas de / La arqueologia / Coordinadores / Margarita Loera Chávez y Peniche / Stanislaw Iwaniszewski / Ricardo Cabrera / INVESTIGACIÓN PROA,https://lh3.googleusercontent.com/pw/AP1GczPk6jM9DBLhR4VM11I9d905Z17elTLEk8zJtRdZgaDpDho-tlLqGvA5v9anScsiZRWV0vH_Bn0moGuaixlEn7JuPBjpNLlhWOnH9X_XTpdElN6zsyA
rotadas/caja-24/008_AP1GczO6Yb.jpg,LA HETERODOXIA RECUPERADA,Caja #24,caja-24,008_AP1GczO6Yb.jpg,0,98.1,Fe Susana Glantz / compiladora / LA HETERODOXIA / RECUPERADA / EN TORNO A ANGEL PALERM,https://lh3.googleusercontent.com/pw/AP1GczO6Ybl_B2qba-djfG3U2OXEyhbtFmjc_c60h1xaMlICBL2UkkRkndjbjEANwhl4U747_EV74ya_OfBlqDPOIWFk931ENS9TI5PUTVRLO_QxNvNwE0w
rotadas/caja-24/009_AP1GczMOV6.jpg,LAS CUENCAS DEL OCCIDENTE DE MÉXICO,Caja #24,caja-24,009_AP1GczMOV6.jpg,0,98.7,LAS CUENCAS / DEL OCCIDENTE DE MÉXICO / ÉPOCA PREHISPÁNICA / Eduardo Williams y Phil C. Weigand / editores / ORSTOM / EL COLEGIO DE MICHOACÁN / CEMCA,https://lh3.googleusercontent.com/pw/AP1GczMOV67rasyy4kiQgkTOYxyCKNVpnIYbKt1yUOaOeTqvy7xAdQ_VYa-fFNU9r8nAByxCq5x47ZHaQWCYX2LXWRRGvL5X3usO0_uslThdDF0kimvVAE8
rotadas/caja-24/010_AP1GczOYp3.jpg,ACROSS THE CHICHIMEC SEA,Caja #24,caja-24,010_AP1GczOYp3.jpg,0,97.8,ACROSS THE / CHICHIMEC SEA / PAPERS IN HONOR OF / J. CHARLES KELLEY / Edited by Carroll L. Riley and / Basil C. Hedrick,https://lh3.googleusercontent.com/pw/AP1GczOYp3WBm6rHTMTa6Xti2yy8rZLHUqyIIxhfGr2vTPhHZ4kKtUp8Gq2x_8LYyHJ_s94AfLwVdEpQH3-ZsXprVWm8ZPepcio9Ht7YCqU_7pgDY2pI8As
rotadas/caja-24/011_AP1GczO0Wo.jpg,The Early Mesoamerican Village,Caja #24,caja-24,011_AP1GczO0Wo.jpg,0,98.8,Studies in Archeology / The Early / Mesoamerican Village / Edited by Kent V. Flannery,https://lh3.googleusercontent.com/pw/AP1GczO0Wob55bzzcgpAQjS4CyeFQdc9gzlsC7EMCBcIRWDc-2WBXUHDfuV8dZcz4NzLA0_7cT2zv6DckE9TmWCWahU1JPFoDa0weBHJjHub2FecQAbwx5I
rotadas/caja-24/012_AP1GczMO_N.jpg,PREHISTORIC MESOAMERICA,Caja #24,caja-24,012_AP1GczMO_N.jpg,0,98.4,PREHISTORIC / MESOAMERICA / REVISED EDITION / By Richard E. W. Adams,https://lh3.googleusercontent.com/pw/AP1GczMO_NNI57AdDnfzJvsLODQt0OjZNHB_jfo9EBE_J5zLEPvzv3C38yNdqOSlZhQW0_30OHF6RHQxFntzhbQMBBiGET3wCUeZAF8_iQSV0jFl5MWl7HU
rotadas/caja-24/013_AP1GczOfPu.jpg,MESOAMERICA,Caja #24,caja-24,013_AP1GczOfPu.jpg,0,98.5,MESOAMERICA / de Publicación Mesoamérica del Centro y Plumsock de Investigaciones Mesoamerican Regionales Studies 35 / NÚMERO ESPECIAL / Estudios Kaqchikeles / In memoriam William R. Swezey,https://lh3.googleusercontent.com/pw/AP1GczOfPu8BJBaA46aRW5HeiBw1_aFgD6ZFGTTAQbNf3oigbvHHaxAAUqavT-IHdtjm_Z-CrA2JK_R3uJqjp5xgo23luXWO3gdqUqQUoOljjAsoGm5zS5s
rotadas/caja-24/014_AP1GczP44G.jpg,antropología americana,Caja #24,caja-24,014_AP1GczP44G.jpg,0,95.6,ISSN 0252 841X / boletín de / antropología / americana / BOLETIN DE / ANTA OGIA AMERICANA / 6 diciembre 1982 instituto panamericano de geografía e historia,https://lh3.googleusercontent.com/pw/AP1GczP44GDUGNFQIZ3mi_L3Q93vegpZcSeQmW5W-MFrOB6axBxxDXh_D_F-KdNRIlQNmWF0A4yCQWRnIIuhlfF3GmDnlrYHUfsvceoDhEvnhxjbIKESR2s
rotadas/caja-24/015_AP1GczNMXY.jpg,Tópicos de antropología económica,Caja #24,caja-24,015_AP1GczNMXY.jpg,0,97.1,Tópicos / de antropología / económica / ADVE 16741 / Samuel L. Villela F. / COLECCIÓN CIENTÍFICA,https://lh3.googleusercontent.com/pw/AP1GczNMXYl9bpOGZgJN1HYP_QKIQb2yw_LJODUovGZlDUBQ_AxL0ZmcHVViMFj-6MS6nfJPNyjyWGc0huymYGej-LKHLtVOlfZFUhGzbeIRiePUyfKf9gQ
rotadas/caja-24/016_AP1GczP2om.jpg,antropología americana,Caja #24,caja-24,016_AP1GczP2om.jpg,0,97.6,ISSN 0252 841X / boletín de / antropología / americana / BOLETIN DE / 13.924 / Vli ANTROPOLOGIA AMERICANA / 8 diciembre 1983 Instituto panamericano de geografia e historia,https://lh3.googleusercontent.com/pw/AP1GczP2omDtdTsMVemsY75NBDJheT4_IfVNTJcNEq60egMpwYwvQQfcw61U9vsgXshYh1o7z6FgkEp5Ulys99CfBX1YhEyHE9O3ox0R3XfWN1CuacdO-ww
rotadas/caja-24/017_AP1GczMSH8.jpg,ACTOPAN,Caja #24,caja-24,017_AP1GczMSH8.jpg,0,98.4,LVIS MAC GREGOR / ACTOPAN / Instituto Nacional de Antropología e Historia,https://lh3.googleusercontent.com/pw/AP1GczMSH8hxU4AR5Vt77f3ASDMV1RIk3cCyg4g3PMm2Vol-qW9Cg2LoG7xVgMhlJ0SphfrGYuqJ4Mo9nFrsFIcao4djomf1e-fR7Ii9rgoOjCUpmXk7HnY
rotadas/caja-24/018_AP1GczMNGz.jpg,FORMULAS DE ESTADISTICA PARA INVESTIGADORES E 3 Y,Caja #24,caja-24,018_AP1GczMNGz.jpg,0,98.3,709 12.11 0.245 / 4881 24.11 / X2 / S EXY Felipe Montemayor García 0.709 / FORMULAS DE ESTADISTICA / PARA INVESTIGADORES / E 3 Y / T 5.67 45.33 N ESTADISTICA DESCRIPTIVA INFERENCIAL / 60L / +7 15 8709 substituyendo 1-0.4 NO PARAMETRICA N Y MUESTREO oa / 4.50 que 2 / T461 5 / el el / S / en EZ COLECCION / I CIENTIFICA / Manuales / 2,https://lh3.googleusercontent.com/pw/AP1GczMNGzXDDLSoPQV8M3iJUfyNJf-JNOUCZ0BDMDFldsU73lyf0V2roQ0135Vk5sQV8kCqMzHVfR1gHNlV9MxMLk4TDH7Lsfx1eUXOxPDbuwmR7ZunBCc
rotadas/caja-24/019_AP1GczO-Rq.jpg,FIESTA Y TRADICIÓN,Caja #24,caja-24,019_AP1GczO-Rq.jpg,0,97.3,LIBERTAD / 1610 / TRAN / TAS PA / FIESTA Y TRADICIÓN / EN SAN MIGUEL DE ALLENDE / MEMORIA DE DON FÉLIX LUNA / Beatriz Cervantes Jáuregui y Ana Maria Crespo / nuestra cultura,https://lh3.googleusercontent.com/pw/AP1GczO-RqY10_wDj8C-gLORjzwLy2sW1ScrplRXJ-jZXWo45XTsWQKMKQ2Xr9dyrwhAcCNJFGocn2q6ba8Fti-CK6kQXdsNb5JgFso7deZWTbyWXZCLXHc
rotadas/caja-24/020_AP1GczOk3Z.jpg,FIESTA Y TRADICIÓN,Caja #24,caja-24,020_AP1GczOk3Z.jpg,0,97.0,341 A / LIBERTAD 32 / 1810 / TAS PP / FIESTA Y TRADICIÓN / EN SAN MIGUEL DE ALLENDE / MEMORIA DE DON FÉLIX LUNA / Beatriz Cervantes Jáuregui y Ana Maria Crespo / nuestra cultura,https://lh3.googleusercontent.com/pw/AP1GczOk3Z_6L2AgWJe0EgJZNVv0lRcyhglMXQET-VxS5AOFLaPTYaB4MI8tVSVX8Z-sJXbRXaI0fVWjiu4dHE_gDLZjLVFV57Lj7jxQH58C40suHJp6EDg
rotadas/caja-24/021_AP1GczNaju.jpg,FIESTA Y TRADICIÓN,Caja #24,caja-24,021_AP1GczNaju.jpg,0,97.7,LIBERTAD 32 / 1810 / TAS / FIESTA Y TRADICIÓN / EN SAN MIGUEL DE ALLENDE / MEMORIA DE DON FÉLIX LUNA / Beatriz Cervantes Jáuregui y Ana Maria Crespo / nuestra cultura,https://lh3.googleusercontent.com/pw/AP1GczNajuOuEK2dfjd-U6r-U4mg_3D-c9RKwsu_YjzXZqiupCEi5BXXMvnjjPsCSGrnnJyhatLb-PCTeQpBekSqXyFT-fZx7AaxYG1rQqOZEyJ52tN0qKs
rotadas/caja-24/022_AP1GczM6iH.jpg,DESTINO COMUN,Caja #24,caja-24,022_AP1GczM6iH.jpg,0,95.9,DESTINO / COMUN / los recolectores / y su flora / medicinal / PAUL HERSCH / MARTÍNEZ / COLECCIÓN / BIBLIOTECA DEL INAH,https://lh3.googleusercontent.com/pw/AP1GczM6iHirE4Ga82sM91-nZi5QPLrvWotqj4DQr1DK0AVE0vxmapd0TOlgrF6sNLfTqd7Y33khHq4yrIlntW636hb0BHZ2Hu6t4odH0GYf2ja4whBAgvo
rotadas/caja-24/023_AP1GczOTzY.jpg,DESCRIPCIONES ECONOMICAS REGIONALES DE NUEVA ESPAÑA,Caja #24,caja-24,023_AP1GczOTzY.jpg,0,98.4,DESCRIPCIONES / ECONOMICAS / REGIONALES / DE NUEVA ESPAÑA / Provincias del Norte 1790-1814 / Nover APACHES / del / R COCOMARICORAS / YUMAS / PAP Sobay APACH / Tayn Mareko E / PIM S / nal GOLFO SOBAS / 9 / Cenales Naciones no de Sales DE Ru de Seetha SERIS ROVINCIA / California 7 Sand Buga CALIFORNIA GLAIMAS Super Bukes Provincia de ofimori Cofrans / O / La dire 4 MAR / ROXO / DE / de los Enfermer / COR / AL KEYNS / RAINIA / sep / inah,https://lh3.googleusercontent.com/pw/AP1GczOTzYcHDKHnBlXdE-b1Sh32GuOJdrMTAk89NjCqQmwHZjZf5EmgBOLoaRI9_mDgJpYg0t6-jlyMJ4ZwCLuq-mP1ANLxIIR_cpjfd-phLA8G5yfFhkA
rotadas/caja-24/024_AP1GczMkO9.jpg,Jalpa y San Juan de los Otates,Caja #24,caja-24,024_AP1GczMkO9.jpg,0,95.1,María Guadalupe Rodríguez Gómez / Jalpa / y San Juan de los Otates / dos haciendas / en el Bajío colonial / wwwww / 40 / EL COLEGIO DEL BAJIO,https://lh3.googleusercontent.com/pw/AP1GczMkO9MjJwcSqZKF7yCTnSPB-vg7CwB6R4fSTQibS-tKiArJGBoo84WtPVuJxPJE4xsz0KP4KVPd_GMsiuZes56YGO3dXdYQiC3eV5ernjh3LOyxltg
rotadas/caja-24/025_AP1GczMYhL.jpg,MUJERES Y RELACIONES DE GÉNERO EN LA ANTROPOLOGÍA LATINOAMERICANA,Caja #24,caja-24,025_AP1GczMYhL.jpg,0,97.9,Soledad González Montes / coordinadora / MUJERES Y / RELACIONES DE GÉNERO / EN LA ANTROPOLOGÍA / LATINOAMERICANA / EL COLEGIO DE MÉXICO,https://lh3.googleusercontent.com/pw/AP1GczMYhLObUfjI0ImHhrFXUcS-6iUXCTfbdW3a4cce26914SxLYGW8IaPQXyKSK7a7qwFmwwPHNjBdeBGdKqwMl62hjcDGNe-XRxatjLKapvwVtZP-dCI
rotadas/caja-25/001_AP1GczMvBC.jpg,XXII MESA DE ANTROPOLOGIA,Caja #25,caja-25,001_AP1GczMvBC.jpg,0,97.9,XXII MESA DE / ANTROPOLOGIA,https://lh3.googleusercontent.com/pw/AP1GczMvBCaguAx9dPQSofy-eiKmXlkKm1FwHRHybVIYVNWhpeMcmsiASeZaB5UfrmN0-wOAw6pgK_TqBe1BSa27o4XE9IypUQYsAV3gwLhAWyiQfmrV71o
rotadas/caja-25/002_AP1GczPHpS.jpg,Valle de Etla,Caja #25,caja-25,002_AP1GczPHpS.jpg,0,95.5,Historias de los territorios / Ragdo Sabiel / mariapm / de cuatro comunidades del / Valle de Etla / 720 / Oaxaca a través de las / pis / Memorias siglos XVI de al Linderos XVIII R GRAD / COVE dregolong men / Susana Gómez Serafín / m.lv Cal / pulobin tillacas pilobia porcjel / Jarum Cork to Cazaqu / Gemolina / primers / Loreca coque Gillains / Xonosique in palao 8 3e.jasc 8e jas / INSTITUTO NACIONAL DE ANTROPOLOGÍA E HISTORIA / 75 ANIVERSARIO,https://lh3.googleusercontent.com/pw/AP1GczPHpSflM6l937o79TLivqx2XfvXp02iV99m6MidGYGjmxtVKvXUEnPbBROMw2k18Owk3uKA9ARJY_fFQnXb--7F8G6ApuESjzXbkAeZ1UAtb3IrEHo
rotadas/caja-25/003_AP1GczOYFM.jpg,Coordinadores Ricardo Contreras Soto Diana del Consuelo Caldera González,Caja #25,caja-25,003_AP1GczOYFM.jpg,0,98.6,Coordinadores / Ricardo Contreras Soto / Diana del Consuelo Caldera González / GRUPOS INDÍGENAS Y PROCESOS SOCIALES / EN LA REGIÓN DEL BAJÍO EN GUANAJUATO / Historia oral migración interna y división étnica técnica de trabajo / UNIVERSIDAD / DE GUANAJUATO,https://lh3.googleusercontent.com/pw/AP1GczOYFMtJUb_htshtWfyPka6KxAH9pupaPuJ1u_vqqVqfLjUOp_UMgpkVNge8XqpIkhclpP7d0-t1K--fzsbmKcRajAT_4ewJMKw6p1F95aJImglj4uw
rotadas/caja-25/004_AP1GczOXBX.jpg,APASEO EL ALTO,Caja #25,caja-25,004_AP1GczOXBX.jpg,0,99.1,APASEO EL ALTO / UNA HISTORIA CON FUTURO / A / Francisco Sauza Vega,https://lh3.googleusercontent.com/pw/AP1GczOXBXVPp4-Dmv4V9p0nuHYAztPxY0Lmg2Kuy63FJPTGYdrAB7ebsUeuthoFVSF-CHEoWUcvPxvw30AT_lrGNU8pwFCZRqg0Qs2b3cnxeQFZA1P1SkQ
rotadas/caja-25/005_AP1GczOpYY.jpg,DOCUMENTOS,Caja #25,caja-25,005_AP1GczOpYY.jpg,0,99.0,JOSE LUIS MELGAREJO / ANTIGUA / HISTORIA DE / MEXICO / TOMO I / DOCUMENTOS / SEP,https://lh3.googleusercontent.com/pw/AP1GczOpYY6ekQcryRI4LwVP0cjYMhkmybZLxGbOhPcGHP7TPhSvwh9-KKK1uqy0OSeLiDwd7izf3jwTZ_S5jMjDhXF39ib6w0J2xcM8lF6cGQNyZlui_B8
rotadas/caja-25/006_AP1GczOym8.jpg,GEOGRAFIA POLITICA DE CAMPECHE EN EL SIGLO XVI,Caja #25,caja-25,006_AP1GczOym8.jpg,0,98.0,GEOGRAFIA POLITICA / DE CAMPECHE / EN EL SIGLO XVI / Antonio Benavides C. / Lorena Mirambell / Coordinadora / ANTOLOGIAS / SERIE HISTORIA,https://lh3.googleusercontent.com/pw/AP1GczOym8GFlY4e7K7mGMcHnqkOX5pMdMKkm-ciRTVZZ_Xfv2itZ1LXQ30RtI9dhnDJnXXcndG22KRhDXxUVWKwWMLiz0QwLoV_lbj6zAVXQ-O9fOmsGAk
rotadas/caja-25/007_AP1GczOsbJ.jpg,LA PROPIEDAD TERRITORIAL EN MEXICO 1810,Caja #25,caja-25,007_AP1GczOsbJ.jpg,0,95.8,LA PROPIEDAD / TERRITORIAL / EN MEXICO 1810 / XXI guadalupe rivero / siglo / veintiuno editores marín de iturbe,https://lh3.googleusercontent.com/pw/AP1GczOsbJbskOdIBEJ0cZ9hdWyWXKwCW2Ijk5brpvxeZpyetYAyHHaqWP4ThK032QyNn61JHUqEQBjXLK3H63TLR2RaIrPf4gAhpLRPzAPziGM_ss66OaM
rotadas/caja-25/008_AP1GczM-In.jpg,ARQUEOLOGIA DE SAN LUIS POTOSI,Caja #25,caja-25,008_AP1GczM-In.jpg,0,98.6,ARQUEOLOGIA / DE SAN LUIS POTOSI / Patricio Dávila Cabrera / Diana Zaragoza Ocaña / Compiladores / Lorena Mirambell / Coordinadora / ANTOLOGIAS / SERIE ARQUEOLOGIA,https://lh3.googleusercontent.com/pw/AP1GczM-Inc3EGr7imFGfayCGOnsXG_WhHMGCqzvf8tz18yi_P1ml4IWC59HYESk_WmeliTsore3d3gXD20DxfNEaMIY3kcQ_Lv2bPIKo3ZkWJ23gGslujw
rotadas/caja-25/009_AP1GczO1io.jpg,HIDROLOGÍA HUMANA EN LA REGIÓN NORTE DE LOS LAGOS DE LA CUENCA DE MÉXICO Época prehispánica colonial y actual,Caja #25,caja-25,009_AP1GczO1io.jpg,0,98.3,HIDROLOGÍA HUMANA EN LA REGIÓN / NORTE DE LOS LAGOS DE LA CUENCA / DE MÉXICO / Época prehispánica colonial y actual / MARÍA DE LA ASUNCIÓN GARCÍA SAMPER / HÉCTOR MIGUEL ROBINSON FUENTES / 05/30/2013/11 49 / CENTRO DE ESTUDIOS MESOAMERICANOS A. C.,https://lh3.googleusercontent.com/pw/AP1GczO1io16r3HCpsBTRcvOUSRnX_1nw9VILP3vm4DLQzjZ4kkD1Kkav621Ul_pVnEohxdllF8Hp2ibb6tIzEQVO8d5JwaaWVRhOD4ei7waFcrE-nvv2Zg
rotadas/caja-25/010_AP1GczNID2.jpg,Historia del capitalismo en México,Caja #25,caja-25,010_AP1GczNID2.jpg,0,98.6,El hombre y su tiempo 11 ERA / Enrique Semo / Historia / del capitalismo / en México / Los orígenes 1521/1763,https://lh3.googleusercontent.com/pw/AP1GczNID2YEqAZhJj0ZYPjuFw7cHGrkDfrzh_b-FfeUVzpEItcsQ8MZyFjJ-WEk84Youb0T_6eJ0r_yazcDRtqqQ8nclA4L_eSSjK1cUu9g4iVcLH2mo98
rotadas/caja-25/011_AP1GczPk9k.jpg,THE CONDITIONS OF AGRICULTURAL GROWTH,Caja #25,caja-25,011_AP1GczPk9k.jpg,0,99.2,THE CONDITIONS OF / AGRICULTURAL GROWTH,https://lh3.googleusercontent.com/pw/AP1GczPk9k5yf7C72vFdIdJrQONAU1yJeDM_V70E9iELbwBALDAcfntyAV-IdSOVw5GV2EIILDnd5zWBfU1_lG6_PunvJ6h_CLkkqs_HVGgZhZ8ZoLoreJA
rotadas/caja-25/012_AP1GczOauK.jpg,LA AUDIENCIA DE NUEVA GALICIA EN EL SIGLO XVI,Caja #25,caja-25,012_AP1GczOauK.jpg,0,98.7,LA AUDIENCIA DE / NUEVA GALICIA / EN EL SIGLO XVI / John H. Parry / NOVA HISPANIA / ET / NOVA GALICIA / EL COLEGIO DE MICHOACÁN / FIDEICOMISO TEIXIDOR,https://lh3.googleusercontent.com/pw/AP1GczOauK1mjGwI4ER0w7Uuf70tK5r_uaWyHK3vy4nEr8MPUGQlW9t_m-2l6_BRVtq7bqH8Gr_WjX8eT-4JjJjqJWFffUgcJyvmwZDCwaNcpE_BvJwd_tY
rotadas/caja-25/013_AP1GczOmfh.jpg,Los señores del oro,Caja #25,caja-25,013_AP1GczOmfh.jpg,0,97.8,Óscar Moisés Torres Montúfar / Los señores del oro / D Producción circulación y consumo DE / de oro entre los mexicas / lo / E / DE / DE / INSTITUTO NACIONAL DE ANTROPOLOGÍA E HISTORIA / DE,https://lh3.googleusercontent.com/pw/AP1GczOmfhYdZJeD_vsXAHoB0jd4Zq58fE9MbJPdJ9I_Qo7uD5MBf-Ce9mr5Slsx01EyqHl4m_yMdtC19Qi2saWWaHiMLUm0hs5kBSpP0OvyFHkH4Z-L8qA
rotadas/caja-25/014_AP1GczO0qC.jpg,ESPACIOS SAGRADOS,Caja #25,caja-25,014_AP1GczO0qC.jpg,0,96.0,ESPACIOS SAGRADOS / ESPACIOS PROFANOS / CUEVAS MAYAS DEL CENTRO ORIENTE DE YUCATÁN / LUIS ALBERTO MARTOS LÓPEZ / INSTITUTO NACIONAL DE ANTROPOLOGÍA E HISTORIA,https://lh3.googleusercontent.com/pw/AP1GczO0qCAza21WPr_Vz7rvVT3bDxpoaWqDuTuNZWpkhevuRJv5B_kxaKlul29bVEA1DUm60cJcUu7tk1sSuMrlhiRceadvSkCOyvTTqiN6dc0ZoJ1bkKk
rotadas/caja-25/015_AP1GczPKCu.jpg,Los,Caja #25,caja-25,015_AP1GczPKCu.jpg,0,62.6,Los NOVENTA / Los / ausentes / El proceso social de la / migración internacional / en el occidente de México / Douglas S. Massey Rafael Alarcón / Jorge Durand y / Humberto González / para Consejo la Nacional AlianzA / EDITORIAL / Cultura y las Artes,https://lh3.googleusercontent.com/pw/AP1GczPKCuUTLuDTtPyvHuaWSK9ps0j4KsAmJSYBAneHl_g_DyXGUnh1OY4y2qFW-FeH0CsIIEPtitJmr8RxU5d-8VdlDNx8xm0rdShDFh3ZiVI9ORwrRF0
rotadas/caja-25/016_AP1GczOEB3.jpg,La ciudad compartida,Caja #25,caja-25,016_AP1GczOEB3.jpg,0,98.2,BASILIO VERDUZCO CHÁVEZ / NORA L. BRINGAS RÁBAGO M BASILIA VALENZUELA VARELA / La ciudad compartida / Desarrollo urbano comercio y turismo / en la región Tijuana San Diego / UNIVERSIDAD DE GUADALAJARA / EL COLEGIO DE LA FRONTERA NORT,https://lh3.googleusercontent.com/pw/AP1GczOEB3Gu05BzFhqwLW_deEm3M2Y0b2mtcq1mAAJrwM7hvuIpgmrM7ADQUSg4kT3itRWPtXwVeHz20dfzO4BUzSYNRi3JTHi5qv0pQm8vi_2bqXjyzXk
rotadas/caja-25/017_AP1GczPUn9.jpg,Coordinadores Ricardo Contreras Soto Diana del Consuelo Caldera González,Caja #25,caja-25,017_AP1GczPUn9.jpg,0,98.9,Coordinadores / Ricardo Contreras Soto / Diana del Consuelo Caldera González / GRUPOS INDÍGENAS Y PROCESOS SOCIALES / EN LA REGIÓN DEL BAJÍO EN GUANAJUATO / Vida cotidiana estructura familiar valores religión vida / festiva discriminación y propuestas de mejora / UNIVERSIDAD / DE GUANAJUATO / ALWAYS LEARNING / PEARSON,https://lh3.googleusercontent.com/pw/AP1GczPUn91OkSz6cEGn1uV6ltwBglwLdkvjApZ8z11PTjK7ArmTyw4PyC3dN5Q-1cFTFFrL_HM8cIymlAO8pkBw8kmWMQGnzXUYvhiFf9fz1WRrNdi7PXQ
rotadas/caja-25/018_AP1GczOcYz.jpg,futuro,Caja #25,caja-25,018_AP1GczOcYz.jpg,0,72.0,Rediseñando el / futuro / retos que exigen / nuevas respuestas / Nadia Exello Peón / compiladora / Memorias de la IV Convención Internacional / de Trabajo Social / PLAZA Y VALDES / PYV / Universidad Nacional Escuela Nacional EDITORES / Autónoma de México / de Trabajo Social,https://lh3.googleusercontent.com/pw/AP1GczOcYzaeE3sH2V962X3tSCJ-SegBHNS8B7mOl1ftmfWGoa1cuS6cUkygr1QUUasfF_4xtusE48mOxMMQ5WuNRH7q_Bxfj0HrZs5I2Xwq6UbzpmnUJok
rotadas/caja-25/019_AP1GczPWjj.jpg,Carl G. Hengel Filosofía de la Ciencia Natural,Caja #25,caja-25,019_AP1GczPWjj.jpg,0,87.0,Carl G. Hengel / Filosofía de la Ciencia Natural / efsidad,https://lh3.googleusercontent.com/pw/AP1GczPWjjQ4nvXfJfDtBjv0Q5NfZ-RkF2__o0Etm50cADtGMVtj8HUVyxTO_WGQQXD8L8B3xinu9F-aIIZy1Pcv21jZfagfrKMhJKeYUc4gFIRpTe0SSGU
rotadas/caja-25/020_AP1GczOy_F.jpg,PERO VAS A ESTAR MUY TRISTE Y ASÍ TE VAS A QUEDAR,Caja #25,caja-25,020_AP1GczOy_F.jpg,0,97.9,PERO VAS A ESTAR MUY TRISTE / Y ASÍ TE VAS A QUEDAR / ANNA MARÍA FERNÁNDEZ PONCELA / COLECCIÓN DIVULGACIÓN,https://lh3.googleusercontent.com/pw/AP1GczOy_F-f36hi5YybCyn0M5fPxMXhwGypuFrTaUboZ_8ihLH_dIEkVkl8DkV9JdvphmpdETVWwukcaBK8HQiFdqG8Z8OAatRrL3V6QAWuY3i4KgndBbs
rotadas/caja-25/021_AP1GczMpb6.jpg,Vida y muerte en el Templo Mayor,Caja #25,caja-25,021_AP1GczMpb6.jpg,0,98.8,COLECCIÓN / DIVULGACIÓN / Vida y muerte / en el / Templo Mayor / Eduardo Matos Moctezuma,https://lh3.googleusercontent.com/pw/AP1GczMpb6ZTVTkOVzyzs-f-PBbbV8s7GPWCFQeZI_9nDdfXqOIso__9ms7XEf-cQuK6_4WM0XoFhJdfKVGTFSGuw7uMrlJHSWScsviu4NgoKMnD5e7SNIw
rotadas/caja-25/022_AP1GczNr3W.jpg,ARQUEOLOGIA,Caja #25,caja-25,022_AP1GczNr3W.jpg,0,78.8,COLECCION / DIVULGACION / ARQUEOLOGIA / La arqueología / oficial mexicana / Causas y efectos / Manuel Gándara,https://lh3.googleusercontent.com/pw/AP1GczNr3WYw9sXZXvFDXU290Zor7vULcaeGR4X4AB3RNIQOXPFkYT-YrmtC8GY2MRBoKYg_wwpt57NgZFpHnoKE5jfgfSD8SHQMty_RSRDRVgo_J-u16L0
rotadas/caja-25/023_AP1GczNKkj.jpg,Metamorfosis de lo sagrado y de lo profano,Caja #25,caja-25,023_AP1GczNKkj.jpg,0,98.9,COLECCION / DIVULGACION / Metamorfosis de lo sagrado / y de lo profano / Narrativa náhuat de la Sierra Norte de Puebla / Enzo Segre,https://lh3.googleusercontent.com/pw/AP1GczNKkjgEwmAxsEBvKs8FlN6Zjv1KfCKbK6DKbsp9G4qrzHyM8vXdSYJy2ngKXwHia8EZaEl5cdM0ETyAKW16QbBxQk-a70sOCmPWE1lHPDXFVJw7VTY
rotadas/caja-25/024_AP1GczMdbA.jpg,PREHISPANICO,Caja #25,caja-25,024_AP1GczMdbA.jpg,0,83.2,ECONOMIA KLITICA / E IDEOLOGIA / EN EL MICO / PREHISPANICO / PEDRO CARRASCO / JOHANNA BRODA ED / CENTRO DE INVESTIGACIONES SUPERIORES DEL INAH / EDITORIAL NUEVA IMAGEN,https://lh3.googleusercontent.com/pw/AP1GczMdbAdbgGkW3Qx2kFL13TfEV3acJ8XGCqikc6ETaHPCvYBG4YQcPdnlVIw4FaTzlomiMSMDmoIBvC-ZmLQ9B0xo053jong447cryZpdt8XClCEOOCI
rotadas/caja-25/025_AP1GczNEj3.jpg,EL OTRO SIGNIFICADO DE UN MONUMENTO HISTÓRICO,Caja #25,caja-25,025_AP1GczNEj3.jpg,0,96.0,EL OTRO SIGNIFICADO / DE UN MONUMENTO HISTÓRICO / PEDRO PAZ ARELLANO / COLECCIÓN DIVULGACIÓN,https://lh3.googleusercontent.com/pw/AP1GczNEj3pKQFFAXm9JuYBNoCbZffnckovXZ6kszoa2UaTQsnUbrj9V686uOkpWF1YuDtdtTgGFuUl-L533DjCrJgHougRO8PosdRu8THjSxj4wHCdqwwM
rotadas/caja-25/026_AP1GczO0Fk.jpg,LESLEY BYRD SIMPSON,Caja #25,caja-25,026_AP1GczO0Fk.jpg,0,99.2,LESLEY / BYRD SIMPSON / 68 / SOCIEDAD / CIENCIA / HISTORIA / los conquistadores / y el indio / americano,https://lh3.googleusercontent.com/pw/AP1GczO0Fk-UOkpCUuF39nFQWbLYUHC_DQYYHEI43FPCL0og_DvRN-L0dMa4SbutmXMaRzCFSpxhVQDXd0EkwHwGZSixUvLR5qGJoHwZxLX5fksmznQD8i0
rotadas/caja-3/001_AP1GczNS2q.jpg,ANALES,Caja 3,caja-3,001_AP1GczNS2q.jpg,0,98.5,ANALES / DEL / MUSEO MICHOACANO / NUMERO 3 / SEGUNDA EPOCA / SEPTIEMBRE 1944,https://lh3.googleusercontent.com/pw/AP1GczNS2qGV-AMGvX07EOUWu4NgxhxyQ9THCtvM5Rw3zEuwZwPuzgDuKFBTGBXWwf4RPz1OwtdJhIOQKeG8QLKTgXvz0zGJzSJM-0NYS4fT4BtEmye2i58
rotadas/caja-3/002_AP1GczOJGn.jpg,Miguel León Portilla,Caja 3,caja-3,002_AP1GczOJGn.jpg,0,98.1,Miguel León Portilla / BA / H / Mexico Tenochtitlan / su espacio / y tiempo sagrados / Instituto Nacional de Antropología e Historia,https://lh3.googleusercontent.com/pw/AP1GczOJGny3Jr1bda4c9dECxAdHUg19OYaqXrdTWJ8G36MXd2-1w3Cgun_cxa8WoLGm8Ho9v-xLtKnBAdHxr27ls4ZwKG62FQ2lczOesLrkpWs1bnGkD-I
rotadas/caja-3/003_AP1GczN9kS.jpg,Cerámica de Tonalá Jalisco,Caja 3,caja-3,003_AP1GczN9kS.jpg,0,98.4,Cerámica de Tonalá Jalisco / Colección del Museo Regional de Guadalajara / Gonzalo López Cervantes / COLECCION FUENTES / 219 INV,https://lh3.googleusercontent.com/pw/AP1GczN9kSAAv6oDrn2jR8CP_K6hbu-aS7Wcjg22SOrnqGD9pG7Xq8kPSjQTD1aAUm_1zkGZfiA8WZiTatoYNjqetaA5Js80znSLxe5CioaXYkMEh0ZCZGM
rotadas/caja-3/004_AP1GczMkFM.jpg,LOS POBLADORES PREHISPÁNICOS DE ACAPULCO,Caja 3,caja-3,004_AP1GczMkFM.jpg,0,97.9,LOS POBLADORES / PREHISPÁNICOS DE ACAPULCO / Proyecto Arqueológico Renacimiento / Martha Eugenia Cabrera Guerrero / COLECCION CIENTIFICA / 199 INU,https://lh3.googleusercontent.com/pw/AP1GczMkFMTnthq4H4GfASQqLc5yaPb6rAsON3DLQCX320vIpBSX1iSl5kwm8NaJNRHm2en6viUerhk4a0LbVqYoVXjdOGLYzLQcGPWXD6qFr4ld9kHXXZM
rotadas/caja-3/005_AP1GczNDce.jpg,EL CRONISTA,Caja 3,caja-3,005_AP1GczNDce.jpg,0,93.4,ALBERTO MARIA CARREÑO / EL CRONISTA / LVIS GONZALEZ OBREGON / VIEJOS CUADROS / 5071 / EDICIONES BOTAS MEXICO,https://lh3.googleusercontent.com/pw/AP1GczNDce2ypt1d6tVPUKKUJinIjGjPgX339qkCCaZBTLTxeQBtqVQ-GaQufwP_QHWViIN8aEDQEZk0rJmVgw46ZU7dHSELnuFfKEodzDB6mrjmlY5kSBo
rotadas/caja-3/006_AP1GczNAKM.jpg,GUANAJUATO Diez ensayos de su historia,Caja 3,caja-3,006_AP1GczNAKM.jpg,0,99.0,Presidencia Municipal de Guanajuato / GUANAJUATO / Diez ensayos de su historia / Luis Fernando Díaz Sánchez / Dirección Municipal de Cultura,https://lh3.googleusercontent.com/pw/AP1GczNAKMzxQTDTejXg-gOKf9B4Hi8RAlwxFUOYwROLS7Vc7A5hXrdahQiDBHDW80qGAv1VidSeHIoS4bx27x2jqHdd9bzK5_6MMJdT4U9NQoPxrPDwxlw
rotadas/caja-3/007_AP1GczNuDt.jpg,Ensayos de Alfareria Prehispánica,Caja 3,caja-3,007_AP1GczNuDt.jpg,0,92.8,Ensayos de / Alfareria Prehispánica / e Historica de Mesoamérica / Homenaje a Eduardo Noguera Auza / Editores Mari Carmen Serra Puche / Carlos Navarrete Cáceres / UNIVERSIDAD NACIONAL AUTONOMA DE MEXICO,https://lh3.googleusercontent.com/pw/AP1GczNuDtouThRLM4GIgLOAdvCEe7Yp31BwcOwc82tLWvd4g_z1eBJytaAhJU15GT6rQxQXzpbD58JnBv8_gCfHcErL_YXt81op5T1AJwONK3_PSCg-kbk
rotadas/caja-3/008_AP1GczM1_o.jpg,La Sociedad Indígena en el Centro y Occidente de México Pedro Carrasco et al,Caja 3,caja-3,008_AP1GczM1_o.jpg,0,97.6,La Sociedad Indígena / en el Centro y Occidente / de México / Pedro Carrasco et al / EL COLEGIO DE MICHOACAN,https://lh3.googleusercontent.com/pw/AP1GczM1_o-OLnpN7qCIs3Bz_ZFC83uH_6RtTU7YATROEonWRmnsawyRN6r2MbojXq-D6rVFdDAXP9rKVeZOD8LrNY74PrOsqcQVKEnNUWMoT7taQQoMwio
rotadas/caja-3/009_AP1GczOxnW.jpg,EL EPICLÁSICO,Caja 3,caja-3,009_AP1GczOxnW.jpg,0,97.6,PARA COMPRENDER / EL EPICLÁSICO / EN EL CENTRO DE MÉXICO / PROBLEMAS Y PROPUESTAS / TEÓRICO METODOLÓGICOs / JESÚS E. SÁNCHEZ,https://lh3.googleusercontent.com/pw/AP1GczOxnWdrqR2i0GkmCp40VJji70le0OwgpCVv8eywWnRIBKbIadblhrzwsqAEQ48JhoO1vJK5hIItCpx_xqTlrknk3B1ZXSiN2PyGr7GIutpU21SUX0o
rotadas/caja-3/010_AP1GczNm_N.jpg,AZTECA,Caja 3,caja-3,010_AP1GczNm_N.jpg,0,98.6,EL ESTADO / AZTECA / MARÍA RODRÍGUEZ SHADOW,https://lh3.googleusercontent.com/pw/AP1GczNm_NM4fKvLfYM67FYx1SSzcHouYKzDptngoGDD5K5lHGtfX7OQir1koGqhlRqZplAfCYzjiIx3c-YlvIGAe-bqDYm4XY-xR-ROzFGZ-RIMF8Ij4pk
rotadas/caja-3/011_AP1GczN7Ws.jpg,aVivir en Ixtla i Qué suerte,Caja 3,caja-3,011_AP1GczN7Ws.jpg,0,94.4,aVivir en Ixtla / i Qué suerte / cuentos y teatro,https://lh3.googleusercontent.com/pw/AP1GczN7WszCAr_ie5ZyZDr6nAsYcZ8we2qDWrQHCKDAlooRhJ5YqStbhQZB8HLrg5DCipAhq7FfboJkMgdx74EMaJAKwLSBv4y0I4oI5oxqMY8jtFyZeiw
rotadas/caja-3/012_AP1GczNt0j.jpg,Pedro Armillas Vida y obra,Caja 3,caja-3,012_AP1GczNt0j.jpg,0,98.9,II / Pedro Armillas Vida y obra / Teresa Rojas Rabiela ed,https://lh3.googleusercontent.com/pw/AP1GczNt0jVNi573N36hYrThrxrSEFA-iQZTJbmpDx5JgxsPOCVGSySRa8kdE2KswlRA2XPcsCL5O6_paYQJZVNp2nDQdAApGnEGU6NvpD51ruujdlo_4S8
rotadas/caja-3/013_AP1GczObq1.jpg,sernah,Caja 3,caja-3,013_AP1GczObq1.jpg,0,68.7,SUSANA GLANTZ / El ejido / colectivo / de Nueva Italia / sernah,https://lh3.googleusercontent.com/pw/AP1GczObq1yNGvw4WO1MFUV8hauAXzNdlFvjqox-FGfOCmOsU-yUIpX834iIkkmXgJ4DRVRSiYuBqgueAKZBB8EUnnc1USaegw8lN6IFzqa8G3ZFjmkBJsc
rotadas/caja-3/014_AP1GczP5Pr.jpg,África sin límites,Caja 3,caja-3,014_AP1GczP5Pr.jpg,0,97.9,África / sin / límites / COLECCIONES / MEXICANAS / MUSEO NACIONAL DE LAS CULTURAS,https://lh3.googleusercontent.com/pw/AP1GczP5PrBlDO9oPy_xuFKuOjlu8N1enso5_c0J_a0eM8TFV1IgRo4aBsXQFc3LPoM-rSS4biGQ-E5qw0MrX8qkisf5U19gfj9X4wvwonA3jbTEuEgGal8
rotadas/caja-3/015_AP1GczNvuI.jpg,HISTORIAS 50,Caja 3,caja-3,015_AP1GczNvuI.jpg,0,78.7,HISTORIAS 50 / ALAMAN / Ex Ministro / revista novohispano campanas ciudad Eduardo Arturo Historias de Flores Soberón México Salvador Clair John Lucas en Limpieza Gooding Rueda 1849 Alamán de El Speranskii olvido Marcela sangre y la en presidencia en Dávalos y la Batenkov historiografía el Colegio Por del de ayuntamiento qué Índice Minería El caso no general mercedario doblan 1791-1806 de de las la la,https://lh3.googleusercontent.com/pw/AP1GczNvuI6iylsvc4HlA5U_Rnk3iu1hzmTcTVytGMOX-LITvRWkPq0ZDv71k15XfAPq1qDSWvt5X5rNzATin5LMgOlqXhy71KwazPLO6JPNIy-yXhqCrO4
rotadas/caja-3/016_AP1GczP4aV.jpg,Informe anual del Proyecto Arqueológico Cozumel temporada 1981,Caja 3,caja-3,016_AP1GczP4aV.jpg,0,99.0,Informe anual del Proyecto Arqueológico / Cozumel temporada 1981 / Fernando Robles Castellanos coordinador / Thelma Noemí Sierra Sosa Eduardo Toro Quiñones Leticia Vargas de la Peña / Centro Regional de Yucatán / 3 / CUADERNO DE TRABAJO / INSTITUTO NACIONAL DE ANTROPOLOGIA E HISTORIA,https://lh3.googleusercontent.com/pw/AP1GczP4aViXBdrRo2KfGKzon5MCPL81zgAL2pK13wTKPHRoRkSuw-TjFS88IIlS8x8EJbsXSHj9uvOlCx6v2bm0xkV7IPrJ-5zfWiAKAQMHnstkyW-nQ1U
rotadas/caja-3/017_AP1GczMO63.jpg,ANÁLISIS ARQUEOLÓGICO DEL YACIMIENTO DE OBSIDIANA DE SIERRA DE LAS NAVAJAS HIDALGO,Caja 3,caja-3,017_AP1GczMO63.jpg,0,98.9,ANÁLISIS ARQUEOLÓGICO DEL / YACIMIENTO DE OBSIDIANA / DE SIERRA DE LAS NAVAJAS / HIDALGO / Rafael Cruz Antillón / COLECCIÓN CIENTÍFICA,https://lh3.googleusercontent.com/pw/AP1GczMO63u3VU-oie4NYmPEiXN-pGvyCPwLHAHF2p15Qpc_oQOpUFWrgzzjvz7LwmEut25Jhqld7wZcswD7lZ81LzWClQvenORZVe16C5WxwrhsC-YMN54
rotadas/caja-3/018_AP1GczP0iT.jpg,Estudios antropológicos de los pueblos otomíes y chichimecas de Querétaro,Caja 3,caja-3,018_AP1GczP0iT.jpg,0,98.2,Estudios antropológicos de los pueblos / otomíes y chichimecas de Querétaro / María Elena Villegas Molina / Coordinadora / 7 / Centro INAH Querétaro,https://lh3.googleusercontent.com/pw/AP1GczP0iTmz77Uzzozhy5DgiH1PIw2Adtp6FUQlgVbd9D6eTFx6iZq3tMqb08GJqing3a701k-kC2edWwDAXUWjflaKBl-ILeEkhrYjH1k2lGGW1EQzXlo
rotadas/caja-3/019_AP1GczMGCf.jpg,Investigaciones recientes en paleobotánica y palinología,Caja 3,caja-3,019_AP1GczMGCf.jpg,0,98.8,Investigaciones recientes / en paleobotánica / y palinología / Aurora Montúfar López / COLECCIÓN CIENTÍFIC,https://lh3.googleusercontent.com/pw/AP1GczMGCfjKgANnWdmaY9RY54H6CGDBaVIxTQUDqrxQt4liRTSUMhKfdUDSseIri4cI_55F3GvyfzA4Lv5OUYAZhK46wDVXrN1B8UTFRNrqXvRzc6LcyEA
rotadas/caja-3/020_AP1GczPvAJ.jpg,LAS TUMBAS DE TIRO DEL VALLE DE ATEMAJAC JALISCO,Caja 3,caja-3,020_AP1GczPvAJ.jpg,0,98.6,LAS TUMBAS DE TIRO DEL VALLE / DE ATEMAJAC JALISCO / Luis Javier Galván Villegas / COLECCION CIENTIFICA,https://lh3.googleusercontent.com/pw/AP1GczPvAJNWzIf9R-CiZu00cie8kBkAWeS1vmVRsGuD5V9p5GDzDK7jaSMeIgk0PqTECUr4ku1wBn8X0hIv6nU5TQjJSV8cOfbGe0YqSywyu5PclUyjsok
rotadas/caja-3/021_AP1GczMak2.jpg,SACBE 5,Caja 3,caja-3,021_AP1GczMak2.jpg,0,98.5,SACBE 5 / SACBE 2 3 / H / SACBE / 4 / CBE / ŠA / I / CONTRIBUCIÓN AL ESTUDIO DE / LOS ASENTAMIENTOS DE SAN / GERVASIO ISLA DE COZUMEL / Thelma Noemí Sierra Sosa / COLECCIÓN CIENTÍFICA,https://lh3.googleusercontent.com/pw/AP1GczMak279BAvGucwrBIBuzbbysAw54mVPH2InYWv8m7riFu_PiRgUzeTkKp5B-KQIqdx_NEf3f369UwbARISc40JvvPBhznW7DoZgUcwZO6TCUJjJD30
rotadas/caja-3/022_AP1GczPYar.jpg,Arqueología del área de las Cuarenta Casas Chihuahua,Caja 3,caja-3,022_AP1GczPYar.jpg,0,98.6,Arqueología del área de las / Cuarenta Casas Chihuahua / Arturo Guevara Sánchez / Colección Científica / INSTITUTO NACIONAL DE ANTROPOLOGIA E HISTORIA ser,https://lh3.googleusercontent.com/pw/AP1GczPYarLsqLOuo4SAZVygjubPD0gX-fySErCDETgfoQd1nn5NQHyXdYkTXhpicQG7o_aWmubWGI_ECF2cUuYp2YKKyB3Hss1PhMHriapIxiJbYVB4qB4
rotadas/caja-3/023_AP1GczN8yV.jpg,LAS PRIMERAS SOCIEDADES JERARQUICAS,Caja 3,caja-3,023_AP1GczN8yV.jpg,0,97.6,J / LAS PRIMERAS SOCIEDADES / JERARQUICAS / GRISELDA SARMIENTO FRADERA / COLECCION CIENTIFICA,https://lh3.googleusercontent.com/pw/AP1GczN8yVkCF9MBPtPa5ozS6wr5eOYiG87ZB0AxsUKeSVMgEWzb6CIviJEB7nv5b92v_QVBPBYjcub6nuygIbWGiIreVQUn0Bc_MvJTPh7bihRweA1gJH4
rotadas/caja-3/024_AP1GczPaml.jpg,Cerámica de época olmeca en Teopantecuanitlán,Caja 3,caja-3,024_AP1GczPaml.jpg,0,97.7,Cerámica de época / olmeca en / Teopantecuanitlán / Guerrero / T / A / gdar / Rosa María Reyna Robles / COLECCIÓN CIENTÍFICA,https://lh3.googleusercontent.com/pw/AP1GczPamlQ4Y9WpnL6z_ui4RiRFfr_5YIuC-vNVF-j-AJTu8Ml_du-G38kpvGxvYqf_CN5kho8DZGa7lEczTBAZ4aRYBEvi5VQCchi9TjorNHPcPdJU2_g
rotadas/caja-3/025_AP1GczMzQv.jpg,ARQUEOLOGÍA Y PALEOECOLOGÍA DEL NORCENTRO DE MÉXICO,Caja 3,caja-3,025_AP1GczMzQv.jpg,0,97.5,ARQUEOLOGÍA Y PALEOECOLOGÍA / DEL NORCENTRO DE MÉXICO / Roy B. Brown / COLECCION CIENTIFICA,https://lh3.googleusercontent.com/pw/AP1GczMzQv4Ho_J09gbvZojP3_LMK133RkOsLF4qER-lQNfqiw0KkMzRgjOCzfcuhNJOv1R7Xh67qFPX3Fq3B-hnlUG9FePbWFl9_f-3GV6oXCtI7qC6CQ0
rotadas/caja-3/026_AP1GczOLT_.jpg,DE LA IDEOLOGIA A LA CULTURA,Caja 3,caja-3,026_AP1GczOLT_.jpg,0,99.2,DE LA IDEOLOGIA / A LA CULTURA / FRANCISCO DE LA PEÑA MARTINEZ,https://lh3.googleusercontent.com/pw/AP1GczOLT_zYemQRj8JEQpyeZ70v0SbE6BsmZL2YkmBGt6djTcNnGwq3rMxGNEBgGuzd7sTnev5pCvt8lTZf3AN5ZI_C1mXhPSodF-H876etbx6oLj-9Nn4
rotadas/caja-3/027_AP1GczM4w4.jpg,LA VALIDEZ TEORICA DEL CONCEPTO MESOAMERICA,Caja 3,caja-3,027_AP1GczM4w4.jpg,0,98.9,LA VALIDEZ TEORICA DEL / CONCEPTO MESOAMERICA / XIX MESA REDONDA / DE LA SOCIEDAD MEXICANA DE ANTROPOLOGIA / COLECCION CIENTIFICA,https://lh3.googleusercontent.com/pw/AP1GczM4w4d-0Y06VqBCktYyOMtw6PoP_ddhkFLf7rvucV83NbbR5Es7E5-xFIP4tP4433Sq76cWyF2n40yrcxqxemWLXXV3hW5JZB7EhFHf4lig9Xp5pKk
rotadas/caja-3/028_AP1GczPPfz.jpg,Morales Guanajuato y la tradición Chupícuaro,Caja 3,caja-3,028_AP1GczPPfz.jpg,0,97.4,Morales Guanajuato / y la tradición / Chupícuaro / Beatriz Braniff C. / COLECCIÓN CIENTÍFICA,https://lh3.googleusercontent.com/pw/AP1GczPPfzwoRrQiFVczJIeZ0jOkn0LCuB4tcWgOHc9QOVCBNRRLwMtjerAvmVoRxfl4sA8sKmir4xUR6OBsSfk3D-473ZFKiWumihFEbFg5V_23kVAfalw
rotadas/caja-3/029_AP1GczN4WL.jpg,Un espacio para la muerte Arqueología funeraria en San Juan del Río Querétaro,Caja 3,caja-3,029_AP1GczN4WL.jpg,0,99.0,Un espacio para la muerte / Arqueología funeraria / en San Juan del Río Querétaro / Fernando González Zozaya / COLECCIÓN CIENTÍFICA,https://lh3.googleusercontent.com/pw/AP1GczN4WLIR2m6B7moLIZW8_khH33BvqJ4pW-XEh2_d6VWxcaA72KDP2IzlDm6OZVPj8DxtInYWXRDwP4wPz3qv5ILW8fRJKw-_ql3aPkKV0SDOsJVaTck
rotadas/caja-3/030_AP1GczPjlP.jpg,De chichimecas pames y jonaces Los recolectores cazadores del semidesierto de Querétaro,Caja 3,caja-3,030_AP1GczPjlP.jpg,0,98.8,De chichimecas pames / y jonaces / Los recolectores cazadores / del semidesierto de Querétaro / Carlos Viramontes Anzures,https://lh3.googleusercontent.com/pw/AP1GczPjlPctA7jcroRxnpDvp4eZax1sAgnb_QAVD6xSK36JSnZfPgjiraTLZQmmIQo4vNst0Mca4lVZD6Fl6LrSzD5VNnVVD2jNEn8L3WJL14QmP7GLe8g
rotadas/caja-3/031_AP1GczM0jZ.jpg,VILLA DE REYES SAN LUIS POTOSI Un núcleo agrícola en la frontera norte de Mesoamérica,Caja 3,caja-3,031_AP1GczM0jZ.jpg,0,98.6,Ana María Crespo Oviedo / VILLA DE REYES / SAN LUIS POTOSI / Un núcleo agrícola en la / frontera norte de Mesoamérica / 42 / COLECCION / 159 / CIENTIFICA / Arqueología,https://lh3.googleusercontent.com/pw/AP1GczM0jZKNT-W9dXgYyMUZy635Hmv1bvpVHjxWXgTRaS6q5_QlWdWjMdiIAoJxzBB0MFKL1_z4GpUyBLfrnJOl-KZrTZFz3uYEnMawcmhjOCxXJuv7PZo
rotadas/caja-3/032_AP1GczMfS7.jpg,EL INSTITUTO NACIONAL DE ANTROPOLOGÍA E HISTORIA FRENTE AL SIGLO XXI Memoria del IV Congreso de,Caja 3,caja-3,032_AP1GczMfS7.jpg,0,98.5,EL INSTITUTO NACIONAL DE / ANTROPOLOGÍA E HISTORIA / FRENTE AL SIGLO XXI / Memoria del IV Congreso de / Investigadores del INAH / C / Tomo II / CARMEN MORALES VALDERRAMA / MARÍA DEL CARMEN LECHUGA GARCÍA / LAURA ADRIANA CASTAÑEDA CERECERO / MARÍA IRMA LÓPEZ RAZGADO / COORDINADORAS / Instituto Nacional Delegación de / e de Historia Antropologia EKO Profesores Investigadores e / D IN A 1,https://lh3.googleusercontent.com/pw/AP1GczMfS7DYyQNzG6Pq9ir6JaQkNGtJ91VUHIi_8mG9baq-e9u0JZwEHFO5Fv5GivKfjkkQBGPWBJGKVinDzbUNYicS8LZtXajJwZkRH_2fdAS3bkvCyUY
rotadas/caja-3/033_AP1GczMb5h.jpg,EL INSTITUTO NACIONAL DE ANTROPOLOGÍA E HISTORIA FRENTE AL SIGLO XXI Memoria del IV Congreso de,Caja 3,caja-3,033_AP1GczMb5h.jpg,0,98.8,EL INSTITUTO NACIONAL DE / ANTROPOLOGÍA E HISTORIA / FRENTE AL SIGLO XXI / Memoria del IV Congreso de / Investigadores del INAH / C / Tomo I / CARMEN MORALES VALDERRAMA / MARÍA DEL CARMEN LECHUGA GARCÍA / LAURA ADRIANA CASTAÑEDA CERECERO / MARÍA IRMA LÓPEZ RAZGADO / COORDINADORAS / Instituto Nacional Delegación de / de Antropologia Profesores e / e Historia Investigadores / D IHA 1,https://lh3.googleusercontent.com/pw/AP1GczMb5hTGVv0PP7svDFUYhla8qzKWGiAq1pZy9_ket-Htxx8vReMN9aUAW03WjAEEo1w40Dzr9wrQfz988mT9ytAgCq0vrYjsWPOrHg8WYVQQlsu8oXg
rotadas/caja-3/034_AP1GczMyoM.jpg,uana,Caja 3,caja-3,034_AP1GczMyoM.jpg,0,98.1,Guanajuato / HISTORIA SOCIEDAD Y ARTE / Coordinadores / José Luis Lara Valdés / Mauricio Vázquez González / uana,https://lh3.googleusercontent.com/pw/AP1GczMyoMw6q9AkoyyKxPqm8nNvYvLCEiDQxjGVOoTB4Gwq1YbCfEPvY8-hVIxXfGSUBEGkyustxgluFaIGiHKBkpBh9vyG-RZV_ppiCMG_HHP-Wfb1UFw
rotadas/caja-4/001_AP1GczMv1c.jpg,tonallan 450,Caja #4,caja-4,001_AP1GczMv1c.jpg,0,76.0,CAROLYN BAUS DE CZITROM / tonallan 450 / GREE / DOS TECUEXES GRUPOS Y COCAS 112 / DE LA REGION COLECCION / JALISCO CIENTIFICA / EN EL SIGLO XVI etnohistoria,https://lh3.googleusercontent.com/pw/AP1GczMv1c2vpvAN64uno9Z_c5xV0zm8gcwNDV_sI0hdidXnRGGBM4Q9MKEwdCUVeCLhnAbrP7rAn6Xlna8UsyV3zQF9asU10Kd1yMNQyPNXsQ-4pvCGCzs
rotadas/caja-4/002_AP1GczNOUQ.jpg,TOP NOTCH 1,Caja #4,caja-4,002_AP1GczNOUQ.jpg,0,97.9,THIRD EDITION / TOP NOTCH 1 / JOAN SASLOW / A1 A2 / ALLEN ASCHER / ALWAYS LEARNING PEARSON,https://lh3.googleusercontent.com/pw/AP1GczNOUQnvzQiOVE-E6X4zAO-_dtXsOd4FE8K0fuoz0B2O_Tbu_MQKVqCSOxBq-j2qM3Q-snUW9llbBE05uapMKyLvqoz0ZZLxRZdbtzZMIWKlDGaq1FQ
rotadas/caja-4/003_AP1GczMx2v.jpg,TOP NOTCH 1,Caja #4,caja-4,003_AP1GczMx2v.jpg,0,98.8,THIRD EDITION / TOP NOTCH 1 / WORKBOOK / JOAN SASLOW / ALLEN ASCHER / ALWAYS LEARNING / PEARSON,https://lh3.googleusercontent.com/pw/AP1GczMx2vEdgQkXcQc_zXAGzsIzFJnHl2n0beUnM4Dm3cO7lM_tuu9gNpM0VOGOFxGBZSpYow15hZphICth70oKA6_HnSF3jj1Fsxa8EKslgj12UXBBag8
rotadas/caja-4/004_AP1GczNB60.jpg,CRUCE DE CAMINOS,Caja #4,caja-4,004_AP1GczNB60.jpg,0,94.6,MEMORIAS / SAN MIGUEL DE ALLENDE / CRUCE DE CAMINOS / I EL PASADO / II EL PRESENTE,https://lh3.googleusercontent.com/pw/AP1GczNB60pF3_sv3y7tBQKgkl0gE96-WNvKPRPy6BVOeNVs8rDv9DfmI2drt3KAuM4-WxF1c2sj88R9ivytveJpJrm9CGa0VzwfCgraUtHldOvVeXr-3W8
rotadas/caja-4/005_AP1GczO706.jpg,PELIGROS CURVAS,Caja #4,caja-4,005_AP1GczO706.jpg,0,99.2,PELIGROS / CURVAS / A / AITENA / Sudamericana Lumen,https://lh3.googleusercontent.com/pw/AP1GczO706JTc4Ub12He9ggV0iyJs2fIrgQSs3vRJV3CbzFhouEeZVMbVjQNDHrVF2uJ2GBLyKdOOvQETAPbcqWd5xzOqEO2oMuCjV_BpEunyb4xHKOdFvA
rotadas/caja-4/006_AP1GczPzLL.jpg,1 CAMBRIDGE,Caja #4,caja-4,006_AP1GczPzLL.jpg,0,97.6,new English for international interchange communication / Jack C. Richards / with Jonathan Hull and Susan Proctor / 1 CAMBRIDGE / UNIVERSITY PRESS,https://lh3.googleusercontent.com/pw/AP1GczPzLLbvB1MvodPcCazQifjbszG4mc66GZUlRRYCHrXmDAwjE_dRNve9JVxaBdCSLPSfr4DLT5WwwRDNsLz3GhwxUMfAz5w1sypfYqUh07Ph_H2lG8A
rotadas/caja-4/007_AP1GczMEYY.jpg,TEMAS,Caja #4,caja-4,007_AP1GczMEYY.jpg,0,96.2,SONIA LOMBARDO ENRIQUENALDA / COORDINADORES / TEMAS / MESOAMERICANOS / Q / COLECCIÓN OBRA DIVERSA,https://lh3.googleusercontent.com/pw/AP1GczMEYYpV_wZNcEVpmkvBOChifNu9JaRuHaURGTEuMdmK6E3ZiniQzH1Pc-9hEbhAvnkDY-n7usm0oHT3nj2M4vreX5lHug2EWsPdBJokUhDuOZN7WQY
rotadas/caja-4/008_AP1GczPGwq.jpg,OFRENDAS FUNERARIAS DE CHUPICUARO GUANAJUATO,Caja #4,caja-4,008_AP1GczPGwq.jpg,0,93.2,OFRENDAS FUNERARIAS / DE CHUPICUARO GUANAJUATO / DOLORES FLORES / 7327 / CATALOGO DE LAS COLECCIONES ARQUEOLOGICAS DEL MUSEO NACIONAL DE ANTROPOLOGIA,https://lh3.googleusercontent.com/pw/AP1GczPGwqMzGdxVvUHD9tIWzrFFVDkiJvjkvGQ1UIkwjBoqal7DVm1rAEp60RxArALbRZrNJStsLAKBHoDaVEKr8PJIFNR7f1uJ8W1y_fdNpWD9M8P9wHY
rotadas/caja-4/009_AP1GczN73x.jpg,años,Caja #4,caja-4,009_AP1GczN73x.jpg,0,90.8,ARQUEOLOGÍA Revista de la Coordinación Nacional de Arqueología 55 Agosto 2018 / Edición de aniversario / ARQUEOLOGIA / ARQUEOLOGIA / ARQUEOLOGIA ARQUEOLOGIA ARQUEOLOGÍA ARQUEOLOGÍA ARQUEOLOGIA ARQUEOLOG ARQUEOLOGIA 30 LOGIA QUEOLOGIA ARQUEO LOGIA ARQUEOLOGIA ARQUEOLOGIA ARQUEOLOGIA 517 ARQUEOLOGÍA / 40 31 ARQUEOLOGÍA ARQUEOLOGIA / 19 / años / social de El Oscilación Chicoasén desarrollo Proyecto y cultural de El arqueológico cultural Chiapas del desarrollo la Algo frontera México en sobre Huapalcalco el prehispánico precolombino norte Huaxteca norte los papeles mesoamericana del y valle las Lapidaria de viejos tradiciones poblano la Estudios bahía de en Palenque de Arqueología estratigráficos el Un alfareras estado Chetumal modelo de del de de Guerrero Epiclásico en evolución la Acozac presa,https://lh3.googleusercontent.com/pw/AP1GczN73xfcpdcxWDWv7SpimC_picx3PxYeMjqG606dzwX8EqQlhUt79P1m9hRjNMBN-zV3XhqvfcAofZG5ijOKw66ZX3LTGPWl2CVHSb4t9Rxszs9v70U
rotadas/caja-4/010_AP1GczMyz_.jpg,ARQUEOLOGÍA 20,Caja #4,caja-4,010_AP1GczMyz_.jpg,0,97.7,ARQUEOLOGÍA 20 / SEGUNDA ÉPOCA JULIO DICIEMBRE 1998 / Revista de la Coordinación Nacional de Arqueología del Instituto Nacional de Antropología e Historia / Áreas de actividad en unidades domésticas / del Formativo terminal en Tetimpa Puebla / El Valle del Mezquital / Encrucijadas en la historia de los asentamientos / humanos en un espacio discontinuo / La periferia en la continuidad y el colapso / Los asentamientos del periodo Clásico en el / occidente del Valle del Mezquital / El culto al lugar central Posibilidades en torno / a un problema arqueológico / Hualtepec Nonohualcatepec y Cohuatepec / Lecturas a un cerro mítico / Estela 1 o de El Rey del sitio de Dos / Caobas Chiapas / Estudio arqueobiológico de los sedimientos / del subsuelo en el edificio Real Seminario / de Minas 1772 México D.F. / Nacionalismo y arqueología / del Viejo al Nuevo Mundo / Tendencias teóricas / en la arqueología europea / Noticias Reseñas R / Noticias de reuniones,https://lh3.googleusercontent.com/pw/AP1GczMyz_WOwYdp8ph4Z8t_w3iQAhydZ9Yhbl6mmZhKFgbeFdq6rStrqH2IeOIs30zNLxjtZESgRej7E4vcvRfQDfRlrtreZuM4MMTNZxEszicBwhFBTgA
rotadas/caja-4/011_AP1GczMyxl.jpg,REVISTA DE LA COORDINACIÓN NACIONAL DE ARQUEOLOGIA,Caja #4,caja-4,011_AP1GczMyxl.jpg,0,98.2,REVISTA DE LA COORDINACIÓN NACIONAL DE ARQUEOLOGIA / ARQUEOLOGÍA SEGUNDA ÉPOCA SEPTIEMBRE DE 2017 / 54 prehispánicos Patrón en de del la asentamientos río cuenca Baluarte baja / Cosmogonía compartida en la costa / sinaloense y el valle de Guadiana / Paisaje ritual en el valle / de Unión de Tula / Revisión de la interacción / Aztatlán Chalchihuites / Arqueología y paisaje sagrado / en Atla y Xolotla Pahuatlán / Sierra Norte de Puebla / Los popoloca un solo pueblo / El Museo Comunitario / de Tenochtitlán / Representaciones zoomorfas en la / cerámica Yestla Naranjo de Guerrero / Contaminación multielemental / de metales pesados a finales del / Clásico en la Sierra Gorda / Resolución acústica en edificaciones / de Yucatán y Chiapas / Estudios arqueoastronómicos / en El Castillo de Chichén Itzá,https://lh3.googleusercontent.com/pw/AP1GczMyxlvgpIY2LqdS6XAujJiVpeyosFOpZEvyoJGbssK6NLLAZpIWSvgfQI4tQiXMkgPFXEQRpQE8m1WXkC3pOiGVDCU42F44VvAlLJssC6JTLkqt6B4
rotadas/caja-4/012_AP1GczPZZ6.jpg,ARQUEOLOGIA,Caja #4,caja-4,012_AP1GczPZZ6.jpg,0,95.4,ARQUEOLOGIA / Revista de la Coordinación Nacional de Arqueología del Instituto Nacional de Antropología e Historia Segunda época / Los artefactos multiperforados de ilmenita en San Lorenzo / La Yerbabuena Veracruz un monumento olmeca / en la región de Pico de Orizaba / Llano del Jícaro Un taller de monumentos olmeca / Xochitécatl Tlaxcala en el periodo Formativo 800 a.C. 100 d.C. / Los cuatro tiempos de la tradición Chupícuaro / Análisis de objetos de concha de Rancho Ina Quintana Roo / Investigaciones arqueológicas en El Japón / sitio chinampero en Xochimilco / El Japón Xochimilco análisis arqueozoológico / de un sitio en la época de la Conquista / Algunos artefactos cerámicos de Tlatilco Estado de México / Entrevista a Colin Renfrew / José Luis Lorenzo Bautista 1921-1996 / 16 / JULIO DICIEMBRE 1996,https://lh3.googleusercontent.com/pw/AP1GczPZZ60SSEjXuTKq1T23K-9k0Y7pVFuPTpS0NPtSkek06Hiu5SemWLmIRZU-cC1AY8ePAhHvUBtlJOXmukw0gUd-AjSWr12OneAljcQOlW4Ps7WKz1w
rotadas/caja-4/013_AP1GczPg9B.jpg,ARQUEOLOGIA,Caja #4,caja-4,013_AP1GczPg9B.jpg,0,97.2,ARQUEOLOGIA / Revista de la Coordinación Nacional de Arqueología del Instituto Nacional de Antropología e Historia Segunda época / Filo Bobos / Áreas culturales de la costa del Golfo durante el Postclásico / Introducción a la alfarería del Postclásico en La Mixtequilla sur centro de Veracruz / La cerámica del Clásico tardío y el Postclásico en la sierra de los Tuxtlas / Tipología y arqueometría de la cerámica de Tajín Veracruz / La cerámica arqueológica de Serafín Veracruz / La cerámica arqueológica de Vega de la Peña Veracruz / La cerámica postclásica de la cuenca baja del Jamapa Cotaxtla / La cerámica de Loma Iguana Veracruz / Cerámica de Zempoala Veracruz / Cholula y su cerámica postclásica algunas perspectivas / La cerámica Lisa cholulteca / Iconografía de las copas policromas cholultecas / 13-14 / ENERO DICIEMBRE 1995,https://lh3.googleusercontent.com/pw/AP1GczPg9BkbGoemISDBesyxjPSJgg679rH5JFPUX--MRpGFrE6HaUpGlMpNyvzADLDx2z5HfmVrGbjpPHrzWld05UF01mitSTIFhHkPPFvYc509WrlW0q8
rotadas/caja-4/014_AP1GczP1sS.jpg,ARQUEOLOGIA,Caja #4,caja-4,014_AP1GczP1sS.jpg,0,96.7,ARQUEOLOGIA / Revista de la Coordinación Nacional de Arqueología del Instituto Nacional de Antropología e Historia Segunda época / FARM / BALLERY / Identificación y análisis de restos animales procedentes de excavaciones en San Luis Potosí / Un sistema de enterramiento con ofrendas múltiples de la región central de Veracruz / El agua la tierra el bosque y el hombre en el Alto Lerma / Cuetlajuchitlan / Arqueobotánica de Corral de Piedra San Cristóbal de las Casas Chiapas / Investigaciones en Punta Venado y La Rosita Quintana Roo / Los derechos de agua de Tlatelolco durante los siglos XV y XVI / Revisión de la arqueología de la ciudad de México / Sitios arqueológicos del área oriental de la Cuenca de México / Estructura prehispánica en un patio mariano de Palacio Nacional / Arqueología del Eje Central de la ciudad de México / 11-12 / ENERO DICIEMBRE 1994,https://lh3.googleusercontent.com/pw/AP1GczP1sS-D4oYwFSDapVMYF0WYdj9RTcYNfc0WryMkHlScLou0lJjQiepPnbdvIc-CFDMeKcRmvnv4RVapkgVTuieE6jqEP9H0bpVVH5_1ogElbQAsqtY
rotadas/caja-4/015_AP1GczMAQc.jpg,ARQUEOLOGIA,Caja #4,caja-4,015_AP1GczMAQc.jpg,0,96.0,ARQUEOLOGIA / Revista de la Coordinación Nacional de Arqueología del Instituto Nacional de Antropología e Historia Segunda época / Esquema crono cultural del poblamiento prehistórico de las sierras centrales de la península / de Baja California / Peces asociados a una investigación arqueológica en Sonora / Las investigaciones arqueológicas en El Sabinito municipio de Soto la Marina Tamaulipas / Rescate y consolidación de la zona arqueológica de Las Flores en Tampico Tamaulipas / La cronología de El Opeño Michoacán nuevos fechamientos por radio carbono / Cerámica de la región Atotonilco Arandas Altos de Jalisco / El problema cronológico del Tajín / Dos sitios preclásicos en la Selva Lacandona Chiapas / Estudio de moluscos encontrados en contextos arqueológicos en Lacamtún y Lobol Chiapas / Reflexiones sobre las relaciones entre Chichén Itzá sus vecinos peninsulares y Tula / Una secuencia dinástica tolteca / 9-10 / ENERO DICIEMBRE 1993,https://lh3.googleusercontent.com/pw/AP1GczMAQcDCYO7NLCiDhJTHDXjwdmax0CvoROiDPj9V-O-X-O45S3aP7R23Sv730nZVdCH1B9wKDqpacq4-UarfJxDORG3tUlBA00yVMcdyA9GPPQk5NKs
rotadas/caja-4/016_AP1GczPrd9.jpg,ARQUEOLOGIA,Caja #4,caja-4,016_AP1GczPrd9.jpg,0,97.5,ARQUEOLOGIA / Revista de la Coordinación Nacional de Arqueología del Instituto Nacional de Antropología e Historia Segunda época / Estelas celtiformes un nuevo tipo de estructura olmeca / y sus implicaciones para los epigrafistas / Un desciframiento de la escritura jeroglífica epi olmeca / métodos y resultados / Lírica maya de la antigüedad / Profecía del sacerdote / Sacerdotes astrónomos mayas / Textos triunfales mayas / La Tumba 5 del Cerro de la Campana Suchilquitongo Oaxaca / un análisis epigráfico / Yucatán y el imperio tolteca / La restauración de monumentos arqueológicos / El caso del Adivino de Uxmal / Las ocupaciones del inmueble de Guatemala núm 90 / Legislación sobre arqueología subacuática / 8 / JULIO DICIEMBRE 1992,https://lh3.googleusercontent.com/pw/AP1GczPrd96dMI0S3GI8NuCfMPVejDtBvhHcsBOgoXCrdir8h1JGBz7wc1x0qgZmxBbTzLk_s-xEXWf7dzC8eh5yug2PxLYbDHyeX9rSW0GBrHvXXQ3lRTs
rotadas/caja-4/017_AP1GczMO_I.jpg,ARQUEOLOGIA,Caja #4,caja-4,017_AP1GczMO_I.jpg,0,97.5,ARQUEOLOGIA / Revista de la Dirección de Arqueología del Instituto Nacional de Antropología e Historia Segunda época / Análisis de materiales Fernando botánico Sánchez arqueológicos Martínez Jesús de la Ignacio Cueva Mora Santa Echeverría Marta Baja California Sur / La Cultura Mezcala su en caracterización la Organera Xochipala preliminar Guerrero a través del análisis cerámico / Rosa Ma Reyna Robles / Análisis del material arqueozoológico Norma Valentín procedente Maldonado de San Luis La Loma Guerrero / Algunos aspectos del Clásico en el centro norte de Michoacán / Briggitte Faugère Kalfon / Los artefactos Francisca metálicos Franco de Velázquez Tzintzuntzan Rubén Michoacán Cabrera Luis su deterioro Torres Montes y tratamiento / Patrones fronterizos de los reinos mayas Olivier del de Montmollin Clásico en los altos tributarios del río Grijalva / El mural de la Luis Casa Alberto Azul Martos Rancho López Ina Quintana Roo / La extracción y talla de cantera en Mitla Nelly Oaxaca M. Robles Tecnología Garcia para la arquitectura monumental / 7 / ENERO JUNIO / 1992,https://lh3.googleusercontent.com/pw/AP1GczMO_IIHViUzE-19IgiQ_MMR7mweFRFq0IYhMRdrTh2brurRIGJztG3AaEbjh8ugY4_0HruRVneuwpRadPmLgKDMXal7_qNtSMQ9SX6fQLXUmGqCHPg
rotadas/caja-4/018_AP1GczPIGu.jpg,ARQUEOLOGÍA 18,Caja #4,caja-4,018_AP1GczPIGu.jpg,0,97.0,ARQUEOLOGÍA 18 / SEGUNDA ÉPOCA JULIO DICIEMBRE 1997 / Revista de la Coordinación Nacional de Arqueología del Instituto Nacional de Antropología e Historia / Nuevos datos acerca de la estratigrafía / de Cuicuilco / Una ofrenda cerámica al este de la antigua / ciudad de Teotihuacan / Restauración de la ofrenda cerámica teotihuacana / Reconocimiento arqueológico en el sureste / de Campeche / Las esculturas estucadas de Chakanbakán / Costumbres funerarias y sociedad del Clásico / tardío en la cuenca de Zacapu Michoacán / Xochitécatl Cacaxtla en el periodo / Epiclásico 650-950 d.C. / El noreste de Morelos y la desestabilización / teotihuacana / La actividad ritual a nivel de barrio el momoztli / de Palma y Venustiano Carranza / Un xicolli miniatura de la cueva / de Atzcala Guerrero / Reseñas / Noticias,https://lh3.googleusercontent.com/pw/AP1GczPIGurphJ_a0gKH1PzJpjZC2j4j5_JgZ3fJi_-Niay8MRKg_P3TXS-voj2lh7uibCKzcWcJ40AagFhsS8vkFiIyGC82LWMKxEVr4F-XYXW4qoM7xWA
rotadas/caja-4/019_AP1GczN07F.jpg,ARQUEOLOGÍA 17,Caja #4,caja-4,019_AP1GczN07F.jpg,0,97.0,ARQUEOLOGÍA 17 / SEGUNDA ÉPOCA ENERO JUNIO 1997 / Revista de la Coordinación Nacional de Arqueología del Instituto Nacional de Antropología e Historia / El final de la gran aventura / el ocaso de un recurso cultural / Reflexiones sobre la conservación / de colecciones arqueológicas / Investigaciones arqueológicas en el norte / de Baja California San Quintín El Rosario / Cerro de Trincheras un sitio arqueológico / en el noroeste de Sonora / Análisis de restos de vertebrados / terrestres Machomoncobe 1 / Huatabampo Sonora México / Acerca de pirámides de tierra y seres / sobrenaturales observaciones preliminares / en torno al Edificio C 1 La Venta Tabasco / Centro ceremonial Cañada de la Virgen / Guanajuato arquitectura de la cultura / híbrida Tolteca Chichimeca / Figurillas de Tlatelolco / El ajuste periódico del calendario / mesoamericano algunos comentarios / desde la arqueología y la etnohistoria / Diez años de Arqueología / 1987-1996,https://lh3.googleusercontent.com/pw/AP1GczN07FMB2eXVXxwqVGJRHfGKWzownKriKFrhel0eKSKRYHkoj-1paZlYOf8crLDAkdXgY73X24f1mY4n7to2z4R6XyTqhoa9XamQrnc_xhPt5cweV9A
rotadas/caja-4/020_AP1GczMC0e.jpg,ARQUEOLOGÍA 19,Caja #4,caja-4,020_AP1GczMC0e.jpg,0,97.7,ARQUEOLOGÍA 19 / SEGUNDA ÉPOCA ENERO JUNIO 1998 / Revista de la Coordinación Nacional de Arqueología del Instituto Nacional de Antropologia e Historia / La arqueología y el ADN / Evidencias de poblamiento prehistórico en el área / de Metzquititlán Hidalgo / El yacimiento de obsidiana Valle del Azufre / Baja California Sur / Herencias chichimecas / Las cuevas del Gallo y de la Chagüera Inventario / arqueobotánico e inferencias / Las tumbas de tiro del occidente de México Su / distribución geográfica y sus formas arquitectónicas / Ofrenda en el Templo Mayor de México Tlatelolco / Quetzalcoatl de Tollan / Arqueología del género en la arqueología / europea reflexiones y propuestas / Noticias / Noticias de reuniones,https://lh3.googleusercontent.com/pw/AP1GczMC0exPb--zAGquXcsU_Gz-pySuVrA1_tWHMYuKRo3HViLy7AYHGhxUvmlDXioxnrdHn3_zinRVkbtlzx6cSAgH65SeuEhwOaO7AugpVvj6f_U2PoQ
rotadas/caja-4/021_AP1GczOxny.jpg,ARQUEOLOGÍA 18,Caja #4,caja-4,021_AP1GczOxny.jpg,0,97.1,ARQUEOLOGÍA 18 / SEGUNDA ÉPOCA JULIO DICIEMBRE 1997 / Revista de la Coordinación Nacional de Arqueología del Instituto Nacional de Antropología e Historia / Nuevos datos acerca de la estratigrafía / de Cuicuilco / Una ofrenda cerámica al este de la antigua / ciudad de Teotihuacan / Restauración de la ofrenda cerámica teotihuacana / Reconocimiento arqueológico en el sureste / de Campeche / Las esculturas estucadas de Chakanbakán / Costumbres funerarias y sociedad del Clásico / tardío en la cuenca de Zacapu Michoacán / Xochitécatl Cacaxtla en el periodo / Epiclásico 650-950 d.C. / El noreste de Morelos y la desestabilización / teotihuacana / La actividad ritual a nivel de barrio el momoztli / de Palma y Venustiano Carranza / Un xicolli miniatura de la cueva / de Atzcala Guerrero / Reseñas / Noticias,https://lh3.googleusercontent.com/pw/AP1GczOxnyf47oedOog3qq5Rslr0wcd8fMjb3aKdVpdoioVEHzKpSOiW-eyiBcjYj8Yg5AvVbQzYa_wmieKb7ZrgREypZjTd84vkh5a1smFVzhuNmIbp0Bk
rotadas/caja-4/022_AP1GczNyiT.jpg,ARQUEOLOGÍA,Caja #4,caja-4,022_AP1GczNyiT.jpg,0,96.1,SEGUNDA ÉPOCA SEPTIEMBRE DICIEMBRE 2004 / ARQUEOLOGÍA / 34 de Balché La arquitectura registro Campeche y conservación Pucc labores Clásica de / Hallazgos recientes en el sitio / Medias Aguas sur de Veracruz / El Cerro de la Estrella / unidades políticas de la cuenca de / México periféricas a Teotihuacan / y la transición al Epiclásico / Ubicación descripción y análisis / de los juegos de pelota / en Cantona Puebla / Interacción y cambio entre / los cacicazgos de la Costa Grande / de Guerrero / Color negro en dientes de / Tlatelolco D. F su caracterización / Crónica de la ocupación del / predio sede de la Secretaría de / Educación Pública siglos XVI XX / Aproximación al uso / de los conceptos signo estilo / INSTITUTO NACIONAL DE ANTROPOLOGÍA E HISTORIA carácter y tipo en arqueología,https://lh3.googleusercontent.com/pw/AP1GczNyiTL9NlkCP4bJY5u1CH-2guzFspqzwYMsuoVSwtwgfihdWqBcvCjb9FOXu8l3jnLNl_PgXOmyH8vWHqQzwIDvupdST-bBMAPwBIBn99yhaeDNcaI
rotadas/caja-4/023_AP1GczMoIa.jpg,ARQUEOLOGÍA,Caja #4,caja-4,023_AP1GczMoIa.jpg,0,95.6,SEGUNDA CA ENEROAB ABRIL 200 / ARQUEOLOGÍA / 29 del Arcaico Sonora de y aldeas del precerámica surgimiento agrícolas / El pasado del pasado / Artefacto prehistórico en una / tumba de El Opeño Michoacán / Salvamento arqueológico / en dos carreteras de Michoacán / Comercio durante el Posclásico / de la cerámica decorada / Malinalco Toluca / Guerrero y Morelos / Cerro de los Magueyes / un centro funerario para / matlatzincas y mexicas / durante el Posclásico tardío / Entierro en decúbito ventral / flexionado en Balcón de / Montezuma Victoria / Tamaulipas / Algunas consideraciones / sobre la cerámica Huasteca / Negro sobre Blanco / Cartografia antigua y sitios / arqueológicos en la región / de Reyes Metzontla / sureste de Puebla,https://lh3.googleusercontent.com/pw/AP1GczMoIa1eYmJLH6QbrrRqc80jlFTaA7gV7W_i54hPjV1yUySR7NlMiK47fJlycnIRcvcncICbMt-zmKMDIimQswFGB247gTra5tB5wqOEjlh4pc8gYcI
rotadas/caja-4/024_AP1GczPdmv.jpg,ARQUEOLOGÍA 19,Caja #4,caja-4,024_AP1GczPdmv.jpg,0,98.2,ARQUEOLOGÍA 19 / SEGUNDA ÉPOCA ENERO JUNIO 1998 / Revista de la Coordinación Nacional de Arqueología del Instituto Nacional de Antropología e Historia / La arqueología y el ADN / Evidencias de poblamiento prehistórico en el área / de Metzquititlán Hidalgo / El yacimiento de obsidiana Valle del Azufre / Baja California Sur / Herencias chichimecas / Las cuevas del Gallo y de la Chagüera Inventario / arqueobotánico e inferencias / Las tumbas de tiro del occidente de México Su / distribución geográfica y sus formas arquitectónicas / Ofrenda en el Templo Mayor de México Tlatelolco / Quetzalcoatl de Tollan / Arqueología del género en la arqueología / europea reflexiones y propuestas / Noticias / Noticias de reuniones,https://lh3.googleusercontent.com/pw/AP1GczPdmvq4VKgyLIwJmO4lXkgvGmWqN1xlV45ySrdnW07CZzkAXsRJK_waPXyM-wAjcQvt4M2du-gZXws0geYpUxKKQq5oIWvQxa9n5AOPO_x7AE3GIkc
rotadas/caja-4/025_AP1GczNihN.jpg,ARQUEOLOGÍA,Caja #4,caja-4,025_AP1GczNihN.jpg,0,96.2,SEGUNDA ÉPOCA ENERO JUNIO 2002 / ARQUEOLOGÍA / La Chontalpa tierra de nadie / 27 o Los cuna peces de la del civilización sitio arqueológico maya / Altamirano Veracruz / Estilos escultóricos prehispánicos / de la Costa Grande de Guerrero / De Pátzcuaro a Uruapan o de / cómo nos topamos con lo tarasco / El Canal de Lerdo Acequia de los / toltecas y la Calzada de Tacuba / Cartografia de sitios mencionados / en fuentes históricas del área / del Valle de Tehuacán Puebla / Los nonoualca chichimeca / y el señorío de Teouacan / Las provincias tributarias del / imperio mexica localizadas al sur / de Puebla y norte de Oaxaca / El señorío de Tepexic de la Seda / después de la conquista española / Muerte de fray Antonio Margil / de Jesús La misma nada / Había gigantes en aquellos días / Richard Stockton MacNeish / 1918-2001,https://lh3.googleusercontent.com/pw/AP1GczNihN80dHh8AwbzfNxeQogqHAaJvcKDsvMWeMkpxeZdMGDUThI2LFfMVOK-uXKgbgbJAMM-OCCq_S-PqquvRdSSy5D2pApBAQYckV8gIgb5msKpdRk
rotadas/caja-4/026_AP1GczP0XR.jpg,ARQUEOLOGÍA 25,Caja #4,caja-4,026_AP1GczP0XR.jpg,0,97.5,Revista de la Coordinación Nacional de Arqueología del INAH / ARQUEOLOGÍA 25 / SEGUNDA ÉPOCA ENERO JUNIO 2001 / De piedra ha de ser la cama / Las tumbas en el Formativo de Puebla Tlaxcala y la / Cuenca de México a partir de la evidencia de Tetimpa / Puebla / Una comparación entre la fase Perales en el noreste de / Michoacán y la fase Lerma en Acámbaro Guanajuato / El maguey y el pulque en Teotihuacan representación / y simbolismo / Escultura teotihuacana de la diosa Toci en la Sala Mexica / del Museo Nacional de Antropología / Actividades rituales en Xochitécatl Cacaxtla Tlaxcala / Rancho Uaymitún un sitio histórico en la costa norte de / Yucatán / La relación hombre ave en el siglo XVI Crónicas / y arqueozoología en el centro de México / Acerca de la gran ceramoteca que la Arqueología / mexicana se merece / Arqueobotánica de El Tetzcotzinco / Noticias / Reseñas,https://lh3.googleusercontent.com/pw/AP1GczP0XRoKKG5CQvASdBKDT9gUSgpnO5W5JrR6G0CcSyyZvXY9K-PSCEShGC4Cn3q9nYz7vUDEXaz9P0cJCo4DtSGqmilf0e9Hs-a8XHQ3SeaLyvb9cCk
rotadas/caja-4/027_AP1GczMEHF.jpg,ARQUEOLOGÍA 22,Caja #4,caja-4,027_AP1GczMEHF.jpg,0,97.9,ARQUEOLOGÍA 22 / SEGUNDA ÉPOCA JULIO DICIEMBRE 1999 / Revista de la Coordinación Nacional de Arqueología del Instituto Nacional de Antropología e Historia / Figura pintada sobre piso en La Ventilla / Teotihuacan / Monumentos grabados y nombres calendáricos los antiguos / gobernantes de Río Viejo Oaxaca / Exploraciones en San Juan el Alto municipio / de Pénjamo Guanajuato / Un taller de alfareros en la antigua ciudad de Tula / Colección arqueozoológica de perros del sitio Chac Mool / Punta Pájaros Quintana Roo / Los restos de serpientes de la Ofrenda R del Templo Mayor / de Tenochtitlan / La Ofrenda 23 del Templo Mayor de Tenochtitlan / vista a través de los restos de peces / El uso de las fuentes históricas en arqueozoología El caso / de la identificación de aves / Atavíos identificables en el arte rupestre del norte centro / Noticias / Informes del Archivo Técnico / Noticias de reuniones,https://lh3.googleusercontent.com/pw/AP1GczMEHFz783EoU9edbbby7ZM3Wma5Zr8-PQw3x2Rpg0sgsedTPNMCETo9EMZ6NVUb0gbtDsBn0xgXFCaJGEjFKz6WsxLfpwdHewRflmf1EXk5Bo5VWwg
rotadas/caja-4/028_AP1GczPUGm.jpg,ARQUEOLOGÍA 21,Caja #4,caja-4,028_AP1GczPUGm.jpg,0,97.4,ARQUEOLOGÍA 21 / SEGUNDA ÉPOCA ENERO JUNIO 1999 / Revista de la Coordinación Nacional de Arqueología del Instituto Nacional de Antropología e Historia / Rescate municipio de de un Taxco mastodonte de Alarcón en San Guerrero Juan Unión / Hallazgo de un mamut en Toluca Estado de México / El Proyecto Arqueológico de la Pirámide de la Luna / Paleodieta en Dzibanché y Kohunlich diferencias / y tendencias preliminares / Huapalcalco y las tradiciones alfareras del Epiclásico / Alineamientos astronómicos en el Templo Mayor / de Tenochtitlan / El radar de penetración terrestre georadar una / herramienta para la prospección arqueológica / Notas astronómicas al calendario mesoamericano / El fin de la historia Arqueología y museos en un / mundo globalizado / Noticias / Informes del Archivo Técnico / Noticias de reuniones / Reseñas,https://lh3.googleusercontent.com/pw/AP1GczPUGmv-l2IJ8TI4faAwDPYkUXducUYmLZzwLyM0-Z_n0aTi0-uQgGCfV2rug8IsA0bRweZhirxgSXjBBEEcxdel7j4-JwgUbO9OlCRyAWPrkEhtpk8
rotadas/caja-4/029_AP1GczMt-E.jpg,Pueblos Mágicos,Caja #4,caja-4,029_AP1GczMt-E.jpg,0,97.9,Enero Año 1 Andones No. Marzo 8 2017 / Pueblos Mágicos / H / 5 íconos emblemáticos EDICIÓN ESPECIAL / en Guanajuato 100 AÑOS / DELA / CONSTITUCIÓN POLITICA / DE MÉXICO / 1917-9017,https://lh3.googleusercontent.com/pw/AP1GczMt-EHSo0uATh2HUTYoYOjVtEGvKrj7TbxqtGfRho8NVyZepN8T9dVbp3Uei5brjmXo05kd9fzbJZ5V4Mh_lXyKDi8T91UJh0M_H30qVGBX4u9yLoM
rotadas/caja-4/030_AP1GczNMRx.jpg,MICHOACAN,Caja #4,caja-4,030_AP1GczNMRx.jpg,0,99.1,Génesis culturas y espacios en / MICHOACAN / T / W / Véronique Darras / coordinación,https://lh3.googleusercontent.com/pw/AP1GczNMRxtqM3V0aofzGE8LSZY6hBbL2q8tIOg-OhZGC74WSrpWO45EnDNSDPCfPqHe2Nw05bBLd-RLgcq9G-eIQwEibI4Bf0U_JkmbCmICnM_UT6eZ0Sw
rotadas/caja-4/031_AP1GczM4NA.jpg,C UADERNOS DE ESTUDIOS MICHOACANOS M,Caja #4,caja-4,031_AP1GczM4NA.jpg,0,97.9,C UADERNOS DE ESTUDIOS MICHOACANOS M / 5 / ARQUEOLOGÍA DE LAS LOMAS / EN LA CUENCA LACUSTRE / DE ZACAPU MICHOACÁN / MEXICO / CHARLOTTE ARNAULD / PATRICIA CAROT / MARIE FRANCE / FAUVET BERTHELOT,https://lh3.googleusercontent.com/pw/AP1GczM4NAuCceVFd0u0V8PhH6h8Xumi7DERzV6EVmZ362RoI4NasYyFVlSifEbSvqka3g5xEu9pV6tiEaill2mGWluDjfyXDyiEZ5KaKPRJIRURs4822us
rotadas/caja-4/032_AP1GczPiUj.jpg,MUSEO NACIONAL DE ANTROPOLOGIA,Caja #4,caja-4,032_AP1GczPiUj.jpg,0,99.1,MUSEO NACIONAL DE ANTROPOLOGIA / EL PRECLASICO O FORMATIVO / AVANCES Y PERSPECTIVAS / SEMINARIO DE ARQUEOLOGIA / DR ROMAN PIÑA CHAN / MARTHA CARMONA MACIAS / COORDINADORA / INSTITUTO NACIONAL DE ANTROPOLOGIA E HISTORIA,https://lh3.googleusercontent.com/pw/AP1GczPiUjLdyBPVIfTy6cWZkOxPtdUTf8vkc9c2-2HOyF-YCZdptHTgHZQkL1Qj6wi_4L1Y35RDQIWdeTh3vyRynwVEojs3uxQddB5973svRn5FDnLNkqk
rotadas/caja-4/033_AP1GczPHZe.jpg,ARQUEOLOGIA,Caja #4,caja-4,033_AP1GczPHZe.jpg,0,98.0,ARQUEOLOGIA / Revista de la Dirección de Arqueología del Instituto Nacional de Antropología e Historia Segunda época / Fechamientos por radiocarbono en Teotihuacan / Evelyn Childs Rattray / El proyecto Templo de Quetzalcoatl / Rubén Cabrera Castro y Oralia Cabrera / El entierro central de la Pirámide de la Serpiente Emplumada / Saburo Sugiyama / Excavaciones en el Frente B y otros materiales / del análisis de la cerámica / George L. Cowgill y Oralia Cabrera / Los entierros del Templo de Quetzalcoatl / Carlos Serrano Sánchez Martha Pimienta Merlín y / Alfonso Gallardo Velázquez / Sacrificio de niños / Ana María Jarquín Pacheco y Enrique Martínez Vargas / Itzepec Itzteyoca e Itztla / Alejandro Pastrana / Trabajos de exploración y conservación en Tlatelolco / Jorge Angulo V. / 6 / JULIO DICIEMBRE / 1991,https://lh3.googleusercontent.com/pw/AP1GczPHZeVwJE23QjHURTTOkAq8Xvd9UrK7A5W4W6FeYcJ8Z3aeVJqdPSRcoy2CnCOkb2K2oysCztSvhc9vFHDxfLXJrCDq6w_zoTkL_35GO3845RRWSKY
rotadas/caja-4/034_AP1GczPxNv.jpg,ARQUEOLOGIA,Caja #4,caja-4,034_AP1GczPxNv.jpg,0,97.7,ARQUEOLOGIA / Revista de la Dirección de Arqueología del Instituto Nacional de Antropologia e Historia Segunda época / Medio milenio después de la conquista / Marie Areti Hers / Principales yacimientos de obsidiana en el Altiplano Central / Robert H. Cobean / Los grandes murales de Baja California Sur / Ramón Viñas y Enrique Hambleton / Área de contacto entre nómadas y sedentarios / Monika Tesch / El estilo Mezcala en contexto / Louise Iseult Paradis / Cuicuilco y la arqueologia del Pedregal / Carlos Navarrete / Tres maquetas prehispánicas / Eduardo Merlo / Aspectos de la navegación maya / Maria Eugenia Romero Rivera / La tecnologia de navajillas prismáticas / Gianfranco Cassiano / Para la historia de la arqueologia mexicana / Julio César Olivé Negrete / 5 / ENERO JUNIO / 1991,https://lh3.googleusercontent.com/pw/AP1GczPxNvJhOh9iVVE_i-YLvmEhipMqX52h_ESdQO6h3SU6ABzMSLZ3P5bm2CUcDquH3KttcL67GnwTs_9OQX_fkptBcY0gi0Nc6m7w6YZG-s60FdwR8rQ
rotadas/caja-4/035_AP1GczPzt1.jpg,ARQUEOLOGIA,Caja #4,caja-4,035_AP1GczPzt1.jpg,0,97.5,ARQUEOLOGIA / Revista de la Dirección de Arqueologia del Instituto Nacional de Antropología e Historia Segunda época / Arqueología de cuencas lacustres / El impacto humano en Guanajuato y Michoacán / Sara Elizabeth Metcalfe Roy Bernard Brown et al / Sobre los orígenes americanos / José Luis Lorenzo / Oyapa evidencias de poblamiento temprano / Gianfranco Cassiano y Alberto Vázquez C. / Casas acantilado en Chihuahua / David Pearson y Fernando Sánchez Martínez / Una tumba troncocónica en Guerrero Nuevo hallazgo en Chilpancingo / Guadalupe Martínez Donjuán / Reconocimiento en La Mixtequilla sur central de Veracruz / Barbara L. Stark y Pamela Showalter / Prácticas rituales en el norte de Mesoamérica / Evidencia en Electra Villa de Reyes San Luis Potosí / Carmen Maria Pijoan Aguadé y Josefina Mansilla Lory / Primeras expediciones a las ruinas de Palenque / María de la Cruz Paillés Hernández y Rosalba Nieto Calleja / 4 / JULIO DICIEMBRE / 1990,https://lh3.googleusercontent.com/pw/AP1GczPzt1p5-X3s7ij0P6C3NlihSVX5oAswCO0jqK7jAfscOFcaecjW0biDZRXO0cPJlQ4W0eyeMo3Qz-UKPwagxV_VE9dPG_nvHOi9odk0whz5HLED1M8
rotadas/caja-4/036_AP1GczO4VA.jpg,ARQUEOLOGIA,Caja #4,caja-4,036_AP1GczO4VA.jpg,0,96.4,ARQUEOLOGIA / Revista de la Dirección de Arqueología del Instituto Nacional de Antropología e Historia Segunda época / Geomorfología de la región de La Venta Tabasco un sistema / fluvio lagunar costero del cuaternario / Excavaciones en la Estructura D 7 en La Venta Tabasco / Análisis preliminar de la industria de la lítica tallada / de La Venta Tabasco / Revisión del fenómeno olmeca / Figurillas femeninas del Preclásico en Chalcatzingo / Olmecas olmequismo y olmequización en Mesoamérica / Un nuevo complejo de escultura en la planicie costera de Chiapas / La Blanca y el Preclásico Medio en la Costa del Pacífico / Escultura olmeca y maya sobre canto en Abaj Takalik / su desarrollo e importancia / La estructura del sistema representacional olmeca / Las cabezas colosales olmecas como altares reesculpidos / mutilación revolución y reesculpido / 3 / ENERO JUNIO / 1990,https://lh3.googleusercontent.com/pw/AP1GczO4VAV0zOb6GfNH8lqgsVRT8x961V6Q-JyNAPLEHsleiSDlH7-Qp76_M1GbptLnNgUwiA0O5DdBZfvsxXScGTOVx1jrcgFGbBIL6xknfSwV0AP-OKc
rotadas/caja-4/037_AP1GczPUhD.jpg,ARQUEOLOGIA,Caja #4,caja-4,037_AP1GczPUhD.jpg,0,97.7,ARQUEOLOGIA / Revista de la Dirección de Arqueología del Instituto Nacional de Antropología e Historia Segunda época / La prehistoria en México y Centroamérica / Francois Rodriguez Loubet / Mirador Plumajillo Chiapas y sus relaciones con cuatro sitios / del horizonte olmeca en Veracruz Chiapas y la costa de Guatemala / Pierre Agrinier / Nuevo testimonio rupestre olmeca en el oriente de Guerrero / Samuel L. Villela F / Una interpretación sobre el significado y función de la Estructura II / de Hormiguero Campeche / Luis Alberto Martos López / Una genealogía zapoteca prehispánica / Javier Urcid y Marcus Winter / Una etnografía arqueológica de la producción tradicional de sal / en Nexquipayac Estado de México / Jeffrey R. Parsons / La producción de sal en un sitio del Postclásico Tardío / Ma de Jesús Sánchez Vázquez / 2 / JULIO DICIEMBRE / 1989,https://lh3.googleusercontent.com/pw/AP1GczPUhDyeUQQxcBZrp78qL8mESCAwUJw0FZ5cQqWanPNodV2-9CjQ--9sCba6GtX0vxNx98seG_NK2y4Rx9AM-uiTPzdpqZSt2c2jBkOrmG0BTYbBLzI
rotadas/caja-4/038_AP1GczMvAv.jpg,ARQUEOLOGIA,Caja #4,caja-4,038_AP1GczMvAv.jpg,0,95.4,ARQUEOLOGIA / Revista de la Dirección de Arqueologia del instituto Nacional de Antropologia e Historia Segunda época / Pintura rupestre en la región de Cuauhtochco Veracruz / Omar Ruiz Gordillo / Hallazgos Rosa funerarios Ma Reyna de la Robles época y olmeca Guadalupe en Chilpancingo Martinez Donjuan Guerrero / Proyecto Manati 1989 / Ponciano Ortiz y Ma del Carmen Rodriguez / Dos esculturas olmecolides en Tlaxcala / Rosalba Delgadillo Torres y Andrés Santana Sandoval / Basureros del Formativo Tardio en Don Martin Chiapas / Alejandro Martinez Muriel / Las calzadas prehispánicas de la lala de México / Margarita Algunas consideraciones Carballal Staedtler acerca y Maria de Flores sus funciones Hernández / Luis Un Alberto juego Martos de pelota López en y la Salvador ciudad de Pulido México Méndez / Nuevas perspectivas sobre las William migraciones R. Fowler de los pipiles y los nicaraos / Oscilación de la frontera norte mesoamericana un nuevo ensayo / Beatriz Braniff / ENERO JUNIO / 1989,https://lh3.googleusercontent.com/pw/AP1GczMvAvGKu1TwEm0p815f2c2Tu-alsfslZCF7V0gWiXMyX55P7n37gpVeop6pqUTHqjs0-ieZcNTckBjL4YNdKwctTqOqXqn0tH_O7jCuVQgknMt3wFE
rotadas/caja-4/039_AP1GczM4mS.jpg,ARQUEOLOGIA,Caja #4,caja-4,039_AP1GczM4mS.jpg,0,96.6,ARQUEOLOGIA / Revista de la Dirección de Arqueología del Instituto Nacional de Antropología e Historia Segunda época / Geomorfología de la región de La Venta Tabasco un sistema / fluvio lagunar costero del cuaternario / Excavaciones en la Estructura D 7 en La Venta Tabasco / Análisis preliminar de la industria de la lítica tallada / de La Venta Tabasco / Revisión del fenómeno olmeca / Figurillas femeninas del Preclásico en Chalcatzingo / Olmecas olmequismo y olmequización en Mesoamérica / Un nuevo complejo de escultura en la planicie costera de Chiapas / La Blanca y el Preclásico Medio en la Costa del Pacifico / Escultura olmeca y maya sobre canto en Abaj Takalik / su desarrollo e importancia / La estructura del sistema representacional olmeca / Las cabezas colosales olmecas como altares reesculpidos / mutilación revolución y reesculpido / 3 / ENERO JUNIO / 1990,https://lh3.googleusercontent.com/pw/AP1GczM4mSJOvgn0U1DMEZOyw6o_uSF9Aa2_O6fjn48Bg1K9PKzkWZW6TEtO-ucWTVCHx1ULTU-N3bHH2bvSVnpVDNACbLYRdcjBBkqHlwPyyAjHgL1WUdA
rotadas/caja-4/040_AP1GczNcGH.jpg,juato,Caja #4,caja-4,040_AP1GczNcGH.jpg,0,99.0,Zonas / arqueoló / gicas / en Guana / juato / Cuatro casos / Plazuelas Cañada de la Virgen / Peralta y El Cóporo,https://lh3.googleusercontent.com/pw/AP1GczNcGH4qgFS-wIGtQOY9Mx3342JgJy9L6xlJOZljSSmKpfuM4pwtuNmRVVDPp_h1IDtY-648KlwPigHa-7T_-L2lnj9BrpdwFRUwdSJWiRxTMOxbeSA
rotadas/caja-5/001_AP1GczM_HK.jpg,TRACE,Caja 5,caja-5,001_AP1GczM_HK.jpg,180,93.9,TRACE / Arqueología / 5 / STUDIOS MEXIC / DE ES CANOS / JUIN 1994 N 25 CENTRO 5 CENTRO Y / SONVOY,https://lh3.googleusercontent.com/pw/AP1GczM_HK5urMDJHBqLIMSLfFKV9usUEqEnWLyu2gaHWXg8LxBqRevLsvkSOgneC-VqkfPq2oasqH1gIZk8pMGvXgyxWSgiB47snoZl4GXQZ2JJ8Zb8MX0
rotadas/caja-5/002_AP1GczNUCl.jpg,PATRIMONIO CULTURAL,Caja 5,caja-5,002_AP1GczNUCl.jpg,180,99.1,Reunión internacional / sobre / PATRIMONIO CULTURAL / POLÍTICA CULTURAL / Y PATRIMONIO / DOCUMENTO DE DISCUSIÓN COLECTIVA,https://lh3.googleusercontent.com/pw/AP1GczNUClgOx2XBElpntdYY0EUNWd2h4VUZda-30GuowpJaomGHNaFbQkBpY5tlPgv3DyFa_6mbS-JgZuCq9a_vONxFIjR2PpJC9_wRjyfPxdSawrfbuiA
rotadas/caja-5/003_AP1GczOopN.jpg,oro vida,Caja 5,caja-5,003_AP1GczOopN.jpg,180,77.9,SERIE PATRIMONIO VIVO 13 / la / oro vida / PATRIMONIO BIOCULTURAL / Y MEGAMINERIA UN RETO MULTIPLE / inversiones negocio desarrollo / vida campesina futuro / Ellos nunca preguntaron Simplemente llegaron / Productores de cacao Cotul Sanchez Ramirez República Dominicana / Paul Hersch Martínez / con la colaboración de Lilián González Chévez / Mariana Solorio Damian y Catalina Sedano Díaz / ACTORES SOCIALES DE LA FLORA MEDICINAL EN MÉXICO / INSTITUTO NACIONAL DE ANTROPOLOGÍA E HISTORIA,https://lh3.googleusercontent.com/pw/AP1GczOopNBIj4LsQhex1HFX-4sAKcVMJjD9uH0sWNjmEHU4S0-qNBPoCRedJBeo5k4Kjn1MIx_WtZ1PraXQjusrd0t6GcF8uLowda8WFmT41B80Ve1RFIs
rotadas/caja-5/004_AP1GczP413.jpg,CORINA RAMÍREZ,Caja 5,caja-5,004_AP1GczP413.jpg,180,96.7,CORINA RAMÍREZ / ESTADOS DEL SER,https://lh3.googleusercontent.com/pw/AP1GczP4136zheDQArEZ_H8mfXjQiRugQCtLVLEMwlkWpX07T9ja1wErcVBgnCZz-_zyuF7A5IvXKfqKHAcVkAL7rydV5p1qDbz-ByhZpb6cgCleEO9D9sw
rotadas/caja-5/005_AP1GczNDwA.jpg,C cuadernos de científica difusión 46,Caja 5,caja-5,005_AP1GczNDwA.jpg,180,93.0,C cuadernos / de científica difusión 46 / GUILLERMO DE LA PEÑA TOPETE / El cambio social en la / región de Guadalajara / notas bibliográficas,https://lh3.googleusercontent.com/pw/AP1GczNDwAY7iNIKHiLiA73WWGgWbom1DwE0jWBty_pjpCwz5Lp_UI-67A9inXLt-WZNhXGbowSC0yLOcJZg9TN-Xd6JsR19WR7pxK2G_n0RRQE0RZslmQQ
rotadas/caja-5/006_AP1GczPSYg.jpg,METODOLOGÍA PARA,Caja 5,caja-5,006_AP1GczPSYg.jpg,180,96.7,PRONNURA / Asociacion Call / METODOLOGÍA PARA / LA DEFINICIÓN DE / LINEA BASE PARA LA / CONSERVACIÓN DE / PROPIEDADES PRIVADAS,https://lh3.googleusercontent.com/pw/AP1GczPSYgqCpzKfbLZDjo2Bzajaquzik_2spzYzr8UZFGelbqeiErfo0wBbC1sfY3SPJ04C2YzBjTEQb7wdqgxNihPIIIN1VpMSM3MDc82wGguoCF6MNHs
rotadas/caja-5/007_AP1GczPwpw.jpg,EL PATRIMONIO CULTURAL NACIONAL SU CONSERVACION Y PROTECCION,Caja 5,caja-5,007_AP1GczPwpw.jpg,180,98.5,258 BA / EL PATRIMONIO CULTURAL / NACIONAL SU CONSERVACION / Y PROTECCION / COLEGIO MEXICANO DE COLEGIO DE ETNOLOGOS Y / ANTROPOLOGOS A.C. ANTROPOLOGOS SOCIALES A.C / México D.F. 1987,https://lh3.googleusercontent.com/pw/AP1GczPwpwP7cwa8uBXYNqp5nygy8-euAwgcFlYtJ8suY25lNfko3jMTO4zC-oP2v-e3xsJBxo2GjsTdsBmDcGmAqWpsviPGVmJR8lW3nfQMQQ-TM1oDd9g
rotadas/caja-5/008_AP1GczNXOF.jpg,cuarta semana de la ciencia y las actividades subacuáticas,Caja 5,caja-5,008_AP1GczNXOF.jpg,180,99.0,cuarta semana / de la ciencia / y las / actividades subacuáticas / del 3 al 6 de junio de 1985 / memoria,https://lh3.googleusercontent.com/pw/AP1GczNXOF8p8fvsqGn6zgAxiqOG6mSEVFVurY8csMVF1h5Q_prWbvWEs7eQTFGXvlpEQlqugcYF8lC3CuCP-9fmMXDr1ixs4NIWN65R-RBYfUstxXn7jwk
rotadas/caja-5/009_AP1GczO7DT.jpg,PROYECTOS ESPECIALES DE ARQUEOLOGÍA,Caja 5,caja-5,009_AP1GczO7DT.jpg,180,96.5,PROYECTOS ESPECIALES / DE ARQUEOLOGÍA / Lore vanatus / Libreta / de / Tránsito / Consejo Nacional para la Cultura y las Artes / Instituto Nacional de Antropología e Historia / Fondo Nacional Arqueológico,https://lh3.googleusercontent.com/pw/AP1GczO7DTAODVaYrmGyiRUSt763MnYUzXLV4-JN0-Zi_Kt43JKxJimEpwCPlitlDjhN_fxbt_UnoKqkSzhkcpmsroi4B6Z-04ZiHU0aTIS4G-We2vI5wvM
rotadas/caja-5/010_AP1GczMWUn.jpg,Tiempo yRegión,Caja 5,caja-5,010_AP1GczMWUn.jpg,180,90.7,Tiempo / yRegión / Estudios Históricos y Sociales / Ana María Crespo Oviedo In Memoriam / Volumen II / Carlos Viramontes Anzures / Coordinador,https://lh3.googleusercontent.com/pw/AP1GczMWUnqo_MfQh1Ns-rZcC1NwpiZ--b7iXUnnu5Hep5e4KU4ymjHMa9scKIb5zZmw4b4ZPdxCT_skPNNZx-gc_QXHQAmWKX6WS6l_3u_sE10NZgF3ikw
rotadas/caja-5/011_AP1GczPM2N.jpg,Arquitectura del Bajío,Caja 5,caja-5,011_AP1GczPM2N.jpg,180,99.0,20 SEMANA DE ARQUEOLOGIA EN CELAYA 4 SEMANA DE ARQUEOLOGÍA EN LEÓN / Arquitectura del Bajío / de Mesoamérica a la época Colonial / Coordinadores / ING MIGUEL ÁNGEL CRUZ MARTÍNEZ / ARQLGO LUIS HUMBERTO CARLÍN VARGAS / M.NI ONO WO UNIVER SELAYA IDAD NS SE RVI UNIVERSIDAD UM MERIDIANO A.C. MON Est 2013 LEON EDITORIAL GUANARIATO,https://lh3.googleusercontent.com/pw/AP1GczPM2N26rcTT4dMgMTRjOQqlRs3o6dBqfQ60V5iKnjbUQFzZzQ0ZZcTZriEq1jlKDVpHwYke25F0cWnG-SWVhylsQVrGbjHUfipanYB0hv1lOGrh9yw
rotadas/caja-5/012_AP1GczPi0C.jpg,SEGUNDA,Caja 5,caja-5,012_AP1GczPi0C.jpg,180,97.3,SEGUNDA / SEMANA DE / A / ARQUEOLOGIA / EN LEON / -ARTE RUPESTRE / PREHISTORIA / B / UM MONTEA EDITORIAL / Est 2013 LEN GUANARIATO / UNIVERSIDAD MERIDIANO A.C.,https://lh3.googleusercontent.com/pw/AP1GczPi0CEYo13tFEbTzD4c4e-lMuTXKGuJSMb19vFI2pjWTLKKhXtzuFIGtm_fC8-DK9VksWSQb06SmcBnVUm-Rvti0n_st1TqEXThbk7X3103yNP-2ak
rotadas/caja-5/013_AP1GczPVrE.jpg,SEGUNDA,Caja 5,caja-5,013_AP1GczPVrE.jpg,180,98.3,SEGUNDA / SEMANA DE / ARQUEOLOGIA / EN LEON / -ARTE RUPESTRE / PREHISTORIA / C / U M MONTEA EDITORIAL / UNIVERSIDAD MERIDIANO A.C. Est 2013 LEON GUANARIATO,https://lh3.googleusercontent.com/pw/AP1GczPVrEjPWBufVCETESclh1prNIb7awMnj-OWZlQmSW3qPilD3znuG4OrCb2M5bIvX930RbC9Jfk58DvfiBboxx_mYbQrbKtBYhx7GllJUuwsQenXKiM
rotadas/caja-5/014_AP1GczMpYD.jpg,la SEMANA DE LA ARQUEOLOGÍA DE LEÓN GUANAJUATO MÉXICO,Caja 5,caja-5,014_AP1GczMpYD.jpg,180,97.8,MEMORIAS DE LA / la SEMANA DE LA ARQUEOLOGÍA / DE LEÓN GUANAJUATO MÉXICO / Y EL MUNDO / LEÓN GTO.ABRIL 2013 / gr / PROYECTO CULTURAL LEÓN PREHISPÁNICO A.C. / COORDINADOR / LUIS HUMBERTO CARLÍN VARGAS / EDITORIAL / MONTEA,https://lh3.googleusercontent.com/pw/AP1GczMpYDZvoemUQfC0kp_b4-2VUD_Jy9hMfBNQmg6YMKyb38lUa7gg1AAOH1L1gK7qgxYniXMadsgGPzjOA8wmAQNXfVeU2lOzf_x_LthU-rH84WAX5Ec
rotadas/caja-5/015_AP1GczO_lP.jpg,1ª SEMANA DE LA ARQUEOLOGÍA DE LEÓN GUANAJUATO MÉXICO,Caja 5,caja-5,015_AP1GczO_lP.jpg,180,97.5,MEMORIAS DE LA / 1ª SEMANA DE LA ARQUEOLOGÍA / DE LEÓN GUANAJUATO MÉXICO / Y EL MUNDO / LEÓN GTO.ABRIL 2013 / I drit / PROYECTO CULTURAL LEÓN PREHISPÁNICO A.C. / COORDINADOR / LUIS HUMBERTO CARLÍN VARGAS / EDITORIAL / MONTEA,https://lh3.googleusercontent.com/pw/AP1GczO_lPLAn0-32q_4LBq1cRYHerOyDiKFymCD0KZlR306S2GIT50r31eO9PctkfmPbttsBaAALr-rhZ9Ayu64gnvioL_jw64UztGtajn5WRrMKFXdnJ0
rotadas/caja-5/016_AP1GczMJPk.jpg,BIOARQUEOLOGÍA,Caja 5,caja-5,016_AP1GczMJPk.jpg,180,92.3,5TA SEMANA DE ARQUEOLOGÍA EN LEÓN / BIOARQUEOLOGÍA / Coordinadores / ARQLGO LUIS HUMBERTO CARLÍN VARGAS / UM MONTEA / UNIVERSIDAD MERIDIANO A.C.,https://lh3.googleusercontent.com/pw/AP1GczMJPkehj2L2orea6a_09TxuFoBE66HCQCK24GaKYPU7GqVuri8DeZhdI8c9NUxH7x8ILmPppkEj_pEBxgruYRnvcbSLpBpJUTDGljTV3646KdBdG9k
rotadas/caja-5/017_AP1GczNI_c.jpg,BIOARQUEOLOGÍA,Caja 5,caja-5,017_AP1GczNI_c.jpg,180,94.6,5TA SEMANA DE ARQUEOLOGÍA EN LEÓN / BIOARQUEOLOGÍA / Coordinadores / ARQLGO LUIS HUMBERTO CARLÍN VARGAS / UM MONTEA / UNIVERSIDAD MERIDIANO A.C.,https://lh3.googleusercontent.com/pw/AP1GczNI_cd7cpGvGpuYLvOuH0_VoPk5US4anjFwA4Xu-BEOax8C62BUWdiUgvmxP9SFWCx0QLTBekkPlwZ_Ez1nhFGsWbmdNBMpmR20aG6qorOiHf51FUc
rotadas/caja-5/018_AP1GczMHCE.jpg,LA INDUSTRIA LÍTICA EN EL NORTE DE MÉXICO,Caja 5,caja-5,018_AP1GczMHCE.jpg,180,98.8,LA INDUSTRIA LÍTICA / EN EL NORTE DE MÉXICO / Leticia González Arratia y Lorena Mirambell / COORDINADORAS / INSTITUTO NACIONAL DE ANTROPOLOGÍA E HISTORIA / 75 ANIVERSARIO,https://lh3.googleusercontent.com/pw/AP1GczMHCEpDwJDzauhFc3CR2k6jGDBhHUr2ucgfHz8Kv23G_THukawDSyD_68c8aAeOBW-AdQrqFIWjpSBfOW6hRtFwk_nOofPAVv2LvET4sqSgKRl5Xlo
rotadas/caja-5/019_AP1GczPRWj.jpg,de Historia de Occidente FRANCISCO J. MUGICA,Caja 5,caja-5,019_AP1GczPRWj.jpg,180,96.8,VII Jornadas ISSN 0185-3635 / de Historia / de Occidente / FRANCISCO / J. MUGICA / 29-30 noviembre / y lo diciembre 1984 / Centro de Estudios de la Revolución / Mexicana Lázaro Cárdenas A.C. / Jiquilpan Michoacán,https://lh3.googleusercontent.com/pw/AP1GczPRWjplQBrcgf69dXKJ886KM6jN_frJx-b8D1YRzsicX4pJuSF-NyiwTsLckJMHtR-kVpuXGptVlMVSWGHIhoNu2FLprKLbHCmG24h_IdIRZaPTS5w
rotadas/caja-5/020_AP1GczMFdX.jpg,URUAPAN MONOGRAFÍA MUNICIPAL,Caja 5,caja-5,020_AP1GczMFdX.jpg,180,90.7,URUAPAN / MONOGRAFÍA MUNICIPAL / 1500-1970 / FRANCISCO MIRANDA / Uruapan / H. AYUNTAMIENTO 1999 2001 / Desarrollo con Sentido Humano,https://lh3.googleusercontent.com/pw/AP1GczMFdXY5nbr8TqVu5O9uAEUABC_ZinYxhi-G69ilR6E--S3o92U0OPs3qwT4gXppHJV8bpxmlIJ5M447trXLWLOzXzeAoOXKIZ1sHOHRq9wAtv2lGy4
rotadas/caja-5/021_AP1GczPkOZ.jpg,GACETA MUSEOS,Caja 5,caja-5,021_AP1GczPkOZ.jpg,180,96.5,Número 18 Abril Junio 2000 / GACETA / DE / MUSEOS / Órgano Informativo del Centro de Documentación Museológica / ACONACULTA INAH Coordinación Nacional de Museos y Exposiciones ICOM MEXICO,https://lh3.googleusercontent.com/pw/AP1GczPkOZDjw_fMOByFKQkHeHjSeM-fYpfezQM2PYnyyDG-7itSpx8Qd8-dtGGtd9NZEpzjR4Eu_2PbQn9ke9gEBQB9SbY5OuApgGtGf3yzNJpYIzN5AgQ
rotadas/caja-5/022_AP1GczPC_6.jpg,GACETA MUSEOS,Caja 5,caja-5,022_AP1GczPC_6.jpg,180,96.5,Número 18 Abril Junio 2000 / GACETA / DE / MUSEOS / Órgano Informativo del Centro de Documentación Museológica / ACONACULTA INAH Coordinación Nacional de Museos y Exposiciones ICOM MEXICO,https://lh3.googleusercontent.com/pw/AP1GczPC_6WNXqTdBsX9vtRA8UctqtPLs6m-kr9o1wiKFHlLzCWo-iQy_4Ij2xHdfAa-Ssd1Yjdz4gAuadDF2VRdX02T0msyBlzYvye2u1D8XamiHk2_2qI
rotadas/caja-5/023_AP1GczM_hp.jpg,La tradición oral sobre Cuauhtémoc,Caja 5,caja-5,023_AP1GczM_hp.jpg,180,99.1,La tradición oral / sobre Cuauhtémoc / Alicia Olivera de Bonfil / UNIVERSIDAD NACIONAL AUTÓNOMA DE MÉXICO,https://lh3.googleusercontent.com/pw/AP1GczM_hpeYya3_rcjDZNue30HPuOVslpacQyfBvbChwNUAPMm_2DMCckA7-u8glJcm2-dkYGl2lZwZ44U0CAeaimQzTBZx-8zzM6WxwTK_0Pu6Ln2QKPA
rotadas/caja-5/024_AP1GczNuaB.jpg,Mari Carmen Serra Puche,Caja 5,caja-5,024_AP1GczNuaB.jpg,180,98.0,3 / Mari Carmen Serra Puche / LOS RECURSOS LACUSTRES / DE LA CUENCA DE MEXICO / DURANTE EL FORMATIVO / COORDINACION GENERAL DE / ESTUDIOS DE POSGRADO / INSTITUTO DE / INVESTIGACIONES Colección / ANTROPOLOGICAS Posgrado,https://lh3.googleusercontent.com/pw/AP1GczNuaBiMNKaSN9in3QmMK8eVquMMCSTiQyEyrXqpo8Fj3iyH6aM-uEiXGRAKDegjxzEQQmD537B0vx7nObgMbUJBnLkGXDCSsfrqcJvmp1UpwI3CTh8
rotadas/caja-5/025_AP1GczNxjN.jpg,Historia de la agricultura Epoca prehispánica,Caja 5,caja-5,025_AP1GczNxjN.jpg,180,98.7,Teresa Rojas Rabiela William T. Sanders / Historia de la / agricultura / Epoca prehispánica / siglo XVI TOMO I / Colección Biblioteca del INHA,https://lh3.googleusercontent.com/pw/AP1GczNxjNnCA4HpLCedh-4_MpFRTgFPqY4diYPao63pBX5rJJXdCLQbjYZvdgd_PPNzQzvIwqkMuWX16iDSZH267qDANEF_YrzpWoJPRLjWaE1Pr_D6BHw
rotadas/caja-5/026_AP1GczOdQC.jpg,Los Señoríos Independientes del Imperio Azteca,Caja 5,caja-5,026_AP1GczOdQC.jpg,180,98.5,CLAUDE NIGEL BYAM DAVIES / Los Señoríos Independientes / del Imperio Azteca / INSTITUTO NACIONAL DE ANTROPOLOGIA E HISTORIA / MEXICO 1968,https://lh3.googleusercontent.com/pw/AP1GczOdQCd09-uEidQ_fGfEYr-68KMp4dLMbz8L-3l5WDgAXtNU3Jkh3pv_3H0aoYoFrWjQK8YL3a7DrsGWMepiBIjwp3kgiF7GDeyFb6SmgQgXB9mX70c
rotadas/caja-5/027_AP1GczM9nT.jpg,NUEVA ESPAÑA,Caja 5,caja-5,027_AP1GczM9nT.jpg,180,96.8,11 / HISTORIA GENERAL / DE LAS COSAS DE / NUEVA ESPAÑA / Escrita por / FR BERNARDINO DE SAHAGUN / FRANCISCANO / y fundada recogida en la documentación por los mismos en naturales lengua mexicana / La dispuso para la prensa en esta nueva edición con numeración / anotaciones y apéndices / ANGEL MARIA GARIBAY K. / TOMO IV / En que se contienen los libros I II III y IV / EDITORIAL PORRUA S.A. / AV REPUBLICA ARGENTINA 15 MEXICO D.F.,https://lh3.googleusercontent.com/pw/AP1GczM9nT0MzP3djkGHhK4XOECG2r-xiQK0TXwgCRXsUbnCsjQCPIW0PptaA9tdGwxBc4ujAiDyo6duSzhEtAV2kbNAhdI_Xa9fzJYuO12Sg4gPH-cbnTI
rotadas/caja-5/028_AP1GczN6zN.jpg,y el cielo el cerro,Caja 5,caja-5,028_AP1GczN6zN.jpg,180,98.9,y el cielo / el cerro / Rossana Quiroz Ennis,https://lh3.googleusercontent.com/pw/AP1GczN6zNV0vE6L9IY7BTkzmFkvu8oN2DiLfVH8MZ0IerzRHvc73EK0am1zFudmnlKVuZOSaqpeN7nmPi-5zY3of542p7aCFMpSj-i4hQkrbGiwiz3jduU
rotadas/caja-5/029_AP1GczPGDl.jpg,Los petroglifos del norte de México,Caja 5,caja-5,029_AP1GczPGDl.jpg,180,98.1,Los petroglifos / del norte de México / Victor Joel Santos Ramírez / Ramón Viñas Vallverdú / coordinadores,https://lh3.googleusercontent.com/pw/AP1GczPGDlZQoxchEobBOYbbwl54HzWJSkiPMDlxmAx2LBk9cbWbMYLLcSD4n1wzAobTUrQ0vP5kjLafCT1gRcuZUbZV7p78X3IRBfwbvEvd2l55MFNM_8c
rotadas/caja-5/030_AP1GczNNkj.jpg,El occidente de México arqueología historia y medio ambiente Perspectivas regionales,Caja 5,caja-5,030_AP1GczNNkj.jpg,180,99.1,El occidente de México / arqueología historia y medio ambiente / Perspectivas regionales / Tepecuanes Actas del IV / Coringa Terra tibus afferrina grata et Coloquio de / Xurute / nfule fortn Granos Occidentalistas / Chiapoli / Throfci / Teccalium / Guaxacate / us prouma / CHAPALICUM MAXL / Tecaniorum / prosinca Tecaxqui / OCCIDENS Margar / Antony / Nalinitatis / Sinus / Perta / Leftri / Parrison longerudins bu / no tabule ut non furn / tar Prolomas more MOTY ab infe / Canaris verfus Ori / fed Toleram Hyppanien / fis meridian Occiden / verf Magnu / UNIVERSIDAD DE GUADALAJARA / INSTITUTO FRANCÉS DE / INVESTIGACIÓN CIENTÍFICA PARA / EL DESARROLLO EN COOPERACIÓN,https://lh3.googleusercontent.com/pw/AP1GczNNkjY8ukgD5XQ9gPOQjaHmTtUPWaBS14N7NamFYSyL7wvTqc-X-okyh0j4K7TdVbORNZRkmTmWKZq4oRusMW3ocegvjvpK5chPUBAEpyzjdwI0Htk
rotadas/caja-5/031_AP1GczPOHr.jpg,DIÁLOGOS CON EL PASADO,Caja 5,caja-5,031_AP1GczPOHr.jpg,180,98.0,INSTITUTO NACIONAL DE ANTROPOLOGÍA E HISTORIA / DIÁLOGOS CON EL PASADO / RECUENTO,https://lh3.googleusercontent.com/pw/AP1GczPOHrWqAh9bh4G8SN4CRAhl1O_Ftqf0_cLAhDD6GXJjCwhKBCmju2V9a48wg4Zs4SO5JHhWHWbVLlGv-pq0WLGjnjo-pVOChzuV77EKOEogOeEt3IY
rotadas/caja-5/032_AP1GczMSue.jpg,IXTLAN,Caja 5,caja-5,032_AP1GczMSue.jpg,180,93.0,IXTLAN / ciudad del viento / 1.2.366 / Sep / Conare / AUTOPISTA GUADALAJARA TEPIC / TRAMO IXTLAN TEPIC / 1994,https://lh3.googleusercontent.com/pw/AP1GczMSues5SgjzehmfUsJQl-7EixWfoxG0fRuTW3kZKjtb7Svww1FbbAMmeyIoGiqPF3q4_i-yPGMD_8PHCqsvdE_Efq_3uAGrO-Aq5aiU_MgiIfKdrbE
rotadas/caja-5/033_AP1GczPhJf.jpg,MEMORIA,Caja 5,caja-5,033_AP1GczPhJf.jpg,180,97.9,MEMORIA / MESAS DE ANÁLISIS EN / MATERIA DE POLÍTICA Y / LEGISLACIÓN CULTURAL / COMISIÓN DE CULTURA / 7 y 8 de febrero de 1996,https://lh3.googleusercontent.com/pw/AP1GczPhJfuQjvHjb3AFQ3LLmIzPcBZl73F-2K5pMz0N-chKwCVMtb53lLjOl3FH6bI4rzBT_L6WL5yWbSkiCpRPBtNh-HTBnC9B2v7NI9cKCLZkzdOJgMI
rotadas/caja-5/034_AP1GczNeJF.jpg,ZOHAPILCO,Caja 5,caja-5,034_AP1GczNeJF.jpg,180,94.0,Christine Niederberger / ZOHAPILCO / CINCO MILENIOS DE OCUPACION / HUMANA EN UN SITIO / LACUSTRE DE A. / CUENCA DE MEXICO / 30 / COLECCION / CIENTIFICA / Arqueología,https://lh3.googleusercontent.com/pw/AP1GczNeJFsRhHFLnvKX42aw6hBQH3gywC9u92ctXlZkzrL1ZTAoT2pQQXfC_3s6U5kX-S3VdSfoy_VF6wOfOmcJXG2u9Kn4tLn6MZB7H_DJO_x9-7tcJg4
rotadas/caja-5/035_AP1GczNymD.jpg,Cerámica de Temamatla,Caja 5,caja-5,035_AP1GczNymD.jpg,180,97.9,Proyecto Temamatla IIA UNAM Cerámica / Felipe Ramírez Lorena Gámez / Fernán González / Mari Carmen Serra / Coordinadora del Proyecto / Cerámica de / Temamatla / UNIVERSIDAD NACIONAL AUTÓNOMA DE MÉXICO / Instituto de Investigaciones Antropológicas,https://lh3.googleusercontent.com/pw/AP1GczNymDftPyMTc0l8SQ_9pQCUI3vyCA8t2mMITEFVoJ98q36LlW6mKDQab5SjbHUI-f5gdnPkT_UEGvUP5YwOTZXMoauNi9PcBiHD3Ry1Rg6xXXMVyiE
rotadas/caja-5/036_AP1GczOue7.jpg,La Ley del Servicio Profesional de Carrera en la Administración Pública Federal Alcances y límites,Caja 5,caja-5,036_AP1GczOue7.jpg,180,98.1,La Ley del Servicio Profesional / de Carrera en la Administración / Pública Federal / Alcances y límites / de su aplicación en las Instituciones / de Educación Superior / Bolfy Cottom,https://lh3.googleusercontent.com/pw/AP1GczOue7SjTLDs9LOMlVn8O-cHUdk6szsk5zDxjxKtr4BInu1tN4YZwoh0rRQywL1PoRtB4LQSNyupCQW-9AIsb0x-NwNmvccphtN3Xxv9sUzGsaYZg_0
rotadas/caja-5/037_AP1GczP0lC.jpg,ARQUEOLOGIA,Caja 5,caja-5,037_AP1GczP0lC.jpg,180,94.7,ARQUEOLOGIA / MESOAMERICANA / HOME WILLIAM I SANDERS / Alba Guadalupe Marache Jeffrey R. Parsons / Robert S. Simule Aluri Cuma Seria Puche / Coordinadores,https://lh3.googleusercontent.com/pw/AP1GczP0lCeJkobkgLT-5pLW3TWWoEs_q3-MKap6JZNA2Et7aXH8hI7HY1aiATVQb_xXy7uGOSn9PR6Z8wykGPevAw_CZEptOPcQh4HqjSLO7Csfh1P4WEw
rotadas/caja-5/038_AP1GczNotS.jpg,ARQUEOLOGÍA,Caja 5,caja-5,038_AP1GczNotS.jpg,180,95.4,ARQUEOLOGÍA / MESOAMERICANA / HOMENAJE A WILLIAM T. SANDERS / Alba Guadalupe Masriche Jeffrey R. Parsons / Robert S. Sandey Mari Carmen Sema Puche / Coordinadores,https://lh3.googleusercontent.com/pw/AP1GczNotSvNme0sPd5i7NCSe7RvR-o6pbMBDcc0Dl2i02CjiQvbf0uvDWYaBLj0Qeh85RyA4o2TJ7EIBaP_gE-IQM1887_wczWCeOrp_13zUDCCtzfk8hk
rotadas/caja-5/039_AP1GczPto4.jpg,ARQUE LOGÍA,Caja 5,caja-5,039_AP1GczPto4.jpg,180,85.4,ARQUE LOGÍA / R / UDIO UDIOS MEXIC / ES DE CANOS / Y / CENTRO CENTRO / JUIN 1992 N 21 SONVORY,https://lh3.googleusercontent.com/pw/AP1GczPto4xVF5cK0bvdneP0M6ta2lIHLCJufUEt7eHmxAsY9oo2PkzRsX_NyqA71y2JTMomEFLWKO2NeAtQjU0GmUUvTEMmjUIckgPqBfbe6Dq29HuS7B0
rotadas/caja-5/040_AP1GczNkF6.jpg,TRACE,Caja 5,caja-5,040_AP1GczNkF6.jpg,180,96.7,TRACE / Caminos de / siempre / 1 / DE ESTUDIOS / FRANCES ce M MEXICANOS / CENTRO LA Y CEN / JUIN 1997 Nº 31,https://lh3.googleusercontent.com/pw/AP1GczNkF6W908yWhkzLm-eJMLOCJzp9AR7hsQDqZW_rPT7aS-7e2hgeKbuXyllgU6Yf9zI4Ci-ApL2J_qtNAljkQcY1MTplXdQj99uiqvqveLQ1WG3j9oM
rotadas/caja-5/041_AP1GczNyMf.jpg,cuerpo cuerpo sus males,Caja 5,caja-5,041_AP1GczNyMf.jpg,180,99.1,L / cuerpo cuerpo sus males / sus / CAMLO / Malala / Tigre / ritos / ESTUAKIG / FRANCES ce M MESCANOS / DECEMBRE 2000 Nº 38 GET LA Y CEM,https://lh3.googleusercontent.com/pw/AP1GczNyMf13jdoigl4mmNqyrAsmnbDLAUMqwocIkIUKVuUUu9Xi9_i99_Tu8NZPGB6jmkCFqD2qAKCM_pj7VPr5YBZWPQ3CT1Trt_dprthwkP8jXQ8WpeE
rotadas/caja-5/042_AP1GczMk3r.jpg,MAYAS,Caja 5,caja-5,042_AP1GczMk3r.jpg,180,99.1,MAYAS / one o he Se 3429 / DE ESTUDIOS / FRANCES CENTRO LA W MEXICAMOS Y CEM / DECEMBRE 1995 Nº 28 ROAMERICANO,https://lh3.googleusercontent.com/pw/AP1GczMk3rJjFLqphl3RSG0Dho3keUge_c1gwaAYUTmJe7WJFe27PC0sy_I00MQ_p5viVlo3OExAV2x71r0izOioNK-sDoG-bCey12hgQomFFv3CjeKLtjw
rotadas/caja-5/043_AP1GczPxrz.jpg,TRACE,Caja 5,caja-5,043_AP1GczPxrz.jpg,180,91.9,TRACE / Especia / arqueologia / oran / STUDIOS ES UDIOS MEX CANOS / DE CENTRO Y CENTRO / DECEMBRE 1989 N 16 SONVOROWY,https://lh3.googleusercontent.com/pw/AP1GczPxrzxv8-N8Kfd5FuCrqBoqqwml2yB7PfQ2C9QiuTKnihaLEZKW23KU1POIp3z-kVMzALzEsDqwTN5qlepAS3KpYh5dLfpLWA4bYsKM-D50rivvmKw
rotadas/caja-5/044_AP1GczNEji.jpg,TRACE,Caja 5,caja-5,044_AP1GczNEji.jpg,180,96.0,TRACE / Especial / arqueología / UDK UDIOS MEX / ES CANOS / DE CENTRO Y CENTRO / DECEMBRE 1989- N 16 SONVOLW,https://lh3.googleusercontent.com/pw/AP1GczNEjiyJu0RyUdR9auWjrF1bz19tlOsIm95ECTqku-MJOR3ZeTMWFyFJmuXI71sGSQLCK4oF5I3Kztj9PmyOKODqWdDAvc2MHFryAvCJ9E1WMVTooX0
rotadas/caja-6/001_AP1GczO4ZB.jpg,EL PROYECTO MICHOACÁN 1983-1987,Caja #6,caja-6,001_AP1GczO4ZB.jpg,180,98.4,Viam Dense / Jan Triart / REGION DE / ACAP CENCAL / WILPILLAS / PALACIO / Tamorano / ABACCARO / LOMA ALTA 2 / EL PROYECTO MICHOACÁN 1983-1987 / Medio ambiente e introducción a los trabajos arqueológicos / La Press / Coordinador Dominique Michelet / COLLECTION ETUDES MESOAMÉRICAINES 11-11 CUADERNOS DE ESTUDIOS MICHOACANOS 4,https://lh3.googleusercontent.com/pw/AP1GczO4ZBlBH_OMQU4WcF7yiDtLo09t16d5wrYy8sOrXD3gIZtZ2a8sM1X-gFcuPMUUeoGuldzWCNsmMieABHypAj9a9I5A6-xqb3VPGKVEy-XCPO4rlHc
rotadas/caja-6/002_AP1GczMvk4.jpg,RELACIONES INTERREGIONALES EN EL CENTRO NORTE DE MESOAMÉRICA,Caja #6,caja-6,002_AP1GczMvk4.jpg,180,95.9,2.3 / RELACIONES INTERREGIONALES / EN EL CENTRO NORTE / DE MESOAMÉRICA / MEMORIA,https://lh3.googleusercontent.com/pw/AP1GczMvk4fdlEPRrRxMddxvbxCSWYLWVSmGxAIfA6yV859HhoPucn_X24_ZUfsecHDZmlMyHLvFA8JhpiDyUmLEn1L8ogX7Irw6JQq6_cNSnlEdWnz5fAk
rotadas/caja-6/003_AP1GczPDe_.jpg,Xochipilla,Caja #6,caja-6,003_AP1GczPDe_.jpg,180,78.6,GUERRA DE LOS / CHICHIMECAS / México 1575 Zirosto 1580 / Paleografía / Alberto Carrillo Cázares / Xochipilla / G / R / EL COLEGIO DE MICHOACÁN / UNIVERSIDAD DE GUANAJUATO,https://lh3.googleusercontent.com/pw/AP1GczPDe_t4WBYyL46C4ah5msi979xzvBzz9gWOB4jhdc6rd2PFyph5GpWUJwnVXpMjQzLgkD6TqB1FI3kBbXxyR1ajyKUmXynqABCCCRLxjs44UyIfTjo
rotadas/caja-6/004_AP1GczPb80.jpg,del México prehispánico,Caja #6,caja-6,004_AP1GczPb80.jpg,180,98.3,La muerte en el Occidente / del México prehispánico / Ma Teresa / Cabrero G. / UNIVERSIDAD NACIONAL AUTÓNOMA DE MÉXICO,https://lh3.googleusercontent.com/pw/AP1GczPb806rqJKAwi8zjA2I0RIFqJOd3JR4F4ryrkX0ZEs66Mq4gFE4sw_tv-gw2XLR9YDuPQxzlWWKWWlQU8um1EcXNrNBniQ0s0aneR8kZHqs9DGefbg
rotadas/caja-6/005_AP1GczP7Nj.jpg,las fronteras de mesoamérica,Caja #6,caja-6,005_AP1GczP7Nj.jpg,180,98.6,las fronteras de / mesoamérica / 1 / XIV / mesa / redonda / tegucigalpa honduras 23-28 de junio 1975 / sociedad / tomo 1 mexicana de / antropología / méxico 1976,https://lh3.googleusercontent.com/pw/AP1GczP7NjztcJs3CKLiW8IV_WP02P51IsDp9z21xNHnwRnv7KuNCw2z-hHFcP4bYcaTEv5o8cyPijWOPjK9hoU42gCIWbXHXJvFROVszGBHArD2YF2BotY
rotadas/caja-6/006_AP1GczMd1G.jpg,RELACIONES INTERREGIONALES EN EL CENTRO NORTE DE MESOAMÉRICA,Caja #6,caja-6,006_AP1GczMd1G.jpg,180,94.7,RELACIONES INTERREGIONALES / EN EL CENTRO NORTE / DE MESOAMÉRICA / MEMORIA,https://lh3.googleusercontent.com/pw/AP1GczMd1GyKnbp_LxTYL_OCwfKWcz8ucJGuCd6HAqKvMD4WEQHlIc6KT2Roc-dcA-7RwkPcvwKuqODeOrRfJ5qCtyHwYdfvfD0KSbjBsVraCxzh2DUGFS8
rotadas/caja-6/007_AP1GczPEf9.jpg,Las Piedras Sagradas,Caja #6,caja-6,007_AP1GczPEf9.jpg,180,98.5,Las Piedras / Sagradas / Escultura Prehispánica / del Occidente de México / Eduardo Williams / El Colegio de Michoacán,https://lh3.googleusercontent.com/pw/AP1GczPEf92onXQ4qVG_pRe-tkxSo44gOxq4bis_ocngt1dl3rYzlNkplqLdNPV5RlOFuLap8u6497Aw8m-SKgeyXahzjD1AS8wehTQKqAuYhFpB2eIpIeU
rotadas/caja-6/008_AP1GczM9KP.jpg,ARQUEOLOGÍA DE LAS LOMAS EN LA CUENCA LACUSTRE DE ZACAPU MICHOACÁN MÉXICO,Caja #6,caja-6,008_AP1GczM9KP.jpg,180,93.1,C UADERNOS DE ESTUDIOS MICHO ICHOACANOS / 5 / ARQUEOLOGÍA DE LAS LOMAS / EN LA CUENCA LACUSTRE / DE ZACAPU MICHOACÁN / MÉXICO / CHARLOTTE ARNAULD / PATRICIA CAROT / MARIE FRANCE / FAUVET BERTHELOT,https://lh3.googleusercontent.com/pw/AP1GczM9KPKrfCrMW9IS0ql1-FlGn7iIXBmKW6tdHmctmcnBCY3KOU1CznbmGiZKO-JH9etwQaT3ZbCPzhYJAGffZp1yW9HJ7G4aiZNJJ53GBCriTMXmhPQ
rotadas/caja-6/009_AP1GczMleQ.jpg,PALEOPAYSAGES ET ARCHEOLOGIE PRE URBAINE DU BASSIN DE MEXICO,Caja #6,caja-6,009_AP1GczMleQ.jpg,180,97.7,Christine Niederberger Betton / PALEOPAYSAGES ET / ARCHEOLOGIE PRE URBAINE / DU BASSIN DE MEXICO / 44 / 000000 000000 / Collection Etudes Mésoaméricaines 1-11 Tome 1 CEMCA / Centre d'Etudes Mexicaines / et Centramericaines,https://lh3.googleusercontent.com/pw/AP1GczMleQTIAa0t50fS0v-ViOO8SrBXr1yIoGJPJVmn3MrMbbW2DsiK_hGIW7IbtudNd8iafjjxP6vXGl-ZVq0L3BR6KQFbH0-qe3OTB4m_JxvqtrDYoAE
rotadas/caja-6/010_AP1GczNEYh.jpg,PALEOPAYSAGES ET ARCHEOLOGIE PRE URBAINE DU BASSIN DE MEXICO,Caja #6,caja-6,010_AP1GczNEYh.jpg,180,97.1,Christine Niederberger Betton / PALEOPAYSAGES ET / ARCHEOLOGIE PRE URBAINE / DU BASSIN DE MEXICO / M83.9 80 / 33 / NIU / Collection Etudes Mesoaméricaines 1-11 Tome 11 CEMCA / Centre d'Etudes Mexicaines- / et Centramericaines,https://lh3.googleusercontent.com/pw/AP1GczNEYhLrHqMWrwpRvvCid1O7nt0PNzEaazrS4BNy6_3cSyE_UU4ox0sFgRWrdTpU9OZZNnEZkkvWk_7R76IgcKbX_VeWpDMdrUxfiquwRdEvPrAqWZo
rotadas/caja-6/011_AP1GczPvLy.jpg,TEM EMPLO MAYOR,Caja #6,caja-6,011_AP1GczPvLy.jpg,180,78.8,MONTE SAGRADO- / TEM EMPLO MAYOR / Alfredo López Austin Leonardo López Luján / DD ON / INSTITUTO NACIONAL DE ANTROPOLOGÍA E HISTORIA / UNIVERSIDAD NACIONAL AUTÓNOMA DE MÉXICO / Instituto de Investigaciones Antropológicas,https://lh3.googleusercontent.com/pw/AP1GczPvLyRJs2QXkkepq7sl3zLa0CCW3ybVVN1350Ngh0Zvt-0LY8x6FN2T6kr3ZSjrPC59cYe7EJYZB0o9i_ePYMwA2ot_ZS3JucyJYiZOOiozExQHgPc
rotadas/caja-6/012_AP1GczMsjZ.jpg,Seminario Los Jesuitas en el Norte de Nueva España Sus contribuciones a la Educación y,Caja #6,caja-6,012_AP1GczMsjZ.jpg,180,97.5,Seminario / Los Jesuitas en el Norte de / Nueva España / Sus contribuciones a la Educación y / El Sistema Misional / MEMORIA / Coordinación e introducción de / José de la Cruz Pacheco Rojas,https://lh3.googleusercontent.com/pw/AP1GczMsjZXEtbi0gsKn2rJ-rpnNgXuZnMiYjXVrQAVVczTs-JBs59nHs0ZA3qzbN1mSumCoqDwZjHYjFT7gMbsD2TwxQR9gHJIFW4qzRztXaJlTP8woc9M
rotadas/caja-6/013_AP1GczM7YL.jpg,APUNTES,Caja #6,caja-6,013_AP1GczM7YL.jpg,180,91.1,GILBERTO RAMIREZ ACEVEDO / APUNTES / PARA LA INTERPRETACION DE LOS DATOS / CRONOLOGICOS EXPRESADOS EN LOS / JEROGLIFICOS MAYAS DEL CODICE / DE DRESDEN / boog / o / Datos ordenados para descifrar glifos como / introducción al estudio de la escritura / Maya prehispánica / EDITORIAL TRADICION / 1979,https://lh3.googleusercontent.com/pw/AP1GczM7YLjp_9KQlySC8ZvrgKDEzGbyXgR1WhDUgm35doaEj5-ZH_FfD9E7VlSCVseJYj8S5o_sz4RSWUeLA-3EjM9E71_Amc7ecCl_PHWDaOZyOjy024U
rotadas/caja-6/014_AP1GczNfEJ.jpg,EL MEXICO DESCONOCIDO,Caja #6,caja-6,014_AP1GczNfEJ.jpg,180,97.9,EL MEXICO / DESCONOCIDO / Carl Lumholtz / INSTITUTO NACIONAL INDIGENISTA,https://lh3.googleusercontent.com/pw/AP1GczNfEJIF3aE0d1G17ICMjFSnjIGUA9GLtMUK_OtknpZQidxoHks1wfqDpLK61r5eJnv042zRuHVxSXz7Rp6UORZrbFzXEeTWb7Oifox0ExRQjnmYarc
rotadas/caja-6/015_AP1GczOMkC.jpg,ARTE EROTICO,Caja #6,caja-6,015_AP1GczOMkC.jpg,180,98.8,ARTE EROTICO / PRE INCA / EROTIC ART,https://lh3.googleusercontent.com/pw/AP1GczOMkCJpEBOmaWkE0UEP3iarb9gfeH1u8IGYe7w-LsHtcfDC9UeL6YE3CerrAEPJ1sAhK48ur1vqODguIw-N265p_m4nUyGYoYO22ELLGBtsG4ry3aI
rotadas/caja-6/016_AP1GczNM29.jpg,El reformismo y la contrarrevolución Estudios sobre Chile,Caja #6,caja-6,016_AP1GczNM29.jpg,180,98.9,Ruy Mauro Marini / El reformismo y la / contrarrevolución / Estudios sobre Chile / Serie popular Era,https://lh3.googleusercontent.com/pw/AP1GczNM29tJt-m3EykxCfcnh3ya5ZqmX_0TEt2y4yXomX8FyMeTKWVqXDcHAEndqTMKoLfzRVqadLd9HbW9c0XTJllH-rpqigwTwHH9d_VBrlM8_IxUiqw
rotadas/caja-6/017_AP1GczNyyB.jpg,SEGUNDA SEMANA DE ARQUEOLOGIA EN LEON,Caja #6,caja-6,017_AP1GczNyyB.jpg,180,97.7,SEGUNDA / SEMANA DE / ARQUEOLOGIA / EN LEON / -ARTE RUPESTRE / Y PREHISTORIA / UNIVERSIDAD UM MERIDIANO A.C. Est MONTEA 2013 LEON EDITORIAL GUANALATO,https://lh3.googleusercontent.com/pw/AP1GczNyyB5tZyDZvbt1WYAjHWWkwiGjLbBe0CI7oQM8UOg8TMnCIuGjB4xz7O8V0A8LUZCgQjUe2E6vjoGnijorBTWBI3qmMaa-rQaa4JPvt21uVn91MC4
rotadas/caja-6/018_AP1GczMyh_.jpg,Las sociedades tribales,Caja #6,caja-6,018_AP1GczMyh_.jpg,180,98.1,Marshall D. Sahlins / Las sociedades / tribales / Corne newly sprong / Their fitame at meals / efforters prayer / Lace place / he hoofs wherin the The Tombe of their rounds 266666 / Standeth / SECOTON / A Ceremony in their prayers / frange reshins and fangs dan / about posts carved on the p / Lyke mens faces / NCL,https://lh3.googleusercontent.com/pw/AP1GczMyh_fibR2OuLtXzyEGfjNHYME9kp0jsoQZSUNjJtPhX7oqWpr1XX5PMX5oFa-UDDzHMgYXGVBz5OfNQKS8yDW3aSD85tEICXu_c7tTG9W9G9W8e6U
rotadas/caja-6/019_AP1GczO7m2.jpg,REVOLUCION,Caja #6,caja-6,019_AP1GczO7m2.jpg,180,97.7,LOS / HOMBRES DE LA / REVOLUCION / TERCERA EDICION Daniel Moreno,https://lh3.googleusercontent.com/pw/AP1GczO7m2rQM54pgo6Zpv3nrdDmwXA7TLcYDQ8nZfYtAAUZ6G0YCc157JWE4PY7tAK0BD0H-wTGdWJuH3fJ-c5h5Ryv8MacAZQfotYe0f0YzcteSQbVbyc
rotadas/caja-6/020_AP1GczMnJ8.jpg,Crónicas de la Sierra Tarahumara Luis González Rodríguez,Caja #6,caja-6,020_AP1GczMnJ8.jpg,180,90.9,Crónicas / de la Sierra / Tarahumara / Luis González Rodríguez / Ser,https://lh3.googleusercontent.com/pw/AP1GczMnJ8q_u_T8Vl3fMDn-L1XAKCPW-2cAC2WiTG5g5Mf4_3zrQsULAAOKaHijO0HjhNc3F0V8BtmtzrG4UgGrSXve8SvH5xk1VTeoT6QLZJfQL_S3tts
rotadas/caja-6/021_AP1GczMfXP.jpg,Ramos González Gildardo,Caja #6,caja-6,021_AP1GczMfXP.jpg,180,98.0,Los coras / Ramos / González / Gildardo / PRESENCIAS,https://lh3.googleusercontent.com/pw/AP1GczMfXPkD-wLyToE0ge-kNUsl7aUbc5U__rFs_yzkhN8T6yY40zlU9CtT2k_rOV5KA6puH01Bssl3YjnUSB1Ux_jP7hDqS4ORoZREGNpDk-6QdYVzau4
rotadas/caja-6/022_AP1GczNsqP.jpg,OS ETRUSCOS Raymond Bloch,Caja #6,caja-6,022_AP1GczNsqP.jpg,180,91.9,LOS / OS ETRUSCOS / Raymond Bloch / AL Viejos Pueblos / y Lugares / Editorial / ARGOS,https://lh3.googleusercontent.com/pw/AP1GczNsqP6qg1r1H10qIa-P9rX-bH27GV4B5ZFIfMf8cl5qY8xBp_tgdtgPfE_qIqO_fpw45ppTHOZpPV7dO8mLsL2ApE2RxPtCBA4OuUQSxJUcqcuHqRo
rotadas/caja-6/023_AP1GczPzv8.jpg,La Conquista de América La cuestión del otro Tzvetan Todorov,Caja #6,caja-6,023_AP1GczPzv8.jpg,180,98.0,La Conquista de América / La cuestión del otro / Tzvetan Todorov / XXI,https://lh3.googleusercontent.com/pw/AP1GczPzv8wZhbNm8mJz6k9fzr9QUq40LgvbbAUS-l4PCmK3y4_bldX-3mvhlR3F-wwGzofio-PJejKqL69AFsrp1gz4e22AvWiOPLeeJwsy7IeT-QjaPM4
rotadas/caja-6/024_AP1GczNWW7.jpg,VICENTE FERNANDEZ RODRÍGUEZ,Caja #6,caja-6,024_AP1GczNWW7.jpg,180,74.5,0-0-6 / UN CIENTÍFICO / DEL PORFIRIATO / GUANAJUATENSE / VICENTE FERNANDEZ RODRÍGUEZ / Aurora Jáuregui de Cervantes / nuestra cultura,https://lh3.googleusercontent.com/pw/AP1GczNWW7aRXAYXlWR9VSxPIdBP0XMKSZrX3L4vHfE1wAvbNBsiKKCEvjlkU1AKZTNR9mKgt5_cGDlBxg7Lii5u9jHumgfs16rXE1ZHsZ4HGzEKofWjsIc
rotadas/caja-6/025_AP1GczP0pW.jpg,ESCULTURA HUASTECA EN PIEDRA,Caja #6,caja-6,025_AP1GczP0pW.jpg,180,97.0,ESCULTURA HUASTECA / EN PIEDRA / CATALOGO / BEATRIZ DE LA FUENTE / NELLY GUTIERREZ SOLANA / INSTITUTO DE INVESTIGACIONES ESTETICAS / UNIVERSIDAD NACIONAL AUTONOMA DE MEXICO,https://lh3.googleusercontent.com/pw/AP1GczP0pWhfTa_k9vh6HPQYsgwWsIfaxNFHeaG_lM6CsIHBfsfJ-LwGoR_lasnnMdR4WivuftuKdhSBYQMCYhpyhcMFfwibGwib5mwMjXukqD_1bblNupw
rotadas/caja-6/026_AP1GczMArF.jpg,George C. Vaillant,Caja #6,caja-6,026_AP1GczMArF.jpg,180,97.7,LA CIVILIZACION / AZTECA / George C. Vaillant / FONDO DE CULTURA ECONÓMICA / mterpanti Contacpanti / tutralpata mame yacili Center panth wwwch app / Taroyall / Txmortas / Adormor mil lars can vanw / y figura de Lubac / Tloyap / P / Jacapirila / Tigre Plumagreystra cofar / Tepoztlan / Morlail Manta ima Huipilin / Teras P ropar labradaryder de ve / Huartepes yazar Pueblo Tobutan ere guran Tiginapan / Anushura / Huartepet Xochimikun Quauhtia Annicul Cutlines TIBAaro Huiledian,https://lh3.googleusercontent.com/pw/AP1GczMArFtaAfZRzJ9Y1yNAPvPoCNBcLzbrcBWjDUta83I6ltA2T951805z7ocdIctMlAU7T2iH71CFg2MGgHEnD7e2FCOVD0qet0fRFf0_m3rMolUKP0k
rotadas/caja-6/027_AP1GczP8GD.jpg,Mesoamerican Ballgame,Caja #6,caja-6,027_AP1GczP8GD.jpg,180,95.5,The / Mesoamerican / Ballgame / 4 19 / DOOOO / Vernon L. Scarborough and David R. Wilcox Editors,https://lh3.googleusercontent.com/pw/AP1GczP8GDT26RD7OVLpsb8CR6bz_Z4VVl_z8IGinoxPJrHXgwK1CTfAGa9zMH3x6mJspED2on5DSJi3fgq7Upj6qLgs_WNAAhnyKCSrdsR9-65igbtxLdA
rotadas/caja-6/028_AP1GczNB85.jpg,MECAS,Caja #6,caja-6,028_AP1GczNB85.jpg,180,92.2,MECAS / stu,https://lh3.googleusercontent.com/pw/AP1GczNB85LV-jTQKfEamTRO-2OUPPPG6HrARi9eR4Q3uaAY0_eV8It1L3MyoSnCCikIyHSZ9vksFomWoilBDWvWSZ75JT3zreESDvlWRWSUrATBppBu5z4
rotadas/caja-6/029_AP1GczPHkI.jpg,LOS ORÍGENES DE LA CIVILIZACIÓN MAYA Richard E.W. Adams Compilador,Caja #6,caja-6,029_AP1GczPHkI.jpg,180,96.9,LOS ORÍGENES DE LA / CIVILIZACIÓN MAYA / Richard E.W. Adams / Compilador / ༨༠5,https://lh3.googleusercontent.com/pw/AP1GczPHkItLoxKiueIwRmXGtjIPT4uiPPbdH-DHNjiiTMh7kUW7Lkf_3h-4qqi1bF6uVm2_-EnrMRH-x8p5FH5zl4_cILVBWxLkZnd-BOdYy-YCEOz685s
rotadas/caja-7/001_AP1GczML7C.jpg,QUERETARO PREHISPANICO,Caja #7,caja-7,001_AP1GczML7C.jpg,0,98.2,QUERETARO PREHISPANICO / Ana María Crespo y Rosa Brambila coordinadoras Alejandro / Pastrana Enrique Nalda H. Juan Carlos Saint Charles Zetina / Miguel Argüelles Gamboa Carlos Castañeda Elizabeth Mejía / Pérez Campos Luis Barba Pingarrón Margarita Velasco M. / César Armando Quijada López Alberto J. Herrera Muñoz Jorge / A. Quiroz Moreno / COLECCION CIENTIFICA,https://lh3.googleusercontent.com/pw/AP1GczML7C-lhRPObj4A18fukn0jcydeED2-D7niRttbOfxxrEPN0v_A2PT8A1FsQR5jF4S5OnipTPq-EngjU0mLzFhr2qYcjXhlaUJ7qhku1UGlRbnLo2E
rotadas/caja-7/002_AP1GczMb7U.jpg,ANTONIO NEBRIJA,Caja #7,caja-7,002_AP1GczMb7U.jpg,0,95.0,Memoria del coloquio / La Obra de Antonio / de Nebrija y su Recepción / en la Nueva España / Quince estudios nebrisenses / 1492-1992 / DE / ANTONIO NEBRIJA / Lucia mpya 72 / Ignacio Guzmán Betancourt / Eréndira Nansen Díaz / Editores / COLECCIÓN CIENTÍFICA,https://lh3.googleusercontent.com/pw/AP1GczMb7UGsoNEUXO3AlHoQyry48VTZ5vSAqdFQ3biWEosRETVqnfqZ1is8oIV9Aart2KjwbVMGjvEH6QSCtpdTAT0Q7_JtIXZME2GlBxgYwnhPXHmR4Tc
rotadas/caja-7/003_AP1GczObDv.jpg,Ivan Špraj,Caja #7,caja-7,003_AP1GczObDv.jpg,0,93.0,Ivan Špraj,https://lh3.googleusercontent.com/pw/AP1GczObDvSYqHq4eu6LOj0oWZJNgKqGrIsuyTcgbc6rKuZthG3_2qnQQkH_oF7ucLZOZ1Rk8yYR6WvpDKXXwBFl95vtfkQvd6YaLUkI1vvromCnhWmn64s
rotadas/caja-7/004_AP1GczPkAI.jpg,LAS TUMBAS DE TIRO DEL VALLE DE ATEMAJAC JALISCO,Caja #7,caja-7,004_AP1GczPkAI.jpg,0,98.4,LAS TUMBAS DE TIRO DEL VALLE / DE ATEMAJAC JALISCO / Luis Javier Galván Villegas / COLECCION CIENTIFICA,https://lh3.googleusercontent.com/pw/AP1GczPkAIOFkNaoTFN1miWctMTYWRpTqrl6Eb4olddITDcDkUuK3DGL9v09-ZbYiW9JTr9x0o8d0FKZaLrdu4ajHyNJLC7ZzjM15HC7-7XEhe_hBuY7rAE
rotadas/caja-7/005_AP1GczPSjY.jpg,Migraciones y conquistas descifre global del Mapa de Cuauhtinchan,Caja #7,caja-7,005_AP1GczPSjY.jpg,0,98.0,Migraciones / y conquistas descifre / global del Mapa / de Cuauhtinchan / núm 3 / of / R / Keiko Yoneda / COLECCIÓN CIENTÍFICA,https://lh3.googleusercontent.com/pw/AP1GczPSjYeNU_SiqbkoCQaxiw1JHa4m4aHuXoSUFBU3jkf63noRi-6KUAYRRZuDiDiPAyWLwCgIZAA6y85tZ6qfFg1BgyvSfimFyBbEffxEzuYm-m1yIMI
rotadas/caja-7/006_AP1GczMZWO.jpg,La expresión simbólica del Tajín,Caja #7,caja-7,006_AP1GczMZWO.jpg,0,97.6,La expresión / simbólica del Tajín / Patricia Castillo Peña / COLECCIÓN CIENTÍFICA,https://lh3.googleusercontent.com/pw/AP1GczMZWOE7QW3hjT95GREQ1UjwVdrjBZzuXViu0WYBZkAQfRzODdp20NQZXqL82GqhPNdVOWvwJzmQLnufF49vekSsk3_yHN_Uduw9aBRdsmkF460Ouus
rotadas/caja-7/007_AP1GczNgrU.jpg,Cueva de los Portales Un sitio arcaico del norte de Michoacán México Brigitte Faugère,Caja #7,caja-7,007_AP1GczNgrU.jpg,0,98.2,Cueva de los Portales / Un sitio arcaico del norte / de Michoacán México / Brigitte Faugère / Coordinadora / COLECCIÓN CIENTÍFICA / INSTITUTO NACIONAL DE ANTROPOLOGIA E HISTORIA / CENTRO DE ESTUDIOS MEXICANOS Y CENTROAMERICANOS,https://lh3.googleusercontent.com/pw/AP1GczNgrUWMyePnis6GOptelnr9pL4HusUNmGZMbQ-brGnkeZYmDqhMM-h_zJnBzpElciAGg-lBi3CuI-zh8EXO0MGmZhuYSr6eoNrbtEZAtwWjxm3Do4E
rotadas/caja-7/008_AP1GczPQvD.jpg,Iconografia de Tula,Caja #7,caja-7,008_AP1GczPQvD.jpg,0,98.9,Iconografia de Tula / El caso de la escultura / Elizabeth Jiménez García / COLECCIÓN CIENTÍFICA,https://lh3.googleusercontent.com/pw/AP1GczPQvDFgaLeH-2N4a11GYTGMkI4mkuXuomuaHUsg80dYIO8ea7XnGqedgcr0n1ceGigm_qvv2ammw5E6SOg2VAwVVMwghYBxcpaav8BAeA_xheOo37M
rotadas/caja-7/009_AP1GczPkwa.jpg,La Iglesia de la Asunción de Ichcateopan en relación a la autenticidad de los restos de Cuauhtémoc,Caja #7,caja-7,009_AP1GczPkwa.jpg,0,98.8,La Iglesia de la Asunción / de Ichcateopan en relación / a la autenticidad de los restos / de Cuauhtémoc / Sonia Lombardo de Ruiz / UNIVERSIDAD NACIONAL AUTÓNOMA DE MÉXICO,https://lh3.googleusercontent.com/pw/AP1GczPkwakj3oPXLte_wkT0GTlgiNt4QkU8hfiTRwsPiSVFZKXB7NC9RFsuFPyFeLU5oaRFQU1q8Wira48Ab-I5JFofWs93KJB2mV8pzir2W8cPlDGymqU
rotadas/caja-7/010_AP1GczN2_O.jpg,Fe Eduardo Matos Moctezuma VIDA Y MUERTE EN EL TEMPLO MAYOR,Caja #7,caja-7,010_AP1GczN2_O.jpg,0,98.3,Fe Eduardo Matos Moctezuma / VIDA Y MUERTE / EN EL TEMPLO MAYOR,https://lh3.googleusercontent.com/pw/AP1GczN2_O1wyZ4EqYg4h2aXN8dmMEGgOPz2Hi-BNCEOLRoBY28WLRPL5hgJV3NeIvFNEC6i3VWr03iLGrUqB9I7MeF6bs3wWBG3o8KUFh4sQRSru22ohdc
rotadas/caja-7/011_AP1GczPglW.jpg,El arte de asociarse Las ONG y la sociedad civil en Colombia,Caja #7,caja-7,011_AP1GczPglW.jpg,0,98.9,FUNDACION INTERAMERICANA / SERIE DE ESTUDIOS DE PAISES No.2 / El arte de asociarse / Las ONG y la sociedad civil / en Colombia / Marion Ritchey Vance / ica Dominicana San Cristóbal y Nieves Santa Lucía San Vicente Surinam / cos Belice Costa Rica Guatemala Honduras Nicaragua P / México El Sa Ecuador Argentina Paraguay / Anguila Antigua Barbuda Antillas Holandesas Bahamas E / a Gra Hait Jamaica Monte República Dominicana / Santa Lucia Suriname Turcas y Caicos / Guatemala Honduras nezuela Méxic / Ecuador Argentina Paraguay Colombia / Antillas Holandesas Bahamas / at República Dominicana San / y Tobago Turcas y Caicos Belio Ni / a Colombia Venezuela México a / Bolivia Chile Brasil Anguila Ant s / OS Dominica Granada Guyana Haiti Ja Ca Do / Cristóbal y Nieves Santa Lucía San Vicente Tobago / Selice Costa Rica Guatemala Honduras Nic Colombia / El Salvador Perú Ecuador Argentina Par Bolivia Chi / ntigua y Barbuda Antillas Holandesas Bahamas ominica Gra / Haiti Jamaica Montserrat República Dominic istóbal y Nieves / Vicente Suriname Trinidad y Tobago Turcas y Belice Costa Rica,https://lh3.googleusercontent.com/pw/AP1GczPglWintcB3jI7uPVtvjJzSewAkVkhJmIyvQl35S2pm9hmngOfEV5jGNl8nv4uTs7Eia62KQU3hImZppsYZ3eu3xhF0eW_RmPbgRTgud4xGDfDgnYc
rotadas/caja-7/012_AP1GczNtxR.jpg,COCCIDENTALES,Caja #7,caja-7,012_AP1GczNtxR.jpg,0,96.1,POR TIERRAS / COCCIDENTALES / ENTRE / SIERRAS / Y / BARRANCAS / LEON DIGUET,https://lh3.googleusercontent.com/pw/AP1GczNtxRnn5bOj4xnG0wQB3_fTo_FAue8Kw0v5eXXxpPBLv_No_mauqwy2bmMVlkNiYJOS6UQBzHHyKWIfRmJ3pFXPBigBu-m9vU7371K9VYhfWOqMQ30
rotadas/caja-7/013_AP1GczMPyG.jpg,Fang e Ja Long Solis CAPSICUMY CULTURA,Caja #7,caja-7,013_AP1GczMPyG.jpg,0,88.2,Fang e Ja Long Solis / CAPSICUMY CULTURA / LA HISTORIA DEL CHILLI,https://lh3.googleusercontent.com/pw/AP1GczMPyGwEGzahymK2Hn56vh04byD8PyQ7117YZiKjP1DACHUScqcJj941s0452QOwqAfwRrNHuN8zneQK4sYkArviUuIshZTO3dvYzb8YvdCHatX1DPQ
rotadas/caja-7/014_AP1GczNEKz.jpg,Identidad Mexicana,Caja #7,caja-7,014_AP1GczNEKz.jpg,0,97.6,Frontera Interior Mayo Número Agosto de 2 1999 / Año 1 / Revista de Ciencias Sociales y Humanidades / Identidad / Mexicana,https://lh3.googleusercontent.com/pw/AP1GczNEKzoP87boWUYIfnWO2Q3jaSuvzaUVMeu06kGdBv3zZ7uw1o-6HdGta5L_bYMBkjy_JfD6goJxG_U3RQER38PIRmEiO0ysQQflcjY3j6vrpKD-wkk
rotadas/caja-7/015_AP1GczMAug.jpg,Catálogo,Caja #7,caja-7,015_AP1GczMAug.jpg,0,98.2,Catálogo / Nacional de / Monumentos / Históricos / Inmuebles / GRANDE / TEPIC / ESTADO DE NAYARIT / MÉXICO 2000,https://lh3.googleusercontent.com/pw/AP1GczMAugb8-Y_y1CfxKdx9Z9MWs2tRNNBBEXI_3vBaeYh68LgvctA1iArrB9V5OlN-fMIm0pUHqSiA2PB2Rrd-D4mVlIjFWv-Vd6e4L-gZhi8Drlhn3vY
rotadas/caja-7/016_AP1GczMccJ.jpg,TONALÁ,Caja #7,caja-7,016_AP1GczMccJ.jpg,0,89.8,TONALÁ / RAÍCES QUE PERDURAN,https://lh3.googleusercontent.com/pw/AP1GczMccJh2lPVqARqUzDNN65PcqRJpYNWI-TQT_sjeiQ7ZWMA2ReJzEvNfdprGZPtKgtmvMiWqlF0Lt17rz2hkjftXLFuI9AGHliGD5RrzX7JF80ZPkwE
rotadas/caja-7/017_AP1GczPJ0T.jpg,de Las ESTRELLAS Francia México,Caja #7,caja-7,017_AP1GczPJ0T.jpg,0,87.5,Noche UNIVERSO / de Las ESTRELLAS Francia México / ASTRONOMA / El cielo de nuestros antepasados NOCHE ESTRELLAS DE 2009 LAS 2009 / EL CERRITO,https://lh3.googleusercontent.com/pw/AP1GczPJ0TSuRHdvVpqJmUNOPPH4fHaOOF7MoxQ84ztwsRhOMiHXodpZD0rzYafLEIb16OCx03N2MXx6-ahVKrkyRh0dyLgkxtNFXBMlBgnFrt1wmYDBYPs
rotadas/caja-7/018_AP1GczOTt9.jpg,PERALTA guía para visitantes de la zona arqueológica,Caja #7,caja-7,018_AP1GczOTt9.jpg,0,99.0,PERALTA guía para visitantes de la zona arqueológica / Peralta,https://lh3.googleusercontent.com/pw/AP1GczOTt9n3S1Bx1QPSGQwoS4DV1i7O5J_L5EGJx9vWeLxUJAR2YdB9nuJvMBPvVHTn-a7QZME8WwDDBoIgrfTBRCN6ubN0UaG-ivwvi_CM6p_zB3YkxTY
rotadas/caja-7/019_AP1GczPAIl.jpg,MEXICANOS Anuario 1992,Caja #7,caja-7,019_AP1GczPAIl.jpg,0,91.5,TESOROS / DE LOS ANTIGUOS / MEXICANOS / Anuario 1992 / TREASURES OF THE ANCIENT MEXICANS TRESORS DES ANCIENS MEXICAINS,https://lh3.googleusercontent.com/pw/AP1GczPAIlG4RdfNi4cv0gXDpIK8CVY9thrQI0GAEtVy_g4TTmYbSX8cnCt0PFAWnZOazbLMRPt3RCJnTQaIkTI9OxCohvh2UTjBJnEM58QiMFLyxGgzHws
rotadas/caja-7/020_AP1GczOV_Q.jpg,Homenaje a a la doctora Beatriz Barba de Piña Chán,Caja #7,caja-7,020_AP1GczOV_Q.jpg,0,95.1,Homenaje a a la / doctora Beatriz Barba / de Piña Chán / Agripina García Díaz / Valentín Becerril Olivares / Ma del Carmen Lechuga García / Francisco Rivas Castro / coordinadores / COLECCIÓN CIENTIFICA,https://lh3.googleusercontent.com/pw/AP1GczOV_Q20uiHm6IAq1mmoiylAWrbdRt8z3ovr1Ci1J8VxR9ZH4g7cOy1xSP4DoseedykslDX8jooJA565FfZeNsIjnbNLpLsgQugIdKJFAEezGLKzFFA
rotadas/caja-7/021_AP1GczOI7u.jpg,ESPEJO DE LA VIDA,Caja #7,caja-7,021_AP1GczOI7u.jpg,0,99.1,ESPEJO DE LA VIDA / ARTE FUNERARIO DEL OCCIDENTE DE MEXICO / Noviembre 1996 Febrero 1997 / 1996 11 30 1997 2 14,https://lh3.googleusercontent.com/pw/AP1GczOI7uS8CdeumDHUfJAZaPNgEB1wWhyC9eyklQQ3N54sAivmUYI6v3oQIYO9bwMVXFHf7QBRq-GGx85QtuDsbDdUhkSWt--qoRHRIsjLJ4cmBrm6tig
rotadas/caja-7/022_AP1GczNy0r.jpg,FD R. Brothwell DESENTERRANDO HUESOS,Caja #7,caja-7,022_AP1GczNy0r.jpg,0,92.1,FD R. Brothwell / DESENTERRANDO / HUESOS / LA EXCAVACIÓN TRATAMIENTO Y ESTUDIO DE / RESTOS DEL ESQUELETO HUMANO,https://lh3.googleusercontent.com/pw/AP1GczNy0rv4-KWi6REVfvWF_KxVRxoUSrBA6x5jPeeIotwiYRAF7vxKR4SyQaAQ1km4oum9M2ucWu81r4uwrBpfeUEA5-SdURVEtDvSFZYFcb-GcPZJEdQ
rotadas/caja-7/023_AP1GczNYR7.jpg,RODOLFO HERRERA PÉREZ,Caja #7,caja-7,023_AP1GczNYR7.jpg,0,97.9,LEON ESTAMPAS DE NUESTRA EN CURTIDURÍA LA EN PIEL EL TIEMPO / RODOLFO HERRERA PÉREZ / 0 / GOBIERNO / GTO DEL GOBERNO GUANAJUATO ESTADO D GTO DEL ESTADO DE Instituto Estatal de TLACUILO / Grandeza de México GUANAJUATO la Cultura EDICIONES,https://lh3.googleusercontent.com/pw/AP1GczNYR7txjbbo-AWenW37v-yRzkiSnVD3yDV7LPqyMyRAsy5aUKYI_YTNEOQxOXZYdfuYVLDKTtgLBSS23QqJ4a8N3TSbttE4DvO0SBqqthUzbHoEvs8
rotadas/caja-7/024_AP1GczMtt0.jpg,MATERIALES ARQUEOLOGICOS DE BALCON DE MONTEZUMA TAMAULIPAS,Caja #7,caja-7,024_AP1GczMtt0.jpg,0,98.4,MATERIALES ARQUEOLOGICOS / DE BALCON DE MONTEZUMA / TAMAULIPAS / JESUS NAREZ / 15.00 / CATALOGO DE LAS COLECCIONES ARQUEOLOGICAS DEL INSTITUTO TAMAULIPECO DE CULTURA,https://lh3.googleusercontent.com/pw/AP1GczMtt0v4S3PSuH-yuR9PS4GH5H9dz7jUWu0tJn_4-H-q30_4Sch9jL4-quD_f0J8gO4oc-YlC8JIDFtpzXRHbTcmC56qTMdd9bWriKFRUqNNtvEVQJM
rotadas/caja-7/025_AP1GczO8WK.jpg,Río Verde,Caja #7,caja-7,025_AP1GczO8WK.jpg,0,96.5,Río Verde / SAN LUIS POTOSÍ / Dominique / Michelet / INSTITUTO DE CULTURA SAN LUIS POTOSÍ / LASCASIANA S.A. DE C.V. / CENTRE FRANÇAIS D'ÉTUDES MEXICAINES ET CENTRAMÉRICAINES,https://lh3.googleusercontent.com/pw/AP1GczO8WKuRtzWAe0iwILKwK5OgGCrrYXBHa-Ts1CijWjD8uTJZyo5r1n_JHZ-wqA-FQChbH4O8SiElzDZJ9MPmrWYdockMb0eVA21hnTVFclxtei75Y9U
rotadas/caja-7/026_AP1GczNHuh.jpg,LA MITOLOGÍA DE LOS HUICHOLES,Caja #7,caja-7,026_AP1GczNHuh.jpg,0,97.5,LA MITOLOGÍA / DE LOS HUICHOLES / Robert M. Zinng / Editado por Jay C. Fikes Phil C. Weigand y Acelia García de Weigand / Traducido por Eduardo Williams / EL COLEGIO DE JALISCO / EL COLEGIO DE MICHOACÁN / SECRETARÍA DE CULTURA DE JALISCO,https://lh3.googleusercontent.com/pw/AP1GczNHuhb6j_n6ImY3CPDwb0YWQZi0snp7QXqzbzPNJWwyRiD60-DTDP5yxS6jzWjp8eBrEuHTuKkqMYoN4fQ0qcntq7EP_RubmaRDgzRobrfFY2tIMkA
rotadas/caja-7/027_AP1GczPU6G.jpg,SANCRISPINES,Caja #7,caja-7,027_AP1GczPU6G.jpg,0,96.2,Los / SANCRISPINES / Memoria de zapateros que han hecho historia 1975-2021 / Ramón Ascencio Villanueva / TLACUILO / ciceg EDICIONES,https://lh3.googleusercontent.com/pw/AP1GczPU6GNtG_QyXQBU1wLA0uMYTnthkdpKo-3mlKhW8JO3vnebs4YMaG2XmG6RnYzYhJmb7Iv7ASJMRkLPTAM36Lx69YGDsENI2r11Qo53NkVfht58eDg
rotadas/caja-7/028_AP1GczPKyy.jpg,Una historia de la religión de los antiguos Mayas,Caja #7,caja-7,028_AP1GczPKyy.jpg,0,98.8,Una historia de la religión / de los antiguos Mayas / Claude François Baudez / 5 FRON / A CB / REPOBLIQUE FRANÇçaise / CA CENTRE CULTUREL ET DE CONTRATION / INTEGRIALICAS POUR AMERIQUE CENTRALE / UNIVERSIDAD NACIONAL AUTÓNOMA DE MÉXICO / INSTITUTO DE INVESTIGACIONES ANTROPOLÓGICAS / CENTRO FRANCES DE ESTUDIOS MEXICANOS Y CENTROAMERICANOS / CENTRE CULTUREL ET DE COOPÉRATION POUR L'AMÉRIQUE CENTRALE,https://lh3.googleusercontent.com/pw/AP1GczPKyyqz9oPabPRvb1jUBt_mWknvL9m9_0EPGWBSK3c3Fa5cYddetar_ZUeyn4yTEe5SH8ef5MRnxg39q8-KA88mKw3pDOf0lJmWTBo0A_n8R_JZ1b8
rotadas/caja-7/029_AP1GczP4RH.jpg,Teódulo Rómulo,Caja #7,caja-7,029_AP1GczP4RH.jpg,0,95.8,Teódulo Rómulo / W / X,https://lh3.googleusercontent.com/pw/AP1GczP4RH3fKjTCx-Ij7rcoHmJmLNmWbeY7bgmMvaKHe1PCJHpWWJvbfBDaLs3z7rwqH8ay5zBa_W6rYpwOoph6ROEjJ_Lmnb-z-SPkwAZnxas7uwe0IG0
rotadas/caja-7/030_AP1GczP7xJ.jpg,CUADERNOS DE ESTUDIOS M ICHOACANOS,Caja #7,caja-7,030_AP1GczP7xJ.jpg,0,91.6,CUADERNOS DE ESTUDIOS M ICHOACANOS / 8 / LAS / REPRESENTACIONES / RUPESTRES DEL / CENTRO NORTE DE MICHOACÁN / BRIGITTE FAUGÈRE KALFON,https://lh3.googleusercontent.com/pw/AP1GczP7xJcpz6gt6fqXii0aawVLzrU0yotq6WC78IYN6C7dFKj8DFqEg8bHx4hPl4g5TZHgW1EQFujqdEk0_gC0amtZXppTKSIHlVslJ3WJGF61xUFflpc
rotadas/caja-7/031_AP1GczNE0A.jpg,HISTORIA DE,Caja #7,caja-7,031_AP1GczNE0A.jpg,0,98.9,HISTORIA DE EL PRINCIPIO Y ORIGEN / PROGRESOS VENIDAS A MÉXICO Y MILAGROS / DE LA SANTA IMAGEN DE NUESTRA SEÑORA DE LOS REMEDIOS / HISTORIA DE / EL PRINCIPIO Y ORI / GEN PROGRESSOS VENI / das a Mexico y milagros de la Santa Ymagen de / nuevtra Señora de los Remedios extramuros / de Mexico / Por DIRIGIDA el nobilifsima Macro Fray Ciudad Luys AL de de Mexico INSIGNE Cifnerer Patrone de el Arden CABILDO de tu de Santa nuestra Hermita Señora DE de LA la / Merced Redemption de Theologia de captivos de la Real Cathedratico universidad de de propiedad Mexico de Visperas / ME XICO / En Mexico Impreffo con licencia en la Emprenta del Bachiller Ivan / Blanco de Alcaçar junto la Inquidción año de 161 / FRANCISCO MIRANDA / EL COLEGIO DE MICHOACÁN,https://lh3.googleusercontent.com/pw/AP1GczNE0AcWIaW6_fS3pQ8tcPw93jOTqxhk4iSQF7GeXR3et2gGCdEp9GXU5qL5GnIjocv-ebKn-Dz7TzWjSPDUQVf_b1FlOxT7sv0v1wP_eHvYeWbFTGw
rotadas/caja-8/001_AP1GczPWOf.jpg,arte,Caja #8,caja-8,001_AP1GczPWOf.jpg,180,97.5,Compendio de / arte / prehispánico / Paul Gendrop / ☑trillas Linterna Mágica 5,https://lh3.googleusercontent.com/pw/AP1GczPWOfTceCfYkiIpih493wT9IyIJtHa0aE2ltwIBtwxnqcXILKJ9u_zr_10iLEMCMfRd6rJik9t1tP4m0ORxIh--IxKndd6TyeprAUkLjCewN5pRAjI
rotadas/caja-8/002_AP1GczOusB.jpg,ARTE MEXICANO,Caja #8,caja-8,002_AP1GczOusB.jpg,0,99.0,INDUMENTARIA TRADICIONAL INDIGENA / ARTE MEXICANO / EDITORIAL HERMES,https://lh3.googleusercontent.com/pw/AP1GczOusBIFFl-eh29jig4iekT3V20UfKgLi_62AreHcRfISyTEEmtkhl8mVspjByS_GBXzgcrYbjiph_nPXeK3pi7Vn_NFnh2DWC12ANycg6l_lD-sTGE
rotadas/caja-8/003_AP1GczOXpn.jpg,los negros curros,Caja #8,caja-8,003_AP1GczOXpn.jpg,180,88.5,los negros / curros / llaves / Do / M / 5 / Fernando Ortiz,https://lh3.googleusercontent.com/pw/AP1GczOXpn428BAN0-WcI08YsP1blJZK97QpUT1mVzm_QGqbrDWcAASO22ciUFh9CrjlAvwFvbMHU1nd6yOhePZ6xukDBqVexDLY4Tillg0tya1teYPVJk8
rotadas/caja-8/004_AP1GczNU3R.jpg,LOS NEGROS ESCLAVOS,Caja #8,caja-8,004_AP1GczNU3R.jpg,180,94.4,LOS NEGROS / ESCLAVOS / Fernando Ortiz,https://lh3.googleusercontent.com/pw/AP1GczNU3RMYOiYLVCtvZZMhi07qv9h_rVZj8TI2CxOwJABu0RgI1VLDXcwn7gyJccwWxqZHEHi54QMXqlCP_8ObXi2FnM8Fspa6f2WRy6LU5y1t0phHNPA
rotadas/caja-8/005_AP1GczN-4c.jpg,CRONICA MISCELANEA DE LA,Caja #8,caja-8,005_AP1GczN-4c.jpg,180,98.7,CRONICA MISCELANEA DE LA / SANCTA PROVINCIA DE XALISCO / POR FRAY ANTONIO TELLO / LIBRO SEGUNDO / VOLUMEN I / Mani Jesus Don Beltran uno uño de Guzman / GOBIERNO DEL ESTADO DE JALISCO / UNIVERSIDAD DE GUADALAJARA / INAH / IJAH,https://lh3.googleusercontent.com/pw/AP1GczN-4cs8QQwBkTQAGXu6bsTs2Vj7U0lW9kbLliw6Coy0B3mzCJcTD1I0fuS3qewYCw-kwjfKElyhKGx06QtV3CxTXQXPILN_MzfCU0C7nmuRtxonlCk
rotadas/caja-8/006_AP1GczOE4l.jpg,CONQVISTA,Caja #8,caja-8,006_AP1GczOE4l.jpg,180,67.8,Everardo PEÑA NAVARRO / CONQVISTA / EN EL AHORA / ESTADO DE / NAYARIT / NARRACION / EN VERSO / TEPI C / NAYARIT,https://lh3.googleusercontent.com/pw/AP1GczOE4lFBF1OxJFjT8zWqbqtG42JXUx3hQeoFCeKfuu2yLtRtmT_VumJyEJzbrNxrP5BVgkvI-QehnCY2zLT5CoXm76GXxFgcXzGe8HdEqe2BFDxXqMw
rotadas/caja-8/007_AP1GczOANA.jpg,CVAVALE MOC,Caja #8,caja-8,007_AP1GczOANA.jpg,180,70.3,TRAGEDIA DE / CVAVALE MOC / POR ALFONSO TEJA ZABRE / Montal / E DICIONES BOTAS / MEXICO D.F / 1934,https://lh3.googleusercontent.com/pw/AP1GczOANAuh0qn-QgkYma8bpFJGRdDLsEC_m9wVHiZfDhvShNS7Ub95mFq9bmfCuUf44aMPU5kMGkPhoW5OnnwQHcrIVh5nAc8ptU50KcMNMD4I0gK-r2Q
rotadas/caja-8/008_AP1GczOSac.jpg,mexicayotl,Caja #8,caja-8,008_AP1GczOSac.jpg,180,89.5,Crónica / mexicayotl / Fernando Alvarado Tezozómoc / P / mw / los a qui nach av om de valen / tes homber pul avion de ser in / la aurra / UNIVERSIDAD NACIONAL AUTÓNOMA DE MÉXICO / INSTITUTO DE INVESTIGACIONES HISTÓRICAS,https://lh3.googleusercontent.com/pw/AP1GczOSacYnPlCwn1MMeYjOMdvMbos1NexmcN1vaAhflBxD2NXBPk8ZUkZ7iAYKETCEpgBHQygdGiK0989UVY0k3EbT07Fs7bUwZ7TTgoYxnji5D-cqNUM
rotadas/caja-8/009_AP1GczMWfC.jpg,antropológica desde los años sesenta,Caja #8,caja-8,009_AP1GczMWfC.jpg,180,98.5,La teoría / antropológica / desde los años / sesenta / Sherry B. Ortner / Cuadernos / de / Antropología / EDITORIAL UNIVERSIDAD DE GUADALAJARA,https://lh3.googleusercontent.com/pw/AP1GczMWfCeKVwzLZhj2mgkamyTgxwA1uFHKhWHCOscSoEAEf8v_e7VryoD5e0E9KI_rumyvyEwNl8Tpws8OANTUQRTDGXOdir12axdXPYYHmeJw4TNmeYU
rotadas/caja-8/010_AP1GczNPdC.jpg,RELACIONES,Caja #8,caja-8,010_AP1GczNPdC.jpg,180,98.0,RELACIONES / Estudios de Historia y Sociedad / 19 Verano de 1984 / El Colegio de Michoacán,https://lh3.googleusercontent.com/pw/AP1GczNPdCREAsEMvW0E83Vu0hE-Hnxz_p-itPsimSSzYcV-hvMw78wzolbPhv9x1o2daPGkrIV15N5ck6dZ83wVtp5jLdCfkMO4pJuzV3qO9m8C-yeVVh0
rotadas/caja-8/011_AP1GczP28C.jpg,DESCRIPCIONES ECONOMICAS REGIONALES,Caja #8,caja-8,011_AP1GczP28C.jpg,180,98.1,DESCRIPCIONES / ECONOMICAS / REGIONALES / Apachi APACHER X DE NUEVA ESPAÑA / Bakly / OVA / Hojomes Lns Provincias del Centro Sudeste / interyon / trackwis Sumas y Sur 1766-1827 / maleue Lan / Lajmfion Ambouchure / Lac Iofeph de S di Laidovici Bernard g di Milliffipi CL / Cen / Jens Sin St5p / M / BISCAYA The Free t Go Loce que sis / REGI LEONIS / GUASTECA / SINUS MEXICANUS / ZACATECAS PANN / TIA NOVA GALLICKS / TROPICU / GUARAR Lage Negrille I. Murores Ins / La Bornja Des D / Used abja / Moride / va Lois Lakes Martel SIN Areas cirefire Comple / Any Remind cela de Sacrifices CAMPECHI Hañade it / IUC / CANA Tebafe / P R Rigorates ALA Vittori / Parts Acapulcs Hiltera Mifteen GER MSIVE GUA SINUS / Parto ful / D Preferis Salines / U Port de Custimela HISPANIA / d'Itape / la Barve / Les P Sewer Rodge / Sin Papagallis / sep / inah,https://lh3.googleusercontent.com/pw/AP1GczP28CwIgvLYI3GxpK7sOfOgdXfThZabscvuVFKrXeIkc71Bm2MPMe2QTUWb8f5I_nUGMtpASYTIAACANqYXvt93bDsLiCTCvbcJ1su0rbV4SlCqIyM
rotadas/caja-8/012_AP1GczM2ou.jpg,DESCRIPCIONES ECONOMICAS GENERALES DE NUEVA ESPAÑA,Caja #8,caja-8,012_AP1GczM2ou.jpg,180,97.2,DESCRIPCIONES / ECONOMICAS / GENERALES / DE NUEVA ESPAÑA / 1784-1817 / Couches / Ster NUEVA BISCAYA / GOLFO DE / ACATECA P A / CHLAMETLE / Wings Bac / Gu TRCAN ME I co / WOAC / EWANIAN ARISE METER / Aan de G4 / UW SPAME / SŁO HIAPA / GUATEMAL / 4 / AT / t / Pee vaadey a / sep / inah,https://lh3.googleusercontent.com/pw/AP1GczM2ou6qPvJ_KH5ndx2JqhqHR3F5WPMJmb9W7XVMZLZUpc2al-EDaFYH2uBHVrdGC-hI4JwZh1kWk4bEC7QdhJ00JqcBh0MggTZjFIhHsfmdTgcueNI
rotadas/caja-8/013_AP1GczP_V4.jpg,OBRA,Caja #8,caja-8,013_AP1GczP_V4.jpg,180,97.0,NEW WORLD / ARCHAEOLOGICAL FOUNDATION / OBRA / 1952 1980 / Phas / THOMAS A. LEE JR,https://lh3.googleusercontent.com/pw/AP1GczP_V4u_DdeD3h0iwTcQ-FQJWyk_BT1io4xAbz1f7cq2xDI6lM8njZrdeCeoEnPenZDsHWUOYbXQNkPv1BngGOdHBOKsfTRNxlYtBawedtkxYzND0Es
rotadas/caja-8/014_AP1GczMDC4.jpg,A History of American Gordon R Willey,Caja #8,caja-8,014_AP1GczMDC4.jpg,180,97.9,A History of / American Gordon R Willey / and / Archaeology Jeremy A Sabloff,https://lh3.googleusercontent.com/pw/AP1GczMDC4kymAusRCmuRhmqi4QRzx4tGgMRY9OzU-uhicOipjFSQVheRefCSfQDTW3lfT0qbrVgMyDrbweuu0JZo3yA_ArYVMOGiB5ngblnJnU053Lj0OY
rotadas/caja-8/015_AP1GczNlHl.jpg,A Study of Pueblo Architecture in Tusayan and Cibola,Caja #8,caja-8,015_AP1GczNlHl.jpg,180,98.3,A Study of / Pueblo Architecture / in Tusayan and Cibola / Victor Mindeleff / Introduction by Peter Nabokov / BIG / 14 / MALE / CLASSICS OF SMITHSONIAN ANTHROPOLOGY,https://lh3.googleusercontent.com/pw/AP1GczNlHlTb_mLnF6jJnxvOGMAzEpQZxCbGYYeoinSJubNmzxCmgUG2wFut2Tr2GcQUHWz9ZOcCsiwCOl6jCsRM0AMtZ6MV84w7tkdBcHXsDUBRDUtKzXo
rotadas/caja-8/016_AP1GczOoJP.jpg,RELACIONES GEOGRÁFICAS DEL SIGLO XVI NUEVA GALICIA,Caja #8,caja-8,016_AP1GczOoJP.jpg,180,95.2,RELACIONES / GEOGRÁFICAS / DEL SIGLO XVI / NUEVA GALICIA / EDICIÓN DE RENÉ ACUÑA / e / tanpa / m / Fay / an / UNIVERSIDAD NACIONAL AUTÓNOMA DE MÉXICO,https://lh3.googleusercontent.com/pw/AP1GczOoJPbBA3LA8C8TtFiBCH87ILoTRoAQTXS3eoHx_eowGFRBCJSIEWx3ywutJ3fmrIQYM3KY7n_B4Pj2SUDiD6Ca8947eml6sUtZRKlyZflk4VQPt3I
rotadas/caja-8/017_AP1GczPsC-.jpg,RELACIONES GEOGRÁFICAS DEL SIGLO XVI TLAXCALA,Caja #8,caja-8,017_AP1GczPsC-.jpg,180,97.0,RELACIONES / GEOGRÁFICAS / DEL SIGLO XVI / TLAXCALA / tomo segundo / EDICIÓN DE RENÉ ACUÑA / Ach 230 2002 / 2800 / 66833 / 99830 / 6000 00000 / MOTORCOen / EL / UNIVERSIDAD NACIONAL AUTÓNOMA DE MÉXICO,https://lh3.googleusercontent.com/pw/AP1GczPsC-I1BRmKHZhacGtrAzJ8NsKdR7blqEr1-RdevjNnXlk6PrUXChermB_WqK8E002YvgZC3J505QLoumQP1H8lw0HdPkZXQaAVuwGZgIVCYR5EO9g
rotadas/caja-8/018_AP1GczMlS8.jpg,300 RELIGION,Caja #8,caja-8,018_AP1GczMlS8.jpg,180,85.0,SOCIEDAD MEXICANA DE ANTROPOLOGIA / 300 RELIGION / EN / MESOAMERICA / XII MESA REDONDA / MEXICO / 1972,https://lh3.googleusercontent.com/pw/AP1GczMlS8Yh9cdReDQDhqh-3BHX2gq0eO_5xgW_TARG7JEoGIn1i6K_Def9zK9fIcXCcsB1eCTvI0yyb1-knlnuaQlf4rDLLeqpMHPjZtHODr6qqjUPNLg
rotadas/caja-8/019_AP1GczP4ug.jpg,DON VALENTIN GOMEZ FARIAS,Caja #8,caja-8,019_AP1GczP4ug.jpg,180,98.4,Subsecretaría de Educación Elemental / Dirección General de Educación Primaria / VIDA Y OBRA EDUCATIVA DE / DON VALENTIN GOMEZ FARIAS / Aproximación a su intencionalidad política / CUAUHTEMOC JEREZ JIMENEZ JUAN JOSAFAT PICHARDO P. / INVESTIGADORES PARTICIPANTES / DULCE MARIA BRAVO DIAZ / VICTOR GUTIERREZ CHONG / MA DEL SOCORRO SUAREZ QUINTANA / sep / Mèxico 1982,https://lh3.googleusercontent.com/pw/AP1GczP4ug_tyEdnBuPcfy9aQIVS8LswxEGebJYg9NSNPAUB5BOjxHQWcDCww768dflp4KcVu0TwaUUFCGokiIU1e0SHy3LKCDaNIVCth6ga7diIN43ghkQ
rotadas/caja-8/020_AP1GczN5Cp.jpg,El pasado de tres pueblos Tamazula Tuxpan y Zapotlán,Caja #8,caja-8,020_AP1GczN5Cp.jpg,180,98.7,El pasado de tres pueblos / Tamazula Tuxpan y Zapotlán / Otto Schöndube Baumbach / Universidad de Guadalajara,https://lh3.googleusercontent.com/pw/AP1GczN5CpVigKJRZIdoccASvVM6ZQbN4hGEAN1iOGcYf8CBYnt36IqGMUpAlk6ktc6sV04z2MsMOFJwnb9kM135qFJoqhnUIYRnlXP2GbKRrRt228S2dEc
rotadas/caja-8/021_AP1GczMcJp.jpg,RAUL PAVON ABREU Bonampak EN LA ESCULTURA,Caja #8,caja-8,021_AP1GczMcJp.jpg,90,98.3,RAUL PAVON ABREU / Bonampak EN LA ESCULTURA,https://lh3.googleusercontent.com/pw/AP1GczMcJpKK_iC63XOJdLujEKwGjuv1Ir0Y5gvXOOcVsNCAg7DfMnJWtu1ul-lGWO9LJhi2pqgtr5oAi_incI1dFsHolE5hol6nAGKzs_KfP38vWSkswAk
rotadas/caja-9/001_AP1GczML_H.jpg,antropología americana,Caja #9,caja-9,001_AP1GczML_H.jpg,180,96.7,boletín de / antropología / americana / diciembre / 2 1980 instituto panamericano de geografía e historia,https://lh3.googleusercontent.com/pw/AP1GczML_HRRQjXDMr_TfZGAMwiwh59WwXSyuJpSx-Ze-ovInQLby-DIPT1SubF5g958UMdv9XRyr1iukWih1B047GMgIHOpb32oSsvk4jHLVDvloWZ-0FA
rotadas/caja-9/002_AP1GczPCSg.jpg,ARQUITECTURA,Caja #9,caja-9,002_AP1GczPCSg.jpg,180,96.6,ARQUITECTURA / antigua de MéxicO / una perspectiva analítica / ALFREDO PÉREZ PONCE / MA EUGENIA SÁNCHEZ RAMOS / CARMEN DOLORES BARROSO GARCÍA,https://lh3.googleusercontent.com/pw/AP1GczPCSg8u6vjtHu0XvSvAuwkSQhHZ0fP-GpuFHRH8x6i3vJobKiNFFqRWR7kpmbUPxo2tTuie6j6tvysY-MIvWoXcTbUe2AGURv_Oc1rBSovFeifRyog
rotadas/caja-9/003_AP1GczOFNX.jpg,antropología americana,Caja #9,caja-9,003_AP1GczOFNX.jpg,180,97.6,ISSN 0252 841X / boletín de / antropología / americana / BOLETIN DE / ANTROPOLOGIA AME RICANA / 12 diciembre 1985 instituto panamericano de geografía e historia,https://lh3.googleusercontent.com/pw/AP1GczOFNXgc8IVaK6KMf0SPjZ7pyTwqgaq3x_Ud_Ko9Dteuk7ngNh1vGk-qi5AmsWyycZExwij2hFeAbWj9ga9cRcdBsGF74r1gW9NPZ09NOGO8lsTh4i4
rotadas/caja-9/004_AP1GczOIUn.jpg,antropología americana,Caja #9,caja-9,004_AP1GczOIUn.jpg,180,98.1,ISSN 0252 841X / boletín de / antropología / americana / BOLETIN DE / ANTR / OPOLOGIA AMERICANA / julio / 11 1985 instituto panamericano de geografia e historia,https://lh3.googleusercontent.com/pw/AP1GczOIUnwcMZmzQFQ9JsOtrRs_V1WCRRIrp8GGq0LZvGdY3R51BlONbrWgdI2YzbakICEZhhCwHVatta-2afSDpiiOFYzhTPDDrA2Fj4ozi3EGrnB3V9o
rotadas/caja-9/005_AP1GczOnaZ.jpg,antropología americana,Caja #9,caja-9,005_AP1GczOnaZ.jpg,180,98.2,ISSN 0252 841X / boletín de / antropología / americana / DDD / BOLETIN DE / ANTROPOLOG AMERICANA / 10 1984 diciembre instituto panamericano de geografía e historia,https://lh3.googleusercontent.com/pw/AP1GczOnaZ50kiEwCJLjYWenFmd_yz_-qoRzZ50EREPi4Or7zNje0AGBXMUe9pkMvrPiM7c0w0kO1HcxGg04ic71VBKwoOvGn_gu0p-dI01h23X3-wg6jy0
rotadas/caja-9/006_AP1GczPTXa.jpg,antropología americana,Caja #9,caja-9,006_AP1GczPTXa.jpg,180,98.4,ISSN 0252 841X / boletín de / antropología / americana / B / D / BOLETIN DE / ROFOLOGI AMER / 9 julio 1984 instituto panamericano de geografía e historia,https://lh3.googleusercontent.com/pw/AP1GczPTXaYvN_fNER08kR0sYgtKNqQG-Rk6AF6y4PXwcgzGjy0BcGK6GM0_jvKZ_wIey47gSVG49P3vIYoxGJBAv5ZlDCEBC2q01_KhX1CiWul-vzwpvDA
rotadas/caja-9/007_AP1GczMOdM.jpg,antropología americana,Caja #9,caja-9,007_AP1GczMOdM.jpg,180,97.4,ISSN 0252 841X / boletín de / antropología / americana / X / BOLETIN DE / ANTROPOLOGI AMERICANA / 7 julio 1983 instituto panamericano de geografía e historia,https://lh3.googleusercontent.com/pw/AP1GczMOdMlL9_pOVSAMow5xcV_DBnO2I1564jXNlpip6km10uicIaY_9-Lf95Y6dQRqKAFQX8SK7aP9XCiRfZe3CyLN8o7EeKwbYEBecBIV-nyaLG8YE9Q
rotadas/caja-9/008_AP1GczN0RP.jpg,antropología americana,Caja #9,caja-9,008_AP1GczN0RP.jpg,180,97.9,ISSN 0252 041X / boletín de / antropología / americana / L / OGIA AMERI / 5 1982 julio instituto panamericano de geografía e historia,https://lh3.googleusercontent.com/pw/AP1GczN0RPpI_6gCQafc9LQ6yKLPt89J7Mcw36TbkD_Lne5qBweXQyR9UF5o451_S1IrYhoHZByIWTdvTqm4YK-Lpgrfjo7q7nLpbw3fQ_2zt7hBtecScDc
rotadas/caja-9/009_AP1GczOz39.jpg,antropología americana,Caja #9,caja-9,009_AP1GczOz39.jpg,180,98.5,boletin de / antropología / americana / BOLETIN DE / ANTRO ROPOLOGIA AMERICANA / 4 diciembre / 1981 instituto panamericano de geografia e historia,https://lh3.googleusercontent.com/pw/AP1GczOz39pzo9aG6dSF3wVjLAuwmXo7jQ_PqgnO38q4lGKfFrXyJuwT--BGLqu06ZF1aH5wODEWJRtxnayMwFbAN23js-mHVRrijOHv0imKd6toeVHZkX8
rotadas/caja-9/010_AP1GczOlWP.jpg,antropología americana,Caja #9,caja-9,010_AP1GczOlWP.jpg,180,98.7,boletín de / antropología / americana / BOLETIN DE / ANTROPOLOGIA AMERICANA / to papamunicano de geografie e historia,https://lh3.googleusercontent.com/pw/AP1GczOlWPAGvqC1cv7iMVYWnS3BJMI2ItBBVi8enbXg2rkRYUlD62JlYO-P2Jbafb1urKQZqQW0yhhP8TWhpCLYDIzy5h8WUuC1YK4ZO-0E6LMhf7eaTco
rotadas/caja-9/011_AP1GczNJhe.jpg,antropología americana,Caja #9,caja-9,011_AP1GczNJhe.jpg,180,98.5,boletín de / antropología / americana / BEA DE ANTA / BOLETIN MERICA / poca / 1 junio 1980 instituto panamericano de geografia e historia,https://lh3.googleusercontent.com/pw/AP1GczNJhe_-ax-A5V2tUTAeobIjJsptT8Hc1PHIqkRvQ9gJgx4KtuBaMXlphEOzKB7-LNICv7awpOfk4ZV7KcaHN_njhLkrlecLxUFRjkIbkm7Jkfb-wos
rotadas/caja-9/012_AP1GczMTgd.jpg,antropología americana,Caja #9,caja-9,012_AP1GczMTgd.jpg,180,97.5,ISSN 0252 841X / boletín de / antropología / americana / BOLETIN DE / 6924 / ANTROPOLOGIA AMERICANA / 8 diciembre 1983 instituto panamericano de geografia e historia,https://lh3.googleusercontent.com/pw/AP1GczMTgdJS4IlhYW6npdOqkmNxYcfadVOrp4mHqB1E2ktrdfApBenZU7GES7l5VWYlxaDZ6QwLZPhLzy1F9uC63RfKhn0Fyo4FyNGtS3qm6kGCLFLqkoA
rotadas/caja-9/013_AP1GczNMcQ.jpg,EL EPICLÁSICO,Caja #9,caja-9,013_AP1GczNMcQ.jpg,180,97.0,PARA COMPRENDER / EL EPICLÁSICO / EN EL CENTRO DE MÉXICO / PROBLEMAS Y PROPUESTAS / TEÓRICO METODOLÓGICOS / JESÚS E. SÁNCHEZ / INSTITUTO NACIONAL DE ANTROPOLOGÍA E HISTORIA,https://lh3.googleusercontent.com/pw/AP1GczNMcQVyhsWy3xDjnmLTHF49mfNNY2fj_r-FvQfQ96OMlCPI5HCDbh1bNIN-IW3lUrTH2XriQYJgDUHTfQc8URwQSjKLJARkebsmqULb4uly6EvLT5E
rotadas/caja-9/014_AP1GczPd3H.jpg,ARQUITECTURA,Caja #9,caja-9,014_AP1GczPd3H.jpg,180,96.4,ARQUITECTURA / antigua de MéxicO / una perspectiva analítica / ALFREDO PÉREZ PONCE / MA EUGENIA SÁNCHEZ RAMOS / CARMEN DOLORES BARROSO GARCÍA,https://lh3.googleusercontent.com/pw/AP1GczPd3HVnGUdLCqHhkT34RKykngIAk-uCJ8C6rZUWuvmymbQ6SqxWjg_5hpHZqqse3os-IIU2L_plyR4MwTtTtanqc9FVxRBxseAdqqHUjeNvbqfbKn8
rotadas/caja-9/015_AP1GczPZER.jpg,Cambio y continuidad entre los Mayas de México,Caja #9,caja-9,015_AP1GczPZER.jpg,180,98.7,HENRI FAVRE / Cambio / y continuidad / entre los Mayas / de México / 77 contribución al / estudio de la / situacion / colonial en / América Latina / INSTITUTO NACIONAL INDIGENISTA,https://lh3.googleusercontent.com/pw/AP1GczPZER6qeNjxhRr6B5-KohjF_9KjIH9nheAonN0oqZuuK5gNq3NIteMVGt1jTFIJ81ONe00hzSqkFr43S6JgDwIrhXi1ZFQes6BvJf6kKvW6cR-MJCI
rotadas/caja-9/016_AP1GczOBGR.jpg,La antropología en México,Caja #9,caja-9,016_AP1GczOBGR.jpg,180,98.3,La antropología en México / Panorama histórico / 14. La antropología / en el centro de México / CUPERA / DEL PLE / DEZANAN / BALDR / 100 / Carlos García Mora coordinador / Colección Biblioteca del INAH / Instituto Nacional de Antropología e Historia,https://lh3.googleusercontent.com/pw/AP1GczOBGRcJ6HEf_Jztz53X-019qNmH2oa6HXm-FWcpkSFbS5zEs8Bkwa_EQSRPKZXcXXp_xzbwHpSetcNr2XSeEAYsHaJN_O0UEKSsXDJR73bvbaFYfJI
rotadas/caja-9/017_AP1GczM4GV.jpg,La antropología en México,Caja #9,caja-9,017_AP1GczM4GV.jpg,180,98.1,La antropología en México / Panorama histórico / 11. Los protagonistas / Nájera Yurchenco / Lina Odena Güemes Carlos García Mora / coordinadores / Colección Biblioteca del INAH / Instituto Nacional de Antropología e Historia,https://lh3.googleusercontent.com/pw/AP1GczM4GV4HBVCz-xWoJLo8MuPPoVuNdMy7umP-nEHRMnXcZj_S_UQfcl8Q9FS62wAiNo8w42HaehkgNGWJ-W6PxxE6ZkQyO0VXwzIds6ZHg97dT9RRwIM
rotadas/caja-9/018_AP1GczP4vn.jpg,Mi pasado prehispánico,Caja #9,caja-9,018_AP1GczP4vn.jpg,180,98.5,Mi pasado prehispánico / Programa Conoce tus sitios arqueológicos / Investigación interdisciplinaria y divulgación científica del patrimonio / arqueológico del municipio de León Guanajuato / Gerardo Almaguer Hernández / Lidia Iris Rodríguez Rodríguez / María Fernanda Sánchez Tejeda / Colaboración / Dra Verónica López Delgado / Dr. Avtandil Gogichaishvili / Juan Carlos Valencia Parra,https://lh3.googleusercontent.com/pw/AP1GczP4vnUPvF5NW--IK7uTBe_V4NXCnsYmqnqpuhWf5vgymKANNyYKuekA6MgeeKeRcajgR4rrkgMrQDcGXlRF7bfNlvOfmBV_D7f_v4smLVppCuYHddc
rotadas/caja-9/019_AP1GczPvyS.jpg,JORNADAS de ANTROPOLOGIA,Caja #9,caja-9,019_AP1GczPvyS.jpg,180,93.8,JORNADAS / de ANTROPOLOGIA / Ricardo Avila Palafox compilador / DIEV ET MON / DROIT / BURASIMA / EDITORIAL UNIVERSIDAD DE GUADALAJARA,https://lh3.googleusercontent.com/pw/AP1GczPvySMK16R8f8RKwHAvicmVXjOp5o7woJC6VdzgCkFKqE3YhDpIQyeN1AJXz_3fXBA1Tqdy0ZUUotpMDwUFpuYX9NUx99RZKV217_O_YrAiSxluYBg
rotadas/caja-9/020_AP1GczN6gg.jpg,Un gran viaje en el tiempo,Caja #9,caja-9,020_AP1GczN6gg.jpg,180,98.5,AVENTURA INAH / Un gran viaje en el tiempo / CJ / Libro de Para niños de / Actividades 6 a 10 años / Martha Lidia Edgar Iris Alejando Patricia Rodríguez Ordaz Salas Rodríguez López Castro Alán Colaboración Salas López Felisa Aguilar / Gerardo Almaguer Hernández,https://lh3.googleusercontent.com/pw/AP1GczN6gg6lpDCX566K7gHkyXk9izotKcoOtwQ5eJ4xV1fsyswVYJVA_810tH8ZdBrJRJV7GoGYUyAndtBMbziB_3O5sfa5vZjvxd33vjHMQ2aa7ugcXvk
rotadas/caja-9/021_AP1GczNaKb.jpg,FLORA DEL ESTADO DE MEXICO,Caja #9,caja-9,021_AP1GczNaKb.jpg,180,96.4,MAXIMINO MARTINEZ / EIZI MATUDA / FLORA / DEL ESTADO / DE MEXICO / Edición facsimilar de / los fascículos publicados / en los años de 1953 a 1972 / preparada por / IGNACIO PIÑA LUJAN / 70 / TOMO I / Biblioteca Enciclopédica del Estado de México / México 1979,https://lh3.googleusercontent.com/pw/AP1GczNaKbtpotbTPnxTCewey032QjQiZdQYlyyqbT0-4kcJU9Fk_sLV0bfrJ5So-wz_1T3cy5vcRmx8qyNrzv2e62LWh0ybQnN5C_LbuQrGUylxkD0UBHw
rotadas/caja-9/022_AP1GczMolU.jpg,PUBLICACIONES DEL DEPARTAMENTO DE LA ESTADISTICA NACIONAL,Caja #9,caja-9,022_AP1GczMolU.jpg,180,98.8,PUBLICACIONES DEL DEPARTAMENTO / DE LA ESTADISTICA NACIONAL / LA EVOLUCION / DEL NOROESTE / DE MEXICO / POR / MIGUEL O. DE MENDIZABAL / MEXICO / 1930,https://lh3.googleusercontent.com/pw/AP1GczMolUjHy6EjCGEfAlfMd5qcCj5GgXDJtnN7ezrhnrqfJPo3hFnbeevx4ow8IIpk9sOFjxknUz_LMs5aXKEsDJTQcvvK7cCc3j_9jnyuZs_pzu1jHzM
rotadas/caja-9/023_AP1GczPlHN.jpg,ARQUEOLOGIA DE SUPERFICIE EN SAN CRISTOBAL ECATEPEC ESTADO DE MEXICO,Caja #9,caja-9,023_AP1GczPlHN.jpg,180,98.5,56165 46666 / HUMBERTO DOMINGUEZ CHAVEZ / 666 / ARQUEOLOGIA DE SUPERFICIE / EN SAN CRISTOBAL ECATEPEC / ESTADO DE MEXICO / un estudio del desarrollo / de las fuerzas productivas / en el México Prehispánico / APENDICES DE WILFRIDO DU SOLIER / 32999122299 HWH B 566 / 2999 / prefacio por / WILLIAM T. SANDERS / Biblioteca Enciclopédica del Estado de México / México 1979 / 299 299,https://lh3.googleusercontent.com/pw/AP1GczPlHN995O-g71-okYfp2rqJLpIHU30QRYv5NAz7Gs7UHXEHqNVnuvfZuNuokrpicmtdecCPX_eNF4DQyMI1USjJR0WfGz0To42ZXwooa5XwrKt4z6k
rotadas/caja-9/024_AP1GczOv0H.jpg,E E,Caja #9,caja-9,024_AP1GczOv0H.jpg,180,80.3,WIGBERTO JIMENEZ MORENO / E E / LA COLONIZACION Y / EVANGELIZACION DE / GUANAJUATO EN EL / C SIGLO XVI elo / desexo / E / a / LEON GTO ENERO 1984,https://lh3.googleusercontent.com/pw/AP1GczOv0H6MbIAa4NEqiiA2whKl1FC7ySrVDkby0EY5zIjR2q4eygOYBK6fv7S-SV1R-iZyOeNIIiXP8vH0gZDhg10odIIVwzEUFFEa0-OZBeR6W4K3WxY
rotadas/caja-9/025_AP1GczMlij.jpg,EL ESTILO ARTISTICO DE IZAPA,Caja #9,caja-9,025_AP1GczMlij.jpg,180,98.3,JACINTO QUIRARTE / EL ESTILO ARTISTICO / DE IZAPA / INSTITUTO DE INVESTIGACIONES ESTETICAS / UNIVERSIDAD NACIONAL AUTONOMA DE MEXICO,https://lh3.googleusercontent.com/pw/AP1GczMlijyOtANqYXoxF3Bb3SMYwjS8Ru0iC9xZ3eJ5Iyy17ETwnE3oFbGFRiavtcqBHPWovXMERgPL3qL6CD-bN6GiYqmV8HqvC3BjznRgM5NR1h2bvr0
rotadas/caja-9/026_AP1GczPDFq.jpg,R R,Caja #9,caja-9,026_AP1GczPDFq.jpg,180,73.2,Carlos Alberto Torreblanca Padilla / R / R R / MANIFESTACIONES / RUPESTRES / BEN LA QUEMADA / Los PETROGRABADOS / 19 / FONDO ESTATAL PARA LA CULTURA Y LAS ARTES / ZACATECAS / EDICIONES 2000,https://lh3.googleusercontent.com/pw/AP1GczPDFqjVS4hXowyTI2oYxJfbJMykDl7UlYARZE2L77P0l8pbXqTfz-UnZC4u86P_IX2y42Xj8k_B4WcMReFBDYspD4UzEre5BlgEebpaxhra2hgqrOk
rotadas/caja-9/027_AP1GczOl00.jpg,La Sociedad Indígena en el Centro y Occidente de México Pedro Carrasco et al,Caja #9,caja-9,027_AP1GczOl00.jpg,180,97.9,La Sociedad Indígena / en el Centro y Occidente / de México / Pedro Carrasco et al / EL COLEGIO DE MICHOACAN,https://lh3.googleusercontent.com/pw/AP1GczOl00xJuP6EeEs0PGY8Dx1gcHVQmjAFfKIqdSQgZUsTKZHNN9wS_0xBrHOpNOrhBd-hUkgLNI0GWd7qFGAg_b2qrvGFvbhzm4sA7H_ezbuAuVZprko
rotadas/caja-9/028_AP1GczNiWu.jpg,EL ENCUENTRO DE LA PIEDRA Y EL ACERO,Caja #9,caja-9,028_AP1GczNiWu.jpg,180,98.8,EL ENCUENTRO / DE LA PIEDRA Y EL ACERO / José Lameiras / EL COLEGIO DE MICHOACÁN,https://lh3.googleusercontent.com/pw/AP1GczNiWuqRdozYylFjMsy2MtwX0vHWdiwPo3zgEpsjK7VHhXiaETAlXZhN9mJD4iwttvTlKItYkdTt2Co6lXCqFsnnCbHlZTh-Zsg5t6PfPBfoqZutQQg
rotadas/caja-9/029_AP1GczM9EF.jpg,civilización o en el norte de méxico,Caja #9,caja-9,029_AP1GczM9EF.jpg,180,98.6,civilización o en / el norte de / méxico / ARQUEOLOGIA DE LA CAÑADA DEL RIO BOLAÑOS / ZACATECAS Y JALISCO / ma teresa cabrero g / UNIVERSIDAD NACIONAL AUTONOMA DE MEXICO,https://lh3.googleusercontent.com/pw/AP1GczM9EFYN4vq7n24XoMcoPptCC84K-qOduvFSPRlOGagsgiUOBPxAnXuUvaoQk08IqCS5fkS7v8aBS-EiAj2V23miM5zPB-6_qr7DL9sClhi2ze-exyA
rotadas/inventario-caja-1/001_AP1GczPxN9.jpg,Los Tardhumaras,Inventario caja #1,inventario-caja-1,001_AP1GczPxN9.jpg,0,89.0,Los / Tardhumaras / UNA TRIBU INDIA / DEL NORTE DE MEXICO / Wendell C. Bennett bef / Robert M. Zingg / Clásicos de la / Antropología / INSTITUTO NACIONAL INDIGENISTA,https://lh3.googleusercontent.com/pw/AP1GczPxN9C-db_yjSEtQH9KpwvEdEubxeaNPz-aJQ6njalmqasIA1n8MisH9Fpk1DuJSgXJv5trfgkRqZkHwmBYr5gQHsE6bHIGGlLJfJu6RJNkpuhB1s4
rotadas/inventario-caja-1/002_AP1GczOu1V.jpg,PUEBLOS INDICLAS egionesRAFÍA COMENTADA L PUEBLOS INDÍGENADE I M indigenas ENTADA LA,Inventario caja #1,inventario-caja-1,002_AP1GczOu1V.jpg,0,91.2,E MÉXICO BIBLIOGRAFIEOLOGRAR TAD REGIONES INDÍGENAS EN EL E / EGIONES INDÍGENAS EN EL ESPEJO BIBLIOGRÁFICO ETNOGRAFÍA DE LOS PUE / ETNOGRAFÍA DE LOS PUEBLOS INDÍGENAS DE MÉXICO BIBLIC FÍA COM / DE MÉXICO BIBLIOGRAFÍA COMENTADA LAS REGIONES INDÍGENAS EN EL E / EGIONES INDÍGENAS EN LO BIBLIOGRAFICO ETNOGRAFÍA DE LOS PUB / ETNOGRAFÍA DE LO BLOS IN GENAS DE MÉXICO BIBLIOGRAFIA COM / PUEBLOS INDÍGENAS AICO BIBLIOGRAFÍA COMENTADA LA / PUEBLOS INDICLAS egionesRAFÍA COMENTADA L / PUEBLOS INDÍGENADE I M indigenas ENTADA LA / PUEBLOS INDIGEN DE MÉXICO BIBLIOGRAFÍA COMENTADA L / EN EL ESPEJO BIBLIOGRÁFICO / PUEBLOS INDIC AS DE MEXICO BIBLIOGRAFIA COMENTADA LA / 2 / EJO BIBLIOGRAFICO ETNOGRAFIA DE LOS P / COMENTADA LAS REGIONES INDÍGENAS EN E / BLOS INDIGENAS Julieta Saúl Millán Valle O BIBLIOGRAF / EJO BIBLIOGRÁFICOGRAFÍA DE LOS P / COMENTADA LAS RE ONES INDÍGENAS EN E / BLOS INDÍGENAS ETNOGRAFÍA DE MEXICO DE LOS PUEBLOS BIBLIOGRAF / INDÍGENAS DE MÉXICO / EJO BIBLIOGRAFICO ETNOGRAFIA DE LOS P,https://lh3.googleusercontent.com/pw/AP1GczOu1VF1j-7VOpGgStSv-LGinOSwpB2JolIXhBKBKmMn84RHkDMYZaJz60XNW8KLRdbvpL8Ftc1eJ3FFyrjb0_KLnP1mKbo9EVNVeKfbafAPRiG-_QM
rotadas/inventario-caja-1/003_AP1GczPHVO.jpg,Guanajuato la cultura en el tiempo,Inventario caja #1,inventario-caja-1,003_AP1GczPHVO.jpg,0,99.0,Guanajuato / la cultura / en el tiempo / Mariano González Leal Coordinador / EL COLEGIO DEL BAJIO / Segunda época,https://lh3.googleusercontent.com/pw/AP1GczPHVOY6aC_zsUng20Crv5_9VkUtCFDtm64B_OnB6F64MaYKIMCqMvOpusUEtgetUfSy7C6cMkF1htqTXQTWpFmTjIw789odS5yNV_DzqaGleigppPo
rotadas/inventario-caja-1/004_AP1GczOVmZ.jpg,El contingente de sangre,Inventario caja #1,inventario-caja-1,004_AP1GczOVmZ.jpg,0,97.2,N / COLECCIÓN / DIVULGACIÓN / 1170 / El contingente / de sangre / José Antonio Serrano Ortega,https://lh3.googleusercontent.com/pw/AP1GczOVmZXnduRonAH5OaAzszeloEVtoJaKcCYR0buiWeDI4hnzt_4h4UmHUh6D_bdEJ-G_3q-1LvDw4CgEbEAEMYCQ32-hcBiCrr5zcVSpkfDbD7Riih0
rotadas/inventario-caja-1/005_AP1GczOT4m.jpg,de Independencia,Inventario caja #1,inventario-caja-1,005_AP1GczOT4m.jpg,0,98.7,El proceso ideológico / de la revolución / de Independencia / Luis Villore / Sep,https://lh3.googleusercontent.com/pw/AP1GczOT4mlm-ia8tS3MALUqx-nk1yCLIywP15c0VthL-zjKJYQiqq3jh_7DwoR1-U3Ar0xDq5Nw6GYOueGAeQ5XdErK7MLbPrUHP7SgV3OeXpxLfBP6XL0
rotadas/inventario-caja-1/006_AP1GczP2nE.jpg,Gerardo López y Sergio Velasco APORTACIONES INDIAS A LA EDUCACIÓN,Inventario caja #1,inventario-caja-1,006_AP1GczP2nE.jpg,0,98.1,antología preparada por / Gerardo López y Sergio Velasco / APORTACIONES / INDIAS / A LA EDUCACIÓN / Ediciones Sep / El Caballito CULTURA,https://lh3.googleusercontent.com/pw/AP1GczP2nEkJVh26O0v8UdHdu2HNeUJ_fblw4mByk3HwEiRMYunclCzPCIW1ED7An7rgv6KUf6PfOl4LP1FfJ7c2xJOKTScWvEiCRlcoDIKVEvq4I3gyiQA
rotadas/inventario-caja-1/007_AP1GczPfTi.jpg,LA SOCIEDAD MEXICANA CONTEMPORANI,Inventario caja #1,inventario-caja-1,007_AP1GczPfTi.jpg,0,92.2,SOCIEDAD MEXICANA DE ANTROPOLOGIA / LA SOCIEDAD MEXICANA / CONTEMPORANI / UNA VISION ANTROPOLOGICA / ALY,https://lh3.googleusercontent.com/pw/AP1GczPfTioU9d4aVcbnWSfiBoDd6E89RGYFN-HsmuDz_nik1j1L_HVetDJrVwQlu7-CwkILmW2tJ-yyVIqZoFkCTYY1n0fG-SQxurA0dLvSOWbHk2vwIcw
rotadas/inventario-caja-1/008_AP1GczPKUM.jpg,I Seminario sobre identidad,Inventario caja #1,inventario-caja-1,008_AP1GczPKUM.jpg,0,98.4,I Seminario sobre identidad / Leticia Irene Méndez y Mercado / Compiladora / INSTITUTO DE / INVESTIGACIONES / ANTROPOLOGICAS,https://lh3.googleusercontent.com/pw/AP1GczPKUMNhzn7ZBpSNt17GYOw1jrinrhwDlYMWWp510HycuMxkOOYFiVggy7juqT1nn1K9FhrnWcSWJ1uZRZ36fnzAe3JK3PCs9fDvVKjpm4vwI9hhwck
rotadas/inventario-caja-1/009_AP1GczMBhJ.jpg,Josafat Pichardo Paredes RABELAIS LA EDUCACIÓN Y EL RENACIMIENTO,Inventario caja #1,inventario-caja-1,009_AP1GczMBhJ.jpg,0,98.8,antología preparada por / Josafat Pichardo Paredes / RABELAIS / LA EDUCACIÓN / Y EL RENACIMIENTO / FRANCÉS / wwwwwwwww / Ediciones Sep / El Caballito CULTURA,https://lh3.googleusercontent.com/pw/AP1GczMBhJDWL0KFTM9l6TaSIdcqRF7Gp48LryozIrwWxOI20JWRIRX_oXnTxxinCKxCq_AwR1ALzemgcFHoaqfGclyypfBleNP6Smvz91aRP2J2LFBcjXI
rotadas/inventario-caja-1/010_AP1GczOudI.jpg,La Espiga y El Laurel,Inventario caja #1,inventario-caja-1,010_AP1GczOudI.jpg,0,97.9,La Espiga y El Laurel / 1947-1953 / La Espiga El Laurel / Cuaderno Notan / UNO / PROPOSITO / ASAR / el inputs ital / al bombre ca ital de a destino / elatas Trabajo Ma que el a traje veres su dolor durelere angudia yhd le perA / hyos para su Patria / Mesta / to Dabitidades costante inquietudes de prea lograr la del in humans discalive mediante I a int / Concluida la frena del vigi surge la mati fad del r / Kapica y es dan kole Laurel y estrella / las curta edastes liversaliza La y luka feli lad pratented en uts la fonald Trat milegria rasles la de vila pestro l prospera atas ml terales alleeta y de litere at I / bra que Elusty en un gim el hele de trasmitir mestra pole / blies expreugde uma vis / spirali otelle / tud de Msi que bando habrá de el data pingp l irate la real y estul sagita part Is / Desat in desperd / estidiana / ntrar a patio pro coumen y al difundirlasjev / En Páginas Inter inves / LAS der RE Antunio TAS HACER Y ORDENANZAN COMENTARIO Arriaga ATISBOS UN NONE MO PET LOHISPADO arles GICOS Y EL Armas PIRATA Jund DE U Barra MICHOACAN ALGUNOS LAFITTE Campo Salvador POEMAS LUCIO Pablo QUIE Reyva Ro NO / 1 / Serie Facsimilares Nicolaitas / Presentación y Notas / ALFONSO ESPITIA CARLOS ARENAS / ARTURO MOLINA / BIBLIOTECA DEL UNIVERSITARIO NICOLAITA / Universidad Michoacana de San Nicolás de Hidalgo,https://lh3.googleusercontent.com/pw/AP1GczOudIiaJ5yHO1_JKNSrsQLj0tXx3GcqCklKwSa4A0tnDBNjtLYVdKZ9-BwIyM-IYo-86gOIoJfa8lDM7I-golJKcacPUIZBuFVv9Ve01T0B77OFJwQ
rotadas/inventario-caja-1/011_AP1GczPqGF.jpg,Piedras viejas bajo el sol,Inventario caja #1,inventario-caja-1,011_AP1GczPqGF.jpg,0,91.7,Artemio de Valle Arizpe / Piedras viejas / bajo el sol,https://lh3.googleusercontent.com/pw/AP1GczPqGFts3hxc_qVy6ZaHhTwY1RWDeALT_UKSG1fM9_W67C6o2--WllmuQPk5P20LoQIf3TuoSS7bvwk5_t8Q4p6ZBoreEVPRzTAyn2JvXRGe78LXPWc
rotadas/inventario-caja-1/012_AP1GczPaIx.jpg,RELACIONES HISTORICAS,Inventario caja #1,inventario-caja-1,012_AP1GczPaIx.jpg,0,94.7,CARLOS DE SIGUENZA Y GONGORA / RELACIONES / HISTORICAS / PR / UNIVERSIDAD NACIONAL AUTONOMA DE MEXICO,https://lh3.googleusercontent.com/pw/AP1GczPaIxvP95gQhqz_n-NjCpn5u4ZxE5u5Ke2xqqoGC8VdFzDPJLjw15yl9z165ALTTNmc6DIXA-g8cpj84v6HvVPiPVBxMCWg9zgHcgkZH-u7yToLT-s
rotadas/inventario-caja-1/013_AP1GczMy0P.jpg,INTRODUCCION AL ESTUDIO DEL RABINAL ACHI,Inventario caja #1,inventario-caja-1,013_AP1GczMy0P.jpg,0,99.0,René Acuña / INTRODUCCION AL ESTUDIO / DEL RABINAL ACHI / UNAM / INSTITUTO DE INVESTIGACIONES FILOLOGICAS / CENTRO DE ESTUDIOS MAYAS / CUADERNO 12,https://lh3.googleusercontent.com/pw/AP1GczMy0P7fb33v1LhLU5KsRuMYFWEWbxTi-ftIHYmdQB_Ix1IKh-CQUBSUDo8dClRlk-ZDVjQ2d-2e5uig1pAlYDrEph-IncgNqACGRqhuTnZK7pmmS1k
rotadas/inventario-caja-1/014_AP1GczOJVQ.jpg,MONOGRAFIAS,Inventario caja #1,inventario-caja-1,014_AP1GczOJVQ.jpg,0,97.4,NON / cui / cui / 1co / MONOGRAFIAS / SERIE la orígenes comunidad luis felipe bate- de / Aprimitiva / 1 en patagonia,https://lh3.googleusercontent.com/pw/AP1GczOJVQegxfb0h88zaGE_YvcR0_l3CW8wj5fAcsFxN_a9-v7dLUYveemdl8ttxv8ap8ZDBKLxhmEgPmN1sOgUKkTHq-z43JLtiDDttUnLLtWsun86vAc
rotadas/inventario-caja-1/015_AP1GczPTck.jpg,México profundo,Inventario caja #1,inventario-caja-1,015_AP1GczPTck.jpg,0,96.6,Los NOVEN / México profundo / Una civilización negada / Guillermo Bonfil Batalla / Consejo Nacional / Cultura para la y las Artes grijalbo,https://lh3.googleusercontent.com/pw/AP1GczPTckqzgbOsC4HCIONfm4jjsPtR7wwAZ-_SZkoYxJ2rqRR8TTmaaFzG7pPvFfqIdNYTdAFf1QZSa4cPyiYoafr0TawENnkKang9dYBGwG6qU45bbPo
rotadas/inventario-caja-1/016_AP1GczMAGH.jpg,LA REVOLUCIÓN MADERISTA EN JALISCO,Inventario caja #1,inventario-caja-1,016_AP1GczMAGH.jpg,0,97.0,LA REVOLUCIÓN / MADERISTA / EN JALISCO / José Ramírez Flores / COLECCIÓN DE DOCUMENTOS PARA LA HISTORIA DE JALISCO -I,https://lh3.googleusercontent.com/pw/AP1GczMAGHzs8i6hFVdi7YQd8KJMZHEi3dTZW0xjNEYjP1fMW3HBUlRIuZFnNxpWXE9M6JZLCKBmYJXNE08AUtJ8w8r4yhXzylcbpV02iQWeLKHyNv_i2Q0
rotadas/inventario-caja-1/017_AP1GczN3pS.jpg,DE LOS AMMONITAS A LOS CABALLOS La memoria fósil de Durango JESÚS F. L'AZALDE,Inventario caja #1,inventario-caja-1,017_AP1GczN3pS.jpg,0,95.4,DE LOS / AMMONITAS A LOS CABALLOS / La memoria fósil de Durango / JESÚS F. L'AZALDE,https://lh3.googleusercontent.com/pw/AP1GczN3pSLpdHJoNfOhlOIW78LsLr0eePFMAPsuot7w8KQ-lX7z-hNZdK4mOaBmtMBGzwwtuGUfDkfmDh8VZvWug-hmtsAvLn4mpE_3biHAA5FQ2KczfYI
rotadas/inventario-caja-1/018_AP1GczNRgM.jpg,los cazadores,Inventario caja #1,inventario-caja-1,018_AP1GczNRgM.jpg,0,95.6,Elman R. Service / los / cazadores / wwwwww / nueva colección labor,https://lh3.googleusercontent.com/pw/AP1GczNRgMleGp_D05pki8fewxu_qt91mQE8X5QZIcZoaGWdI3YxzkZTzZ3TcyJTR0roqH3xIF2e6c3-glC8n7G7wKCb0uR2RMmc_J-c13_2gOHcwC-wj6I
rotadas/inventario-caja-1/019_AP1GczM_mL.jpg,NOTICIA TOPOGRAFICA DE LA INTENDENCIA DE CHIAPAS,Inventario caja #1,inventario-caja-1,019_AP1GczM_mL.jpg,0,98.9,NOTICIA TOPOGRAFICA DE / LA INTENDENCIA DE / CHIAPAS / AT / TRANSCRIPCION DE FRANS BLOM / NOTAS Y EDICION DE CARLOS NAVARRETE / SOCIEDAD MEXICANA DE ANTROPOLOGIA / INSTITUTO DE INVESTIGACIONES ANTROPOLOGICAS / UNAM 1981,https://lh3.googleusercontent.com/pw/AP1GczM_mLoa-Y_rCT60b7wck_a34Z1fslx30fLNNjcaPeP8RUICh8hvLSCMdp5G5EzEltQT6uB5WYYyRv4KBdvlS_0uCpic2pE_viwjzKXtHW73PvgFlsc
rotadas/inventario-caja-1/020_AP1GczNE4A.jpg,KAMASUTRA DE BARRO Sexualidad Precolombina,Inventario caja #1,inventario-caja-1,020_AP1GczNE4A.jpg,0,98.2,KAMASUTRA / DE BARRO / Sexualidad Precolombina,https://lh3.googleusercontent.com/pw/AP1GczNE4AJeussBnXycsaQCb6ZmdXFQHSu4cxDiu3RhvLIguCi_WTvLLH4xQxdB2VQIyNtMjZ95nDN7qiBlm18p_DnWtCGrZO45PyC2JqtldIfUPil934w
rotadas/inventario-caja-1/021_AP1GczOziU.jpg,ALINCHE DE LA HISTORIA AL MITO,Inventario caja #1,inventario-caja-1,021_AP1GczOziU.jpg,0,98.7,ALINCHE / DE LA HISTORIA AL MITO / FERNANDA NÚÑEZ BECERRA / Quittaubtique / COLECCIÓN DIVULGACIÓN,https://lh3.googleusercontent.com/pw/AP1GczOziUM41aLb5Ev15XF5GdWTf0ZhFJcaw-6_4KvA5rLplUgiNk7NWXTWQ3n5sz8I6PhpbhU6QdMK8MTtYkqzsGaGcvmxc5cUCoHg_zLF6OYs7RdMarU
rotadas/inventario-caja-1/022_AP1GczPRNn.jpg,Aralidad,Inventario caja #1,inventario-caja-1,022_AP1GczPRNn.jpg,0,88.8,Walter J.Ong / Aralidad / V escritura / Tecnologias de / la palabra / St,https://lh3.googleusercontent.com/pw/AP1GczPRNnHAv2lNmZzq5GX5WSw1YtQfJkDRurYc6nb3gDAleZX3ZP7WX1x0HLbc1zcbqOrJA3DSCrfz59ZgtOAZVI4WM4AeE9jp8WJ3RCuhQZENG-nf2a4
rotadas/inventario-caja-1/023_AP1GczP3bB.jpg,ACIONES,Inventario caja #1,inventario-caja-1,023_AP1GczP3bB.jpg,0,95.9,ACIONES / de Historia y Sociedad / Indice / de los números 1-35 / 1980-1988 / Por / Jorge Zepeda Patterson / EL COLEGIO DE MICHOACAN,https://lh3.googleusercontent.com/pw/AP1GczP3bBcoaeAT2-X9cKXvwqtG5Le0-bHsZ8ZFdLzTeaXIRRh54Gm6V4ZijOUYJxgDOrukhGiTiQSxWNXgo6Y4o0uWCzyfswD12gWMZyIQVLd6QvYPUx8
rotadas/inventario-caja-1/024_AP1GczPKV0.jpg,Emile Durkheim LAS FORMAS ELEMENTALES,Inventario caja #1,inventario-caja-1,024_AP1GczPKV0.jpg,0,98.3,Emile Durkheim / LAS FORMAS / ELEMENTALES / DE LA VIDA / RELIGIOSA / Colofón,https://lh3.googleusercontent.com/pw/AP1GczPKV01dL_5U_KpGxHoTLLbz4LmRe0IaPCMslJOcaHdGwB9cHWWEfE_lSCwpR0J7Bk3TCVq7veaxc20sOFvcFzp76y5dAZfxgqYBx0I41C35sKk2JI4
rotadas/inventario-caja-1/025_AP1GczNW3y.jpg,ARTE POPULAR Y ARTESANIAS ARTISTICAS,Inventario caja #1,inventario-caja-1,025_AP1GczNW3y.jpg,0,98.3,FIRIO MARTINEZ PENALOZA / ARTE / POPULAR / Y ARTESANIAS / ARTISTICAS / EN MEXICO / UN ACERCAMIENTO / segunda edición / JUS,https://lh3.googleusercontent.com/pw/AP1GczNW3yZJMNVTCReWfO1-2WX7e_1hanYx599zz_dbmSJk88E845eEuN5oBdG1pCPjfRqzXAoTKX1VK3JnR6drEBH4tgcVMW-LfqKh3EQ-54hryqS7_0g
rotadas/inventario-caja-1/026_AP1GczPl0N.jpg,Pedro Paz Arellano Coordinador Alfredo Hernández Angeles Virginia Isaak Basso Alejandra Massolo,Inventario caja #1,inventario-caja-1,026_AP1GczPl0N.jpg,0,98.7,Pedro Paz Arellano Coordinador / Alfredo Hernández Angeles / Virginia Isaak Basso / Alejandra Massolo / Leopoldo Rodríguez Morales / La rehabilitación / de la vivienda / una alternativa / para la conservación / de los centros históricos / Colección Divulgación / Instituto Nacional de Antropología e Historia,https://lh3.googleusercontent.com/pw/AP1GczPl0NZMVibFR1nZYaDqYxdDcFU9cexsfYNFe-LnfroB4Jm2lHpfMqu7hgP-3HBJVlCsehfw34QbCEKOfu1GOow0opHTNhC4kpDFHs6x43baDLSvLfw
rotadas/inventario-caja-1/027_AP1GczOLAu.jpg,Pedro Paz Arellano Coordinador Alfredo Hernández Angeles Virginia Isaak Basso Alejandra Massolo,Inventario caja #1,inventario-caja-1,027_AP1GczOLAu.jpg,0,97.8,Pedro Paz Arellano Coordinador / Alfredo Hernández Angeles / Virginia Isaak Basso / Alejandra Massolo / Leopoldo Rodríguez Morales / La rehabilitación / de la vivienda / una alternativa / para la conservación / de los centros históricos / Colección Divulgación / Instituto Nacional de Antropología e Historia,https://lh3.googleusercontent.com/pw/AP1GczOLAukYsycC4aaOi2pZrZiqDZWHieUez4EnoU0dOIcuT7-LkaKXWpz7dxE1YLfF0aVys6HDD5Llv5jIC2NjqNTtHUtpjkfVs6S7vhmjDq8EwzfMzoc
rotadas/inventario-caja-1/028_AP1GczMdVZ.jpg,La moderna crítica literaria francesa,Inventario caja #1,inventario-caja-1,028_AP1GczMdVZ.jpg,0,98.0,John K. Simon / La moderna crítica / literaria francesa / De Proust y Valéry al estructuralismo / Lengua y estudios literarios,https://lh3.googleusercontent.com/pw/AP1GczMdVZXuRXcXfpB3h6gjVK7v0A-_j3CgTLstrVnK-gNk1ThlaV5f4o3vcei0XRl6-X3iMcUQdT5fb8dW5XqGn09uwXzXDTtnnjz1wAOoJsCvBWkOtkg
rotadas/inventario-caja-1/029_AP1GczN5Vk.jpg,javier guerrero algunas consideraciones sobre las economías Primitivas,Inventario caja #1,inventario-caja-1,029_AP1GczN5Vk.jpg,0,98.2,col economia / javier guerrero / algunas / consideraciones sobre / las economías Primitivas,https://lh3.googleusercontent.com/pw/AP1GczN5VkYOW10f9tTIPdPN-vT8INzJfbWlYNUrOwl8DU1F7G6lCm2sk8_4yUelfbvC5LbIB9qxIavmM0Z6djSTm3H7pP20t5y0aVU3nEpNA9YlPPR66jI
rotadas/inventario-caja-1/030_AP1GczMihn.jpg,ANTROPOLOGIA Y ECONOMIA,Inventario caja #1,inventario-caja-1,030_AP1GczMihn.jpg,0,98.9,ANTROPOLOGIA Y ECONOMIA / Textos de Marx Maine Morgan Bücher / Malinowski Burling LeClair Jr. Polanyi / Dalton Kaplan Sahlins Wolf y Godeller / Compilados y prologados por / Maurice Godelier / EDITORIAL ANAGRAMA,https://lh3.googleusercontent.com/pw/AP1GczMihnFfpQ9jkc6uJUwJ16YlSUMmeEMVTIZpEOFvtxVaYXdq6qJy7TLGwycD0YCwDHKo-18XB9n-oIr4_fKxv-9rc45ROJlHxLjPM-CdhR_5DWKUhLg
rotadas/inventario-caja-1/031_AP1GczOWj5.jpg,MILLAN ANTONIO,Inventario caja #1,inventario-caja-1,031_AP1GczOWj5.jpg,0,99.2,MILLAN / ANTONIO / EL SIGNO LINGUISTICO,https://lh3.googleusercontent.com/pw/AP1GczOWj58YEu6dFxuVOLorkRL6FsgRkQ_Zx2EsSbhkRb7i_yxaWD2OOWKB5J0ZBWhTo2XZHMMCeT-a9Ga75pGb1yapXb9yZsUr1b0Y9IJJ7VQSIgx8vaE
rotadas/inventario-caja-1/032_AP1GczN30u.jpg,LA ACRÓPOLIS DE CANTONA,Inventario caja #1,inventario-caja-1,032_AP1GczN30u.jpg,0,96.3,LA ACRÓPOLIS / DE CANTONA / Proceso de desarrollo de su estructura urbana / YADIRA MARTÍNEZ CALLEJA / 008,https://lh3.googleusercontent.com/pw/AP1GczN30ufrDYTl4jVr27QRsEbKqDQaWUC5WzKC5teU8YVhDwkOCeNtnxOZzBtanjr_AfQGeJfLmOgPURm5ch1509xgqfrz2y1bXvX87T9m-yX5WQt1xnw
rotadas/inventario-caja-1/033_AP1GczOevO.jpg,Santa Clara tak del Cobre,Inventario caja #1,inventario-caja-1,033_AP1GczOevO.jpg,0,93.0,Una Artesanía / con Raíces Prehispánicas en / Santa Clara / tak del Cobre / MARIA LUISA HORCASITAS DE BARROS / 97 / COLECCION / CIENTIFICA / ETNOLOGIA,https://lh3.googleusercontent.com/pw/AP1GczOevOJABSn8_qYzDN-qFz5ZA_ehIeeU3f6U5PIxCIlKi7sHI22pdOArZNW9Q9v2FS0ClrqaOskXGDZmgI1rJ1xMn6-L4ylfDNzzTUFYzITczWjOhBI
rotadas/inventario-caja-1/034_AP1GczMh9q.jpg,Metodología del trabajo de conservación de conjuntos históricos,Inventario caja #1,inventario-caja-1,034_AP1GczMh9q.jpg,0,98.3,Metodología del trabajo de / conservación de conjuntos / históricos / eta Nacional de Comarocton Restaura y Museet / 2 / CUADERNO DE TRABAJO / INSTITUTO NACIONAL DE ANTROPOLOGIA E HISTORIA,https://lh3.googleusercontent.com/pw/AP1GczMh9qkmf-mPmJojSR6gcvpmD8xPmSBkpWC-LtcHQ9dTaH8tXFDPsTFeCXpqvUXETKKRrgOotOLf3X_T0GJIrxmpaABWfpGtPF9WGVC7hhExbwgRHec
rotadas/inventario-caja-1/035_AP1GczMqRm.jpg,ESTUDIO COMPARATIVO DE DOS ORGANIZACIONES INDUSTRIALES EN EL AREA DE TULA HGO,Inventario caja #1,inventario-caja-1,035_AP1GczMqRm.jpg,0,98.9,Cecilia Lezama Escalante / ESTUDIO COMPARATIVO DE DOS / ORGANIZACIONES INDUSTRIALES / EN EL AREA DE TULA HGO / PROYECTO TULA / 52 / COLECCION / CIENTIFICA / Antropología Social,https://lh3.googleusercontent.com/pw/AP1GczMqRmNneZVatq5b6Hf0lA7x-CzutSHeyJsrTFB6D1YIiLOihYmddGIF2vuxs8sWffSVaDUheKGPq_WHbVeKD66yDAfmwmc97bFGKtuvQNch4LS6OWk
rotadas/inventario-caja-1/036_AP1GczPtYd.jpg,Bibliografía mínima sobre cerámica,Inventario caja #1,inventario-caja-1,036_AP1GczPtYd.jpg,0,98.4,Bibliografía mínima sobre / cerámica / Gonzalo López Cervantes / Colección Fuentes / INSTITUTO NACIONAL DE ANTROPOLOGIA E HISTORIA,https://lh3.googleusercontent.com/pw/AP1GczPtYdzBISXgwuxALO52LcdQ0nzG-HSaiTMDoqDLiX5GhC2irZOfW4YytMT9FH0pVnUP1c6eEcSiZ190wb1Zi2QRZI3-EDVcYSJz-46NLZICJ3PYOKU
rotadas/inventario-caja-1/037_AP1GczN7qk.jpg,ARQUEOLOGIA Y ARQUITECTURA EN EL EX CONVENTO DE SAN JERONIMO,Inventario caja #1,inventario-caja-1,037_AP1GczN7qk.jpg,0,98.4,ARQUEOLOGIA Y ARQUITECTURA / EN EL EX CONVENTO / DE SAN JERONIMO / Ramón Carrasco Vargas / COLECCION CIENTIFICA,https://lh3.googleusercontent.com/pw/AP1GczN7qkaTnTcGWScWJ8kmf-Yiq_yZcnHj-7LvnP9LWCqeCxilgGprHxIybVczx82XPmUMqyO5KbqUEzLP0SnRPpXo6IlbmWtRnx1GIG01B2WJFgCIld8
rotadas/inventario-caja-1/038_AP1GczMEmm.jpg,EVIDENCIAS ARQUEOLOGICAS DE LA IMPORTACION DE CERAMICA EN MEXICO CON BASE EN LOS MATERIALES DEL EX CONVENTO,Inventario caja #1,inventario-caja-1,038_AP1GczMEmm.jpg,0,98.6,EVIDENCIAS ARQUEOLOGICAS / DE LA IMPORTACION DE CERAMICA / EN MEXICO CON BASE EN LOS / MATERIALES DEL EX CONVENTO / DE SAN JERONIMO / Patricia Fournier García / COLECCION CIENTIFICA,https://lh3.googleusercontent.com/pw/AP1GczMEmmYPQUPBrtvDM8JksiRqhZQaVWkCwRFr5lridirOIpc-g3lDshDF5maOYHEx3O20_u4c9dzSk2uLW2RQqSGhCBEUUZ6EDejxyBo7QgwFdiJss_I
rotadas/inventario-caja-1/039_AP1GczMfpO.jpg,HUANDACAREO LUGAR DE JUICIOS TRIBUNAL,Inventario caja #1,inventario-caja-1,039_AP1GczMfpO.jpg,0,98.7,HUANDACAREO LUGAR / DE JUICIOS TRIBUNAL / Angelina Macías Goytia,https://lh3.googleusercontent.com/pw/AP1GczMfpO0dYFFGByup_NcE8VMa6cr7Yk7l8SlrAcMesbn_fozTWl2bZJqQcWyO9hMSsRrb01b0XiaNr6Qw28q_n9_FZeUOD_JnFYgLrzIa8s7m9Pxo9Us
rotadas/inventario-caja-1/040_AP1GczNZyS.jpg,AL OKINACION,Inventario caja #1,inventario-caja-1,040_AP1GczNZyS.jpg,0,93.5,Caminos terrestres / al cielo / Contribución al estudio / del fenómeno romero / AL OKINACION / SANTUARIO / DE LA VIRGEN DE / GUADALUPE / Beatriz Barba de Piña Chán / Coordinadora,https://lh3.googleusercontent.com/pw/AP1GczNZyS_RgZXMGOy7ZRL_hGBGDYj2hwu87MeQlJMhztqkt68WuKgOjZYq-FD-8OhntqNbCJQyBjnmkWa7rh8iKLdAqxVTDMmDPKmIJuzsZery_AFrdJw
rotadas/inventario-caja-1/041_AP1GczPId6.jpg,Chalchibuite Homenaje a Doris Heyden,Inventario caja #1,inventario-caja-1,041_AP1GczPId6.jpg,0,97.1,Chalchibuite / Homenaje a / Doris Heyden / Ma de Jesús Rodríguez Shadow / Beatriz Barba de Piña Chán / Coordinadoras,https://lh3.googleusercontent.com/pw/AP1GczPId6yC2d8eIOL239qr_WTh7W9YSffF29iP6hz14wj6CMmtG8YV9nM8bQ93CfgYJHzfpgo1r5kklsHLxSq8UYHVSo8WZ5obBkRzjbB1UV6rM084h54
rotadas/inventario-caja-1/042_AP1GczNzDQ.jpg,Patrimonio histórico y cultural de México,Inventario caja #1,inventario-caja-1,042_AP1GczNzDQ.jpg,0,97.9,Patrimonio histórico / y cultural de México / IV Semana cultural / de la Dirección de Etnología / y Antropología Social / Ma Elena Morales Anduaga / Francisco J. Zamora Quintana / coordinadores / COLECCIÓN CIENTÍFICA,https://lh3.googleusercontent.com/pw/AP1GczNzDQQUacr649VKgbniYJsDLy5o79a9aviw95HuMOb29NpK5o3mE8Kw0ICRJ2IXCh4qRIdEbMWuioNNal2c8wjgHTlpFYvUV4B46zd1lY2DOS98w70
rotadas/inventario-caja-1/043_AP1GczPsl6.jpg,Las patas limpias,Inventario caja #1,inventario-caja-1,043_AP1GczPsl6.jpg,0,98.7,Las patas limpias / Mitos otomies del sur de Querétaro / Marcelo Abramo / REGIONES DE MÉXICO / INSTITUTO NACIONAL DE ANTROPOLOGÍA E HISTORIA,https://lh3.googleusercontent.com/pw/AP1GczPsl6aU4nGo4l3BgFP11MyttLMXUdqp_q8zQgzFJjTUyENwPFMmzsTrBjmo-jZB6MhjhLrexjdQUsqSvLUpbZcZ1cvNF-3VvAQ2Jtsc9PiFgKIMFWQ
rotadas/inventario-caja-1/044_AP1GczM4jN.jpg,LA VERBALIZACIÓN DE LO SAGRADO EL TERRITORIO SAGRADO NHÖ ÑHÖ DE SOMBRERETE CADEREYTA QUERÉTARO,Inventario caja #1,inventario-caja-1,044_AP1GczM4jN.jpg,0,97.4,LA VERBALIZACIÓN DE LO SAGRADO / EL TERRITORIO SAGRADO NHÖ ÑHÖ / DE SOMBRERETE / CADEREYTA QUERÉTARO / LUIS ENRIQUE FERRO VIDAL,https://lh3.googleusercontent.com/pw/AP1GczM4jN5HPD5yw863PCvTd1fC6KJn0WwHAQn9kf8fXtIM11iSKXQLy3uaiIbL0_J1sADQ_lps6WS-MygMgeLp5U2RswU2alNFysuiQy_ai6H7ksenTog
rotadas/inventario-caja-1/045_AP1GczPgTC.jpg,Xalisco la voz de un pueblo NOC en el siglo XVI,Inventario caja #1,inventario-caja-1,045_AP1GczPgTC.jpg,0,97.9,AVA CAL / CALICVAS / TA TAGIL / CAPASCHI / AN / TEBUCHICH / MECHT / MALISCO TOVA / MEGVACAN N A I / Xalisco / la voz de un pueblo / NOC en el siglo XVI / Thomas Calvo Eustaquio Celestino Magdalena Gómez / Jean Meyer Ricardo Xochitemol / P R C R N I / CIESAS CEMCA / eftreebo de magallanes,https://lh3.googleusercontent.com/pw/AP1GczPgTCDRS6HP-HMabW7_QHOBGAVkBmDU1f09x5UAP0TpBzb26ekaos8EO97Bdj5icUz2ScxjeILlF1JtYqReFTGlRSv9bgjMhROUq3poWW5ItKzANek
rotadas/inventario-caja-1/046_AP1GczMPQx.jpg,Catharine Good Eshelman ENDO LA LUCHA,Inventario caja #1,inventario-caja-1,046_AP1GczMPQx.jpg,0,98.7,Catharine Good Eshelman / ENDO LA LUCHA / io nahuas de Guerrero / wwwww / wwwwwwwww wwwwwww,https://lh3.googleusercontent.com/pw/AP1GczMPQxBFAjy2CzZoSLwgKeN4hbPHoB9_Pi9thLZXNHInJxWwGQ32LQ3iEIg11RIUWpFCVGr0kLKcD3ElDnk8VJB9d3S6dnmXChd5dUAmGsToq-YT7B8
rotadas/inventario-caja-1/047_AP1GczM0LL.jpg,Cyp 88,Inventario caja #1,inventario-caja-1,047_AP1GczM0LL.jpg,0,79.7,PARENTESCO Y / ECONOMÍA EN / UNA SOCIEDAD NAHUA / Cyp 88,https://lh3.googleusercontent.com/pw/AP1GczM0LLpY9uXwMa0sRp4S7XJ4YKLxysuk06Rx1g0Jj0pzgC8z1sU0PmnO2kztkeI8-NBg-LaVqmb9XvIdTczwYWPT5JK14KUm4WbtywqNr5BJnVkykLA
rotadas/inventario-caja-1/048_AP1GczNJHk.jpg,William J. McGee,Inventario caja #1,inventario-caja-1,048_AP1GczNJHk.jpg,0,97.5,William J. McGee / LOS SERIS / Sonora México / INSTITUTO NACIONAL INDIGENISTA,https://lh3.googleusercontent.com/pw/AP1GczNJHkn4YemzgHmvNnSS84vgfkMbMyqEhiWbAZejZOp07NhPTjzetSnko5TcXWNLHK2rKtO91Mbmrn7x5zbmJOgtvYBHSfuGLopKlj4UhfdyhKBIR2w
rotadas/inventario-caja-2/001_AP1GczMgAb.jpg,ANALES,Inventario caja #2,inventario-caja-2,001_AP1GczMgAb.jpg,0,98.5,ANALES / DEL / MUSEO MICHOACANO / NUMERO 3 / SEGUNDA EPOCA / SEPTIEMBRE 1944,https://lh3.googleusercontent.com/pw/AP1GczMgAbiDNYo2aG_MYVU0JrqBX6_UMBScUgM_MI5aYTLLfgdH3ytYPy3B-jjnPNTR5p5Js2r5zdjgf1HK3bhhN8aLXOLtGaGarhBpHFDd-LgXuRSxZUk
rotadas/inventario-caja-2/002_AP1GczNZyL.jpg,Metodología del trabajo de conservación de conjuntos históricos,Inventario caja #2,inventario-caja-2,002_AP1GczNZyL.jpg,0,98.3,Metodología del trabajo de / conservación de conjuntos / históricos / eta Nacional de Comarocton Restaura y Museet / 2 / CUADERNO DE TRABAJO / INSTITUTO NACIONAL DE ANTROPOLOGIA E HISTORIA,https://lh3.googleusercontent.com/pw/AP1GczNZyLj19tnFOPdq8tuny6J0wOYmwU7E6qNysLDiUTfiwO_sJWdNs_G7i0gJxUYuqKnJ7wD2uTVv7Ya3flTC68q44VbO3brlFK2ZrhoXEMB_xx0CWuA
rotadas/inventario-caja-2/003_AP1GczPZ0R.jpg,ESTUDIO COMPARATIVO DE DOS ORGANIZACIONES INDUSTRIALES EN EL AREA DE TULA HGO,Inventario caja #2,inventario-caja-2,003_AP1GczPZ0R.jpg,0,98.9,Cecilia Lezama Escalante / ESTUDIO COMPARATIVO DE DOS / ORGANIZACIONES INDUSTRIALES / EN EL AREA DE TULA HGO / PROYECTO TULA / 52 / COLECCION / CIENTIFICA / Antropología Social,https://lh3.googleusercontent.com/pw/AP1GczPZ0RA9Nfbb0e617pt16X11HqpDh1q-KbiEBfSmAVSyYu5rt74aiBD1uRykqjdP3Ggyg2tckhVefgBGzgvh6BfcTXOX8Sk2pcqjrv-a_Ue2RhN70gU
rotadas/inventario-caja-2/004_AP1GczMxSq.jpg,Bibliografía mínima sobre cerámica,Inventario caja #2,inventario-caja-2,004_AP1GczMxSq.jpg,0,98.4,Bibliografía mínima sobre / cerámica / Gonzalo López Cervantes / Colección Fuentes / INSTITUTO NACIONAL DE ANTROPOLOGIA E HISTORIA,https://lh3.googleusercontent.com/pw/AP1GczMxSqXJJeWTyB9U308C819SKfRp-yCnWfFi44FucoDAa-F9RqZQzKep6u9xEoz4nJwu0CtS64yZRtBvXbTEwNK4xJi5FoCyLbMz25QBA6QeHLU2qo4
rotadas/inventario-caja-2/005_AP1GczO669.jpg,EVIDENCIAS ARQUEOLOGICAS DE LA IMPORTACION DE CERAMICA EN MEXICO CON BASE EN LOS MATERIALES DEL EX CONVENTO,Inventario caja #2,inventario-caja-2,005_AP1GczO669.jpg,0,98.6,EVIDENCIAS ARQUEOLOGICAS / DE LA IMPORTACION DE CERAMICA / EN MEXICO CON BASE EN LOS / MATERIALES DEL EX CONVENTO / DE SAN JERONIMO / Patricia Fournier García / COLECCION CIENTIFICA,https://lh3.googleusercontent.com/pw/AP1GczO669bzRrON9AqX6GHq72vdkrYv85FvCf7Zcoty2p4bKp2ikFXxW_HvtFxwF_weZJatawB2xO-hQYdWSQMRmL6BKywdoNFukzltpV1MT6OGvfYkA38
rotadas/inventario-caja-2/006_AP1GczONDS.jpg,HUANDACAREO LUGAR DE JUICIOS TRIBUNAL,Inventario caja #2,inventario-caja-2,006_AP1GczONDS.jpg,0,98.7,HUANDACAREO LUGAR / DE JUICIOS TRIBUNAL / Angelina Macías Goytia,https://lh3.googleusercontent.com/pw/AP1GczONDSpKqwKTB5xzp9jCiUbbk3CDi6vXQKrlSc1gU2NVpiWrADBStx_5AxxHENlQUJxrBUvQqR6n3ytZhiPOhj_M0mp3KqPRqtFngwk8Wod993V6i9E
rotadas/inventario-caja-2/007_AP1GczOkgu.jpg,CULTURA Y COMUNICACIÓN EDMUND LEACH,Inventario caja #2,inventario-caja-2,007_AP1GczOkgu.jpg,0,97.7,CULTURA Y COMUNICACIÓN / EDMUND LEACH / IN MEMORIAM / JESÚS JÁUREGUI MARÍA EUGENIA OLAVARRÍA / Y VÍCTOR M. FRANCO PELLOTIER / COORDINADORES / UNIVERSIDAD AUTÓNOMA METROPOLITANA / ciesas Casa dorenta al tempo UNIDAD IZTAPALAPA División de Ciencias Sociales y Humanidades,https://lh3.googleusercontent.com/pw/AP1GczOkguUKP_aLEwVye0yqboFFLJQKSIyxjyT5gUkxbH5X8YQQc4rbu5GdU4h-pk56UGDlaz2eRaAlyU5E4TcnQwR4iweOqL_fdYkbZR4evyqQrzhDITc
rotadas/inventario-caja-2/008_AP1GczMffb.jpg,ARTE E ICONOGRAFÍA,Inventario caja #2,inventario-caja-2,008_AP1GczMffb.jpg,0,80.6,6TA SEMANA DE ARQUEOLOGÍA EN LEÓN / ARTE E ICONOGRAFÍA / O / CL.MICHETTI / 2018 / Coordinador / ARQLGO LUIS HUMBERTO CARLÍN VARGAS / U M MONTEA EDITORIAL / UNIVERSIDAD MERIDIANO A.C. COLECCIÓN ARQUEOLOGÍA,https://lh3.googleusercontent.com/pw/AP1GczMffbW_VDWfM_hilmtNUZXoa4loDkU22nVXCdvuRBkAmO6vwf4js6bC5v0DhQivnpLbOX62hW9nk2RRQvYF7uPcQIOf7ikH_5_qY5F8vJRP8W1u7QA
rotadas/inventario-caja-2/009_AP1GczMUqi.jpg,DE SUS VIAJEROS,Inventario caja #2,inventario-caja-2,009_AP1GczMUqi.jpg,0,97.7,BERTA FLORES SALINAS / MEXICO VISTO POR / ALGUNOS / DE SUS VIAJEROS / SIGLO XVIII / EDICIONES BOTAS MEXICO / 1 9 G 7,https://lh3.googleusercontent.com/pw/AP1GczMUqiYgaR75FR9VDw2YCpSmh1PB-qBlz5erlIen9RMdz2_VDGTBQLSxTcPuUM2SD3cwim3L35-FPii9jutSj_I0dt6WZ4sl_Dkhlj6vWdXi9t4Q_5M
rotadas/inventario-caja-2/010_AP1GczPKP7.jpg,MEXICO VISTO POR ALGUNOS DE SUS VIAJEROS SIGLOS XVI Y XVII,Inventario caja #2,inventario-caja-2,010_AP1GczPKP7.jpg,0,98.3,BERTA FLORES SALINAS / MEXICO VISTO POR / ALGUNOS / DE SUS VIAJEROS / SIGLOS XVI Y XVII / EDICIONES 1 EDICIONES BOTAS MEXICO / 6 4,https://lh3.googleusercontent.com/pw/AP1GczPKP7Ce61POKE4TwHWZTp61vJutSIwltqfkAv_QTUY3zuACZ9yE9I6_3xFgDoGkoB8sUczdPfJF5pIb4y6LVOu0cTNh5Yc4IhaGAXFhNHM4eA7iOm0
rotadas/inventario-caja-2/011_AP1GczMcBa.jpg,Cherán La adaptación de una comunidad tradicional de Michoacán,Inventario caja #2,inventario-caja-2,011_AP1GczMcBa.jpg,0,98.3,E / George Pierre Castile / Cherán / La adaptación de una / comunidad tradicional / de Michoacán / INSTITUTO NACIONAL INDIGENISTA,https://lh3.googleusercontent.com/pw/AP1GczMcBaHnM4dMT93dLB8hZPUFtDLCN-dLTOewZ_vy6CS3xUI8hKf8-oFry_eQOwRKXsrPcOjkzNLhVg3G1FpP-OUm1QZCZ7AyaVKROECkZ93AluZsNsY
rotadas/inventario-caja-2/012_AP1GczMfmH.jpg,HERMENEUTICA Y PRAXIS DEL INDIGENISMO,Inventario caja #2,inventario-caja-2,012_AP1GczMfmH.jpg,0,96.2,HERMENEUTICA / Y PRAXIS / DEL INDIGENISMO / LA NOVELA INDIGENISTA / DE CLORINDA MATTO / A JOSE MARIA ARGUEDAS / JULIO RODRIGUEZ LUIS / TIERRA FIRME fe,https://lh3.googleusercontent.com/pw/AP1GczMfmHeN1_dWqZgQ2F5-h8f35v5GrSb7194qXHlR6RtZTcs2weB4qsFxCYqDjHxowQ2u55A5Acm5jiyE6qMJFzkZqrU1DO9LD6ja87c81_bk2JkEiIA
rotadas/inventario-caja-2/013_AP1GczNu1C.jpg,La Isla del Tesoro,Inventario caja #2,inventario-caja-2,013_AP1GczNu1C.jpg,0,91.5,La Isla / del Tesoro / R. L. STEVENSON,https://lh3.googleusercontent.com/pw/AP1GczNu1Cd1yCIW9rqVvkbaKtbmjPFKNXYxYQrBZWXPpcX3r87_x2G3RJQaPiWT98XpfZlkMnQEa1SaQKd34SDOFmVNGYHNZkxZOGWb3nIQgqAQF4lWjss
rotadas/inventario-caja-2/014_AP1GczN0KD.jpg,B.TRAVEN,Inventario caja #2,inventario-caja-2,014_AP1GczN0KD.jpg,0,90.5,B.TRAVEN / Cuentos / gle Mexico / 6 / EDITORIAL ORIAL / AMSAROUS,https://lh3.googleusercontent.com/pw/AP1GczN0KD926sL5Ixa-23zg3JSoHh8m8H6ALoB6DL_jl4U94_3RJlhiLpUtdo-7BmtxSISCX7r4T7Qs9CT5-UbRaMNql_4I56RA_BDl6NdUGYAiCqFjZZY
rotadas/inventario-caja-2/015_AP1GczOKik.jpg,JAN NEEDLE,Inventario caja #2,inventario-caja-2,015_AP1GczOKik.jpg,0,97.0,JAN NEEDLE / ilustraciones de Luis Fernando Enríquez / el / LADRÓN D 60 ANIVERSARIO,https://lh3.googleusercontent.com/pw/AP1GczOKik8u-MfI2B9u6Xa8R51cL-FS9J13dYUjerZh0K6wJ-4gslwDbUvjmHmg31xhIx1enmpH_9b-T8MsOkihdDMRf_iOuINuhLAg9SK_GNn0S9kzDx8
rotadas/inventario-caja-2/016_AP1GczPQtF.jpg,By Love Possessed,Inventario caja #2,inventario-caja-2,016_AP1GczPQtF.jpg,0,97.2,JAMES GOULD COZZENS / By Love Possessed / Thereby to see the minutes how they run- / How many make the hour full complete / How many hours bring about the day / How many days will finish up the year / How many years a mortal man may live / -Henry VI / A / AMERKANO / COLEGIO PUERTO VALLA AC / DE LIBRARY / HARCOURT BRACE AND COMPANY NEW YORK,https://lh3.googleusercontent.com/pw/AP1GczPQtFA6K8GrjNra7Gy4mFAGvEHTBiOOBZL1sCzqZc-LTQUIG1Ef_TUOoqZd5M6Fsvnc0ytyArxIQfDNFSVoUE34DtjuvMDj0RCP5uKRre_lGzJkFbI
rotadas/inventario-caja-2/017_AP1GczNmIG.jpg,ELEMENTS OF GEOLOGY,Inventario caja #2,inventario-caja-2,017_AP1GczNmIG.jpg,0,98.9,ELEMENTS OF / GEOLOGY / A TEXT BOOK FOR COLLEGES AND FOR / THE GENERAL READER / BY / JOSEPH LE CONTE / AUTHOR OF RELIGION AND SCIENCE SIGHT AN EXPOSITION OF THE / PRINCIPLES OF MONOCULAR AND BINOCULAR VISION EVOLU / TION IN ITS RELATION TO RELIGIOUS THOUGHT ETC. / REVISED AND PARTLY REWRITTEN BY / HERMAN LE ROY FAIRCHILD / PROFESSOR OF GEOLOGY IN THE UNIVERSITY OF ROCHESTER / FIFTH EDITION REVISED AND ENLARGED / WITH NEW PLATES AND ILLUSTRATIONS / NEW YORK AND LONDON / D. APPLETON AND COMPANY / 1920,https://lh3.googleusercontent.com/pw/AP1GczNmIGcwMKvAnNcE5QryZs-gKZqgzP-ahKZ4BR0yWdesyA2M2p351xbugqXyBWa-NQoqfqpbCr-LZShRiS-sEexrV3m5vwyYRAmv3ahyi_7eJChglGI
rotadas/inventario-caja-2/018_AP1GczOxGP.jpg,PROBABILIDA Y ESTADÍSTICA,Inventario caja #2,inventario-caja-2,018_AP1GczOxGP.jpg,0,96.1,PROBABILIDA Y ESTADÍSTICA / WALPOLE O MYERS / CUARTA EDICIÓN / Hall,https://lh3.googleusercontent.com/pw/AP1GczOxGPUwEtvLx7cFw8TyeCTKv_t2M5n9-tlFN41DI4kv2BI_z7oclRO-wQHg7zQEVapdZtHb40MhRNYb1IXTPV4N_u6Ew2h8STXs4C5yoSgqMU4GU90
rotadas/inventario-caja-2/019_AP1GczOhWO.jpg,CÁLCULO,Inventario caja #2,inventario-caja-2,019_AP1GczOhWO.jpg,0,95.4,EDICIÓN REVISADA / CÁLCULO / Trascendentes / tempranas / JAMES STEWART Sexta edición,https://lh3.googleusercontent.com/pw/AP1GczOhWOOlU006IEoO4gkF5gpCZKy379z6-B_t1fbfvgHYm85AgeC-a6B4Siv7Zz8GjSJnj7YUq6wgyKl_Ncguj45sTAaeOi7UG21os4oPNxSFY9WReLk
rotadas/inventario-caja-2/020_AP1GczOMly.jpg,INVESTIGACIÓN,Inventario caja #2,inventario-caja-2,020_AP1GczOMly.jpg,0,97.8,INTRODUCCIÓN A LA / INVESTIGACIÓN / 2 DE OPERACIONES / 27 / MU OCTAVA EDICIÓN / 15 / Hillier Lieberman / 52483 / 0.3x 0.1x22.7 / 10 / Mc / Graw / Hill INCLUYN CD ROM,https://lh3.googleusercontent.com/pw/AP1GczOMlyMNX5nvn55rCUJgyHxEIn9Xlp3EErR2EZzB7c6SJCpaeqo4hwUMZknC9-Leq1YC1GeLPi14ItIeM-9h1tp5QR1fudR_oGaHJrt4sGz5G8MBBvk
rotadas/inventario-caja-2/021_AP1GczNG7T.jpg,Miguel León Portilla,Inventario caja #2,inventario-caja-2,021_AP1GczNG7T.jpg,0,98.1,Miguel León Portilla / BA / H / Mexico Tenochtitlan / su espacio / y tiempo sagrados / Instituto Nacional de Antropología e Historia,https://lh3.googleusercontent.com/pw/AP1GczNG7Tu-dswiA81YLj21tlOTdkUR3623tYM_p_-UhaCibcsbuy3pMgMztq-ouIaWb2QUkcQ5X5IX4bEzGRSlO330OHzg0nYnVoLptxa27oP_E_n5kVI
rotadas/inventario-caja-2/022_AP1GczNydI.jpg,Cerámica de Tonalá Jalisco,Inventario caja #2,inventario-caja-2,022_AP1GczNydI.jpg,0,98.4,Cerámica de Tonalá Jalisco / Colección del Museo Regional de Guadalajara / Gonzalo López Cervantes / COLECCION FUENTES / 219 INV,https://lh3.googleusercontent.com/pw/AP1GczNydI7KAxkVvjfElktfPVTDrkaneWVYqJTk2piDUVklJsbfMaHkri1m1PfomT2UOy4GypfAiAaNL8xAXaDC-99HTNlc8K1L9J9HQZLKWAyH_L8Z-lc
rotadas/inventario-caja-2/023_AP1GczP1mD.jpg,LOS POBLADORES PREHISPÁNICOS DE ACAPULCO,Inventario caja #2,inventario-caja-2,023_AP1GczP1mD.jpg,0,97.9,LOS POBLADORES / PREHISPÁNICOS DE ACAPULCO / Proyecto Arqueológico Renacimiento / Martha Eugenia Cabrera Guerrero / COLECCION CIENTIFICA / 199 INU,https://lh3.googleusercontent.com/pw/AP1GczP1mDG7I3YIN9F5wbkg-iN7XkPk4qSnhLh7PsreHpobRpgRLHk_Fnpjsq_y8QFQ3Rko-YStnu-Fz7XuqBH7Lm_y9G2BYCi4JGREOX6zw7Zi_E441_U
rotadas/inventario-caja-2/024_AP1GczOybu.jpg,EL CRONISTA,Inventario caja #2,inventario-caja-2,024_AP1GczOybu.jpg,0,93.4,ALBERTO MARIA CARREÑO / EL CRONISTA / LVIS GONZALEZ OBREGON / VIEJOS CUADROS / 5071 / EDICIONES BOTAS MEXICO,https://lh3.googleusercontent.com/pw/AP1GczOybuvwuvqqrmeGBwoTz97YodW5OEZSYzAEWlQ-EPt5roOFPeYLB5cgKsQS5ZmK4ReDzSU5rp0nLySSQm0c6_iClOA7gS8BMRMHwBbYzw_Tff6NK7M
rotadas/inventario-caja-2/025_AP1GczOYvc.jpg,GUANAJUATO Diez ensayos de su historia,Inventario caja #2,inventario-caja-2,025_AP1GczOYvc.jpg,0,99.0,Presidencia Municipal de Guanajuato / GUANAJUATO / Diez ensayos de su historia / Luis Fernando Díaz Sánchez / Dirección Municipal de Cultura,https://lh3.googleusercontent.com/pw/AP1GczOYvchYNzu9rTpQ23PE0LAIinA6S2AsqSkHQmqUtxguTo7AYIaFr-ynD-W17_onkiTXPbp7JtvZxhPDZR-jVUOenyD2RTXFMSKx5teq7549GaS4trE
rotadas/inventario-caja-2/026_AP1GczOg-c.jpg,Síntesis Arqueológica de Nayarit,Inventario caja #2,inventario-caja-2,026_AP1GczOg-c.jpg,0,98.7,Síntesis Arqueológica / de Nayarit / Mujer Desnuda Arrodillada / Tradición Tumbas de Tiro Clásico 200-600 d.C. Nayarit / Gabriela Zepeda García Moreno / A CONACULTA / Centro INAH Nayarit / Fundación Nayarit / Colección Rescate No. 7,https://lh3.googleusercontent.com/pw/AP1GczOg-ceR9FwrG7XDkUNOBRj3iJgj9tuPEKbJ9pw_rOdBHALZTCf-j4o6JFzcztG1OzLmk45hqhDIrSJJRcR3ozaQ2BzbY-64Cb1dCHcXOS7HGmNIp-4
rotadas/inventario-caja-2/027_AP1GczOCQn.jpg,SALGARI el capitán formentá 20,Inventario caja #2,inventario-caja-2,027_AP1GczOCQn.jpg,0,92.1,SALGARI el capitán formentá 20,https://lh3.googleusercontent.com/pw/AP1GczOCQnRWXNyDjeV9TGE1eOJp037D-DUW2eanES1hCcKPQ3W0T_M31JM9Qmv7rPDQWywpHzRFyCoJxzcu_8nK0Nshu3D0IuZjkqFfNazMv8lm5E_V2pc
rotadas/inventario-caja-2/028_AP1GczOB_J.jpg,Relates del Mundo Magles Mazateco,Inventario caja #2,inventario-caja-2,028_AP1GczOB_J.jpg,0,76.2,F / Relates del / Mundo Magles / Mazateco / Carlos Inchdustegui / SEP INOR / Instituto Nacional de Antropologia e Historia,https://lh3.googleusercontent.com/pw/AP1GczOB_JpoZvfO0toQRGcdV46Wwq9Ad7q9Lxyr6k7GlqPO2b0BaoR4io_FFSjOsHGr0uZ7PQs4h_Dt9kSsSew0AvPwKhycaTi8VykXIHu6p3fTtp5w_Pg
rotadas/inventario-caja-2/029_AP1GczMOGe.jpg,La Politica Indigenista en México,Inventario caja #2,inventario-caja-2,029_AP1GczMOGe.jpg,0,98.1,Gonzalo Aguirre Beltrán / Ricardo Pozas Arciniega / La Politica / Indigenista en / México / Métodos y Resultados / 1 / INSTITUTO NACIONAL INDIGENISTA,https://lh3.googleusercontent.com/pw/AP1GczMOGefuC7XrZx33pWVuwnbWlpZ5BNi1zcG7rh3gZTrOCsM8I9VhPTto_l_e8wxFgrfPKrUE242Q_NUzlRv3sDNmu1POj6znXXMB-nl116K8zribsOM
rotadas/inventario-caja-2/030_AP1GczOJE9.jpg,ORIGENES DEE HOMBRE DE LA SOCIEDAD Y DE LA CULTURA,Inventario caja #2,inventario-caja-2,030_AP1GczOJE9.jpg,0,97.1,RICARDO BARLETTA / ORIGENES DEE HOMBRE / DE LA SOCIEDAD / Y DE LA CULTURA / ESPANA ARTESSOS / YNOSOTROS / LOS ARGENTINOS / EDITORIAL PLUS ULTRA,https://lh3.googleusercontent.com/pw/AP1GczOJE9FvRzrsBsP6BTNRjruU6FTlpFtN7zGTLBIc73_jAnHOrffKVqM7Yu44xjUWwbCMmL4c_gsZd1zGcf3BSDDbu9cwMTsxEO3MpAVd-3cueHMaFvQ
rotadas/inventario-caja-2/031_AP1GczNNIL.jpg,Pierre Durand NANACATLÁN,Inventario caja #2,inventario-caja-2,031_AP1GczNNIL.jpg,0,94.3,Pierre Durand / NANACATLÁN / SOCIEDAD CAMPESINAY LUCHA / DE CLASES EN MÉXICO,https://lh3.googleusercontent.com/pw/AP1GczNNILfcMt43dipoyQAkYZYlZBi6RuL0564MrZOplizmr99V3V0OX5UXz5mpARfPbrK8YRv3L5DDGIWU9d9QTOZJBUXkdXx_BuweS8ez1twJAbGCd4M
rotadas/inventario-caja-2/032_AP1GczPEze.jpg,WESTERN MEXICO,Inventario caja #2,inventario-caja-2,032_AP1GczPEze.jpg,0,79.4,WESTERN MEXICO / NATIONAL MUSEUM OF ANTHROPOLOGY,https://lh3.googleusercontent.com/pw/AP1GczPEzeyk7YHwMukkHRKO-U66iDhC56EOX-JM6kTDaswfIxuN3qOxW9VaXj8PJ7dLU06BaGy_cmqTi4N_xp75uG04P9JiZpSbZSkAD_HHdvSNVAM15BM
